user_id,item_id,label_type,label_time,timestamp,user_int_feats_1,user_int_feats_3,user_int_feats_4,user_int_feats_15,user_int_feats_48,user_int_feats_49,user_int_feats_50,user_int_feats_51,user_int_feats_52,user_int_feats_53,user_int_feats_54,user_int_feats_55,user_int_feats_56,user_int_feats_57,user_int_feats_58,user_int_feats_59,user_int_feats_60,user_int_feats_62,user_int_feats_63,user_int_feats_64,user_int_feats_65,user_int_feats_66,user_int_feats_80,user_int_feats_82,user_int_feats_86,user_int_feats_89,user_int_feats_90,user_int_feats_91,user_int_feats_92,user_int_feats_93,user_int_feats_94,user_int_feats_95,user_int_feats_96,user_int_feats_97,user_int_feats_98,user_int_feats_99,user_int_feats_100,user_int_feats_101,user_int_feats_102,user_int_feats_103,user_int_feats_104,user_int_feats_105,user_int_feats_106,user_int_feats_107,user_int_feats_108,user_int_feats_109,user_dense_feats_61,user_dense_feats_62,user_dense_feats_63,user_dense_feats_64,user_dense_feats_65,user_dense_feats_66,user_dense_feats_87,user_dense_feats_89,user_dense_feats_90,user_dense_feats_91,item_int_feats_5,item_int_feats_6,item_int_feats_7,item_int_feats_8,item_int_feats_9,item_int_feats_10,item_int_feats_11,item_int_feats_12,item_int_feats_13,item_int_feats_16,item_int_feats_81,item_int_feats_83,item_int_feats_84,item_int_feats_85,domain_a_seq_38,domain_a_seq_39,domain_a_seq_40,domain_a_seq_41,domain_a_seq_42,domain_a_seq_43,domain_a_seq_44,domain_a_seq_45,domain_a_seq_46,domain_b_seq_67,domain_b_seq_68,domain_b_seq_69,domain_b_seq_70,domain_b_seq_71,domain_b_seq_72,domain_b_seq_73,domain_b_seq_74,domain_b_seq_75,domain_b_seq_76,domain_b_seq_77,domain_b_seq_78,domain_b_seq_79,domain_b_seq_88,domain_c_seq_27,domain_c_seq_28,domain_c_seq_29,domain_c_seq_30,domain_c_seq_31,domain_c_seq_32,domain_c_seq_33,domain_c_seq_34,domain_c_seq_35,domain_c_seq_36,domain_c_seq_37,domain_c_seq_47,domain_d_seq_17,domain_d_seq_18,domain_d_seq_19,domain_d_seq_20,domain_d_seq_21,domain_d_seq_22,domain_d_seq_23,domain_d_seq_24,domain_d_seq_25,domain_d_seq_26
3864676,103989760,1,1772725413,1772725140,4,1753.0,6.0,[928 556 538 739  94],42.0,2.0,1.0,56.0,24.0,101.0,810.0,41.0,681.0,111.0,1.0,3.0,[2],[6 4],[ 9 15 45 36],[ 2 50 23],[ 46  94 166 183],[ 649   63 1383   18],[8 6],18.0,,[0 9 9 2 2 8 2 3 3 8],[0 9 2 5 4 3 3 2 4 9],[0 4 9 3 5 4 6 9 5 2],1.0,3.0,,3.0,1.0,3.0,3.0,,,,,3.0,,2.0,2.0,1.0,,,"[ 1.08620211e-01 -2.05863267e-02  9.29008573e-02  2.90138163e-02
 -3.63766551e-02  4.05503027e-02  4.70417142e-02  4.07847054e-02
 -8.54169950e-02  9.19176489e-02  9.26933251e-03  3.20890024e-02
 -5.63134775e-02  1.37376727e-03  1.08550034e-01 -4.47302200e-02
  5.88746294e-02  1.19951030e-03  4.37393785e-02 -8.77275318e-02
  1.91174708e-02 -6.32305443e-02  1.35283661e-03  5.02411947e-02
 -9.17022899e-02 -3.78470123e-02 -1.13863818e-01  2.03729421e-02
  5.24204448e-02 -6.02824725e-02 -9.54635367e-02  1.32302031e-01
  4.90003787e-02  5.19653559e-02  1.24107182e-01  1.31950215e-01
 -1.56056881e-01 -1.80524327e-02 -4.14993465e-02  3.18409316e-02
 -8.96519050e-02 -1.44660790e-02  4.19586822e-02 -5.51458355e-03
  8.96822568e-03 -5.11931777e-02 -6.09394051e-02  3.10786106e-02
 -7.19491690e-02  1.11695789e-01 -3.34180333e-02 -4.56376374e-03
  3.05319279e-02 -1.97237459e-04  5.38039580e-03  7.77093577e-04
  9.85309482e-02  3.84976342e-02 -1.66637935e-02  1.08724870e-01
  3.00172046e-02 -1.47742359e-02 -9.36367065e-02 -1.09094709e-01
  2.94451718e-04  9.65688936e-03  4.76334617e-02  2.22074054e-02
 -9.25358534e-02  9.99284759e-02 -3.11221629e-02  5.39614353e-03
 -1.31799296e-01  9.91811827e-02 -7.59009793e-02  1.34617344e-01
  1.00621082e-01  6.74541965e-02  9.28390189e-04 -4.50722277e-02
 -5.91389127e-02  4.51242998e-02  3.47914249e-02 -2.31687492e-03
  3.70021984e-02 -1.18378945e-01  2.71117277e-02 -1.13022819e-01
 -1.12971908e-03  1.11182548e-01  1.03914076e-02  4.76956181e-02
  2.05976311e-02 -3.20857763e-02 -1.75510943e-02 -4.00297008e-02
  2.30925828e-02  9.17558442e-04 -6.78319205e-03  3.26709263e-02
 -1.16365798e-01 -9.94877964e-02 -5.99108301e-02 -3.19177061e-02
  9.97531600e-03 -6.20538145e-02 -4.62237336e-02 -1.85971335e-02
  1.32171856e-02 -8.90647024e-02  3.40485163e-02 -3.27044986e-02
  8.58238637e-02  1.22945204e-01 -5.97200729e-02  6.25060648e-02
 -1.95450522e-02  5.75291738e-03 -1.42469350e-02  8.89100060e-02
 -2.17910372e-02  5.23870485e-03  1.14075951e-02  7.84653574e-02
 -9.93873328e-02  7.79071997e-04 -7.80163845e-03 -4.05024737e-03
  3.93414944e-02 -5.34206219e-02  3.35703306e-02  5.19512556e-02
 -7.38253742e-02 -7.87849501e-02 -6.51264936e-02 -3.51138934e-02
 -3.75515074e-02 -4.13027033e-02 -6.66509196e-02 -1.23090418e-02
 -2.75566280e-02 -3.38314958e-02 -8.97514075e-02  7.32204765e-02
 -8.16985220e-02 -5.33015095e-03  2.02026591e-02 -2.04754528e-02
 -6.10514451e-03 -1.28734289e-02  8.89749303e-02  1.51555357e-03
  5.06059639e-02 -6.29176572e-02 -7.13833142e-05 -2.71972362e-02
  1.49177071e-02 -1.74528789e-02 -8.45217705e-02 -1.70823205e-02
 -1.42521970e-03  1.64070688e-02 -9.05576721e-02 -3.93515006e-02
  1.04615893e-02 -2.45684683e-02 -1.32440940e-01 -7.32493028e-02
  1.16138063e-01 -7.69194514e-02  6.44015819e-02 -2.24119052e-03
  9.13295895e-03 -9.66654904e-03  2.54658535e-02 -5.05848899e-02
  3.26871164e-02 -1.17291570e-01 -7.38278255e-02 -6.55990392e-02
 -4.51244675e-02  6.24993593e-02  9.43519324e-02  9.60971788e-02
 -7.49847218e-02 -9.90180075e-02 -1.19828377e-02 -1.38401464e-02
  6.08704127e-02  4.98459302e-03 -1.00623034e-01  5.80304749e-02
  1.24128098e-02  6.13178872e-02  1.03976756e-01 -1.13319919e-01
 -3.72937359e-02  7.67655224e-02  1.92337148e-02 -9.16517079e-02
 -2.60670558e-02 -7.88688287e-02  1.22971926e-02  7.10686743e-02
 -5.54457530e-02  4.78194328e-03  9.06136185e-02 -2.03318242e-02
 -6.11256808e-02 -1.03774615e-01  3.78014073e-02 -7.29634464e-02
 -4.04927880e-02 -8.91216695e-02  1.40422944e-03  7.22824782e-02
  7.26090446e-02 -9.69708785e-02  6.49058819e-02  2.45342180e-02
  4.65423614e-02 -5.09029143e-02  4.03222442e-02  9.26859528e-02
  2.77173575e-02 -1.95324421e-02  5.91031164e-02 -2.32435036e-02
  1.67726614e-02  1.17994912e-01 -7.31875747e-03  1.24965087e-02
  1.73389971e-01 -2.72881724e-02 -4.75023966e-03 -1.28927617e-03
 -4.43714857e-02 -9.26280096e-02 -3.39772785e-03 -1.37579981e-02
 -6.63234740e-02  1.76848061e-02  5.06930277e-02  5.58490194e-02
  1.89841706e-02 -6.25821277e-02 -4.44266796e-02 -2.20321994e-02
 -2.24558860e-02  6.97144642e-02  3.49887535e-02 -1.15353696e-01
 -7.63001293e-03 -7.94456080e-02 -4.48797923e-03 -3.12887616e-02]",[31722.5     6254.6665],[60427.  17337.   3018.    713.5],[31722.5 17337.    713.5],[17337.  3018.  1129.   298.],[17337.  3018.  1129.   298.],"[-0.1093 -0.0052  0.0193 -0.197   0.0865  0.0533  0.2245  0.0311 -0.1437
 -0.2523  0.2283  0.0684 -0.1028  0.1121 -0.1453  0.0856  0.0811  0.2193
  0.072   0.096   0.1642  0.0946  0.1031 -0.3744  0.1011 -0.2557 -0.1784
  0.1299 -0.5357 -0.0068  0.0141  0.1647  0.0485  0.129  -0.0907 -0.0087
  0.3207  0.0891  0.2294  0.0522 -0.0287 -0.0426 -0.0547 -0.0858 -0.2085
 -0.0028 -0.2504 -0.075   0.4067  0.2363 -0.1718 -0.1398  0.1789 -0.0165
 -0.1755 -0.4074  0.0967  0.1317 -0.3535 -0.0468 -0.0558  0.0504  0.0416
  0.1457 -0.0042 -0.1829  0.0997 -0.0661  0.2552  0.1606  0.216  -0.0062
 -0.0327 -0.1095  0.0405 -0.1251 -0.2549  0.2763 -0.1666  0.0086  0.0454
  0.4948 -0.2326 -0.13   -0.0549 -0.2067  0.1521 -0.2545  0.1953 -0.0621
 -0.2864 -0.1582 -0.0304 -0.0159 -0.0761  0.0867  0.1978 -0.0669  0.0333
  0.0391  0.3585 -0.0798  0.0475  0.1664 -0.1191  0.185  -0.1317  0.1467
 -0.3768 -0.0215 -0.1256  0.2738 -0.0623  0.3892  0.1667 -0.1534  0.0305
  0.0492 -0.0238 -0.2788  0.0792 -0.0687 -0.1819  0.0878 -0.1401 -0.2792
  0.0171  0.1746 -0.0581  0.022   0.0847 -0.2776  0.0503  0.1164  0.0397
  0.0251 -0.1091  0.2851  0.1007 -0.0056 -0.3549  0.0296  0.085   0.0289
  0.0931  0.3475 -0.0438 -0.2258  0.1753 -0.0819  0.2287 -0.3314 -0.0525
  0.1825 -0.2375  0.2057 -0.0916 -0.1449 -0.0948  0.3167  0.0111 -0.0303
 -0.219  -0.1187  0.1514  0.0155  0.0743  0.0913 -0.1501 -0.0242 -0.1014
 -0.2011 -0.4803 -0.0254 -0.1036  0.1576  0.1694  0.1602  0.0618 -0.1707
 -0.1855  0.0326 -0.0614 -0.394   0.0609  0.2216 -0.1955 -0.0133 -0.3464
  0.1466  0.154   0.1448  0.0737 -0.1209 -0.115  -0.0968  0.1241 -0.1711
 -0.023  -0.0547 -0.066   0.0909  0.0814  0.2715 -0.257   0.1547 -0.2928
  0.1279  0.1756  0.4099 -0.2253 -0.2045 -0.1139 -0.0173 -0.0349 -0.319
  0.3512 -0.1056 -0.1388 -0.0563 -0.1649  0.0931 -0.1536 -0.0081  0.
  0.      0.      0.      0.      0.      0.      0.      0.      0.
  0.      0.      0.      0.      0.      0.      0.      0.      0.
  0.      0.      0.      0.      0.      0.      0.      0.      0.
  0.      0.      0.      0.      0.      0.      0.      0.      0.
  0.      0.      0.      0.      0.      0.      0.      0.      0.
  0.      0.      0.      0.      0.      0.      0.      0.      0.
  0.      0.      0.      0.      0.      0.      0.      0.      0.
  0.      0.      0.      0.      0.      0.      0.      0.      0.
  0.      0.      0.      0.      0.      0.      0.      0.      0.
  0.      0.      0.      0.      0.      0.      0.      0.      0.
  0.      0.      0.      0.      0.    ]","[-0.0044 -0.1074  0.1108  0.7048  0.2637 -0.5479 -0.3195 -0.0867 -0.012
 -0.0019]","[-0.0042 -0.096   0.0853  0.6986  0.2819 -0.5583 -0.312  -0.0827 -0.0113
 -0.0018]","[-0.0065 -0.2164  0.3663  0.7118  0.0537 -0.396  -0.3708 -0.1218 -0.0179
 -0.0025]",161.0,893.0,0.0,0.0,30.0,64.0,[2980 2770],0.0,6.0,18629.0,0.0,,,,"[     0      0      0 764162      0      0      0      0 502217      0
      0      0      0      0      0      0      0      0      0      0
      0      0      0      0      0      0      0      0      0      0
      0      0      0      0      0      0      0      0      0      0
      0      0      0      0      0 756750      0      0      0      0
      0      0      0      0      0      0      0      0      0      0
      0      0      0      0      0      0      0      0      0      0
 196802      0      0      0      0      0      0      0      0      0
      0      0      0      0      0      0      0 612369      0      0
      0      0      0      0      0      0      0      0      0      0
      0      0      0      0      0      0      0      0      0      0
      0      0      0      0      0      0      0      0      0      0
      0      0      0      0 405981      0      0      0      0      0
      0      0      0      0  57919      0      0      0      0      0
      0      0      0      0      0      0      0      0      0      0
      0      0      0      0      0  29538  29538  29538      0      0
      0      0      0      0      0      0      0      0      0      0
      0      0      0      0      0      0      0      0      0      0
      0      0      0      0      0      0      0      0      0      0
      0      0      0      0      0      0 683462      0      0      0
      0      0      0      0      0      0      0      0 672230      0
      0 663257      0      0      0      0      0      0      0      0
      0      0      0      0      0      0      0      0      0      0
      0      0      0      0      0      0      0      0      0      0
      0      0      0      0      0      0      0 480277      0      0
      0      0      0      0      0      0      0      0      0      0
      0      0      0      0      0      0      0      0      0      0
      0      0      0      0      0      0      0      0      0      0
      0      0      0      0      0      0      0      0      0      0
      0      0      0      0      0      0      0      0      0      0
      0      0      0      0      0      0      0      0      0      0
      0      0      0      0      0      0      0      0      0      0
      0      0      0      0 175630      0      0      0      0      0
      0      0      0      0      0      0      0      0      0      0
      0      0      0      0      0      0      0      0      0      0
      0      0      0      0      0      0      0      0      0      0
      0      0      0      0      0      0      0      0      0      0
      0      0      0      0      0      0      0      0      0      0
      0      0      0      0      0      0      0      0      0      0
      0      0      0      0      0      0      0      0      0      0
      0      0      0      0      0      0      0      0      0      0
      0      0      0      0      0      0      0      0      0      0
      0      0      0      0      0      0      0      0      0      0
      0      0      0      0 801287 742992 801287      0      0      0
      0      0      0      0      0      0      0      0      0      0
      0      0      0      0      0      0      0      0      0      0
      0      0      0      0      0      0      0      0      0      0
      0      0      0      0      0      0      0      0      0 392599
      0      0      0      0      0      0      0      0      0      0
      0      0      0      0      0 173325      0      0      0      0
      0      0      0      0      0      0      0      0      0      0
      0      0      0      0      0      0      0      0      0      0
      0      0      0      0      0 790270      0      0      0      0
      0      0      0      0      0      0      0      0      0      0
      0      0      0      0      0      0      0      0      0      0
      0      0      0      0      0      0      0      0      0      0
      0      0      0      0      0      0      0      0      0      0
      0      0      0      0      0      0      0      0      0      0
      0      0      0      0      0 562119 545233      0      0      0
      0      0      0      0      0      0      0      0      0      0
      0      0      0      0      0      0      0      0      0      0
      0      0      0      0      0      0      0      0      0      0
      0      0      0      0      0      0      0      0      0      0
      0      0      0      0      0      0      0      0      0      0
      0      0      0      0      0      0      0      0      0 402522
      0      0      0      0      0      0      0      0      0      0
      0      0      0      0 316640      0      0      0      0      0
      0      0      0      0      0      0      0      0      0 344525
 341445 553691]","[1772695320 1772626560 1772603941 1772553447 1772541780 1772461020
 1772459460 1772233964 1772104628 1772077080 1771902480 1771854000
 1771845812 1771776420 1771752218 1771731955 1771716905 1771682523
 1771682515 1771682514 1771682514 1771682509 1771682508 1771682502
 1771669740 1771565700 1771565100 1771435220 1771140604 1771096860
 1771069800 1771042740 1771030620 1771030560 1771030320 1771004100
 1770986820 1770986700 1770944400 1770901012 1770901006 1770812700
 1770803580 1770803520 1770800040 1770795245 1770782820 1770777720
 1770777540 1770721080 1770702559 1770702399 1770702399 1770688260
 1770688200 1770688140 1770628500 1770622773 1770551220 1770550680
 1770473100 1770458520 1770431580 1770431520 1770387960 1770363060
 1770360900 1770360660 1770134880 1770113021 1770113021 1770113020
 1770094440 1770045360 1770041460 1770018000 1770015480 1769961312
 1769942340 1769942220 1769942040 1769937360 1769937180 1769879640
 1769879580 1769834580 1769831580 1769789694 1769785320 1769780940
 1769772120 1769764440 1769692980 1769683260 1769683140 1769667060
 1769651940 1769644839 1769599200 1769590091 1769588880 1769523326
 1769516513 1769516508 1769504580 1769434325 1769414100 1769396700
 1769351340 1769341440 1769341140 1769326260 1769326260 1769326200
 1769326140 1769326020 1769323920 1769321880 1769321760 1769321700
 1769260680 1769257500 1769256840 1769253900 1769184928 1769181060
 1769155308 1769144446 1769069206 1769062320 1769046348 1769009340
 1769001780 1769001660 1769000005 1768978680 1768835116 1768823220
 1768496552 1768496452 1768495829 1768493100 1768485201 1768476857
 1768464540 1768452124 1768403460 1768393518 1768375592 1768371368
 1768369969 1768361556 1768361306 1768356517 1768274158 1768231984
 1768231983 1768231970 1768226669 1768113960 1768113900 1768053480
 1768053360 1768003140 1767970860 1767941640 1767841140 1767841020
 1767840300 1767839723 1767681000 1767595980 1767530760 1767516960
 1767507480 1767501180 1767501060 1767449280 1767449220 1767449100
 1767448380 1767448260 1767351180 1767165720 1767014220 1766991600
 1766813839 1766791560 1766791500 1766791399 1766791260 1766680260
 1766637720 1766621280 1766484360 1766484231 1766484226 1766463240
 1766462940 1766462880 1766456460 1766456340 1766412960 1766377380
 1766297400 1766286960 1766231700 1766207220 1766198339 1766198339
 1766198338 1766198336 1766025225 1766025203 1766024280 1765983660
 1765969260 1765957020 1765860301 1765611300 1765611257 1765587480
 1765586400 1765528140 1765527840 1765527420 1765526820 1765502640
 1765502580 1765490640 1765465800 1765464420 1765463460 1765461960
 1765437240 1765436460 1765337448 1765280580 1765280520 1765280400
 1765253280 1765252680 1765245720 1765237980 1765201620 1765091940
 1764971700 1764935741 1764929002 1764918960 1764882631 1764878133
 1764877708 1764850140 1764816666 1764814919 1764797562 1764795453
 1764789687 1764785961 1764776337 1764772770 1764772239 1764739986
 1764731460 1764731100 1764731040 1764720720 1764718656 1764702098
 1764699873 1764694764 1764658147 1764638423 1764636780 1764632820
 1764631020 1764619019 1764614959 1764613846 1764604440 1764604260
 1764604200 1764604200 1764604080 1764596883 1764596508 1764590160
 1764587408 1764570910 1764549706 1764538164 1764471962 1764414389
 1764414389 1764347334 1764345660 1764332624 1764327840 1764327660
 1764311400 1764282651 1764274837 1764265680 1764263880 1764262860
 1764242625 1764221239 1764218460 1764218220 1764218100 1764218040
 1764217920 1764202680 1764170794 1764165925 1764152881 1764134164
 1764130390 1764126141 1764073200 1764069845 1764057530 1764050690
 1763999638 1763994451 1763988642 1763975448 1763911588 1763896680
 1763894018 1763892506 1763881932 1763879012 1763876060 1763856660
 1763817335 1763804999 1763741460 1763741460 1763739300 1763720100
 1763714100 1763712901 1763654255 1763653380 1763641821 1763620320
 1763619746 1763615880 1763611320 1763611140 1763610952 1763597700
 1763597580 1763597580 1763597520 1763597460 1763597460 1763571900
 1763538785 1763537640 1763537640 1763535960 1763440798 1763433840
 1763420700 1763420460 1763388540 1763388480 1763384400 1763383980
 1763383320 1763383320 1763368375 1763360700 1763360460 1763351400
 1763344515 1763280360 1763279988 1763279160 1763278860 1763278500
 1763277840 1763276820 1763276280 1763276220 1763274780 1763274540
 1763274480 1763269201 1763215620 1763215080 1763213291 1763209666
 1763209577 1763204400 1763203620 1763203380 1763202960 1763193420
 1763185740 1763185560 1763177580 1763177160 1763177100 1763175780
 1763175720 1763175720 1763133780 1763129160 1763128740 1763128140
 1763128080 1763127960 1763113232 1763022780 1763004900 1763002418
 1762845480 1762832700 1762783500 1762478280 1762468440 1762357560
 1762335633 1762331820 1762331760 1762331340 1762330680 1762330440
 1762328580 1762327680 1762327558 1762327558 1762327558 1762322325
 1762318447 1762314569 1762264440 1762259147 1762246670 1762223582
 1762212960 1762178087 1762175214 1762156752 1762152960 1762151270
 1762151005 1762099229 1762076897 1762071374 1762071060 1762071060
 1762070940 1762070940 1762070880 1762070880 1762068300 1762068060
 1762061851 1762058722 1762028413 1761997115 1761995760 1761990511
 1761983010 1761976260 1761975840 1761975720 1761974976 1761971458
 1761930943 1761832560 1761831110 1761817800 1761782880 1761782760
 1761745750 1761742669 1761737388 1761733620 1761733560 1761731640
 1761727474 1761725553 1761723201 1761721500 1761715898 1761653679
 1761649424 1761640934 1761636952 1761571464 1761561586 1761542340
 1761536112 1761536076 1761487233 1761470640 1761464745 1761456527
 1761455446 1761436020 1761434880 1761404212 1761399540 1761399000
 1761397500 1761395905 1761395904 1761395904 1761368622 1761366336
 1761361020 1761359940 1761358620 1761358560 1761322856 1761302712
 1761295140 1761289380 1761286920 1761286830 1761285540 1761260736
 1761224648 1761205800 1761205080 1761138052 1761130999 1761122073
 1761114187 1761055855 1761038413 1761033431 1761026422 1761024868
 1761015533 1761013320 1761011460 1760963838 1760962740 1760962620
 1760962320 1760960820 1760957978 1760956800 1760943180 1760943000
 1760941281 1760891321 1760887564 1760885940 1760884800 1760884380
 1760878395 1760877643 1760867224 1760864947 1760850104 1760845100
 1760839326 1760812473 1760803725 1760800943 1760799499 1760793383
 1760764188 1760717469 1760708210 1760703158 1760693760 1760681195
 1760616473 1760604641 1760600563 1760597400 1760597340 1760597160
 1760597034 1760597033 1760597033 1760597032 1760597032 1760597032
 1760596080 1760595960 1760595900 1760595840 1760595780 1760595660
 1760595600 1760595120 1760536934 1760526795 1760519261 1760519110
 1760510636 1760509948 1760505873 1760498295 1760495644 1760451822
 1760437100 1760431747 1760426640 1760419620 1760418543 1760335860
 1760312520 1760281793 1760246604 1760242929 1760197495 1760195992
 1760187001 1760183520 1760183400 1760183100 1760179794 1760177760
 1760166628 1760166545 1760158894 1760154850 1760102774 1760098998
 1760090350 1760089995 1760007797 1760007547 1760006719 1760006483
 1759998605 1759970640 1759969860 1759951680 1759947600 1759947480
 1759947300 1759947240 1759947060 1759947033 1759947024 1759946760
 1759946580 1759946561 1759924320 1759908300 1759906020 1759905900
 1759905780 1759905660 1759901645 1759898910 1759898760 1759826214
 1759820247 1759818142 1759807887 1759740331 1759734444 1759723344
 1759716094 1759679880 1759670506 1759643996 1759627448 1759567484
 1759565698 1759562373 1759562364 1759550147 1759494653 1759490301
 1759475226 1748930818 1744007309 1744007301]","[ 2  2  7  7  2  2  2 12  7  2  2  2  7  2  7  7  7  7  7  7  7  7  7  7
  2  2  2 12  7  2  2  2  2  2  2  2  2  2  2  7  7  2  2  2  2  7  2  2
  2  2  7  7  7  2  2  2  2  7  2  2  2  2  2  2  2  2  2  2  2  7  7  7
  2  2  2  2  2  7  2  2  2  2  2  2  2  2  2  7  2  2  2  2  2  2  2  2
  2 12  2  7  2  7  7  7  2  7  2  2  2  2  2  2  2  2  2  2  2  2  2  2
  2  2  2  2  7  2  7  7  7  2 12  2  2  2  7  2  7  2  1  1  1  2  1  1
  2  1  1  1  1  1  1  1  1  1 10  7  7  7  7  2  2  2  2  2  2  2  2  2
  2  7  2  2  2  6  2  2  2  2  2  2  2  2  2  2  2  2  7  2  2 13  2  2
  2  2  2  7  7  2  2  2  2  2  2  2  2  2  2  2  7  7  7  7  7  7  2  2
  2  2  7  2 10  2  2  2  2  2  2  2  2  2  2  2  2  2  2  2  7  2  2  2
  2  2  2  2  2  2  2  7  1  1 12  1  1  2  7  1  1  1  1  1  1  1  1  1
  2  2  2  2  7  1  1  1  1  1  1  2  2  1  1  1  2  2  2  2  2  1  1  2
  1  1  1  1  1  7  7  1  1  1  2  2  2  1  1  2  2  2  1  1  2  2  2  2
  2  2  1  1  1  1  1  1  2  1  1  1  7  1  1  1  1 12  1  1  1  1  1  2
  1  1  2  2  2  2  2  1  1  2  1  2  1  2  2  2  1  2  2  2  2  2  2  2
  1  2  2  2  1  2  2  2  2  2  2  2  2  2  1  2  2  1  1  2  1  2  2  2
  2  2  2  2  2  2  2  1  2  2  1  1  1  2  2  2  2  2  2  2  2  2  2  2
  2  2  2  2  2  2  2  2  1  2  2  1  2  2  2  2  2  2  1  2  2  2  2  2
  2  2  7  7  7  1  1  1  2  1  1  1  2  1  1  1  2  1  1  1  1  1  2  2
  2  2  2  2  2  2  1  1  7  1  1  1  1  2  2  2  1  1  1  2  1  2  2  7
  1  1  1  2  2  2  1  1  1  2  1  1  1  1  1  7  1  2  1  1  1  2  1  1
  1  2  2  1  2  2  2  7  7  7  1  1  2  2  2  2  1  1  2  2  2 13  2 12
  1  2  2  1  1  1  1  1  1  1  1  1  1  2  2  1  2  2  2  2  1  2  2  2
  1  1  1  2  2  2  1  7  1  1  1  1  1  1  1  1  1  1  1  1  1  1  2  1
  1  1  1  2  2  2  7  7  7  7  7  7  2  2  2  2  2  2  2  2 10  1  1  1
  1  1  1  1  1  1  1  1  2  2  1  2  2  1  1  1  1  1  1  2  2  2  1  2
  1  1  1  1  1  1  1  1  1  1  1  1  1  2  2  2  2  2  2  2  2  7  7  2
  7  7  2  2  2  2  2  2  1  1  2  1  1  1  1  1 13  1  1  2  1  1  7  1
  1  0  1  1  1  1  1 13 13 13]","[ 6  6 11 11  6  6  6  4 11  6  6  6 11  6 11 11 11 11 11 11 11 11 11 11
  6  6  6  4 11  6  6  6  6  6  6  6  6  6  6 11 11  6  6  6  6 11  6  6
  6  6 11 11 11  6  6  6  6 11  6  6  6  6  6  6  6  6  6  6  6 11 11 11
  6  6  6  6  6 11  6  6  6  6  6  6  6  6  6 11  6  6  6  6  6  6  6  6
  6  4  6 11  6 11 11 11  6 11  6  6  6  6  6  6  6  6  6  6  6  6  6  6
  6  6  6  6 11  6 11 11 11  6  4  6  6  6 11  6 11  6  4  4  4  6  4  4
  6  4  4  4  4  4  4  4  4  4  4 11 11 11 11  6  6  6  6  6  6  6  6  6
  6 11  6  6  6  6  6  6  6  6  6  6  6  6  6  6  6  6 11  6  6 10  6  6
  6  6  6 11 11  6  6  6  6  6  6  6  6  6  6  6 11 11 11 11 11 11  6  6
  6  6 11  6  4  6  6  6  6  6  6  6  6  6  6  6  6  6  6  6 11  6  6  6
  6  6  6  6  6  6  6 11  4  4  4  4  4  6 11  4  4  4  4  4  4  4  4  4
  6  6  6  6 11  4  4  4  4  4  4  6  6  4  4  4  6  6  6  6  6  4  4  6
  4  4  4  4  4 11 11  4  4  4  6  6  6  4  4  6  6  6  4  4  6  6  6  6
  6  6  4  4  4  4  4  4  6  4  4  4 11  4  4  4  4  4  4  4  4  4  4  6
  4  4  6  6  6  6  6  4  4  6  4  6  4  6  6  6  4  6  6  6  6  6  6  6
  4  6  6  6  4  6  6  6  6  6  6  6  6  6  4  6  6  4  4  6  4  6  6  6
  6  6  6  6  6  6  6  4  6  6  4  4  4  6  6  6  6  6  6  6  6  6  6  6
  6  6  6  6  6  6  6  6  4  6  6  4  6  6  6  6  6  6  4  6  6  6  6  6
  6  6 11 11 11  4  4  4  6  4  4  4  6  4  4  4  6  4  4  4  4  4  6  6
  6  6  6  6  6  6  4  4 11  4  4  4  4  6  6  6  4  4  4  6  4  6  6 11
  4  4  4  6  6  6  4  4  4  6  4  4  4  4  4 11  4  6  4  4  4  6  4  4
  4  6  6  4  6  6  6 11 11 11  4  4  6  6  6  6  4  4  6  6  6 10  6  4
  4  6  6  4  4  4  4  4  4  4  4  4  4  6  6  4  6  6  6  6  4  6  6  6
  4  4  4  6  6  6  4 11  4  4  4  4  4  4  4  4  4  4  4  4  4  4  6  4
  4  4  4  6  6  6 11 11 11 11 11 11  6  6  6  6  6  6  6  6  4  4  4  4
  4  4  4  4  4  4  4  4  6  6  4  6  6  4  4  4  4  4  4  6  6  6  4  6
  4  4  4  4  4  4  4  4  4  4  4  4  4  6  6  6  6  6  6  6  6 11 11  6
 11 11  6  6  6  6  6  6  4  4  6  4  4  4  4  4 10  4  4  6  4  4 11  4
  4  4  4  4  4  4  4 10 10 10]","[840 840   0 143 215 840 797 778   6 149 149 840 676 149   0   0 161 918
 918 336   0 918 918 918 840 149 149   0 840 149 149 840 840 840 840 840
 840 840 149 519 519 149 840 840 149 888 840 149 840 840   0   0   0 840
 840 840 840   0 840 840 840 149 149 149 840 149 203 203 840   0 336   0
 737 206 840 840 840 685 840 840 840 840 840 840 840 840 840 519 149 149
 840 840 840 840 840 996 800 306 840  20 840   0 648 648 840   0 533 840
 409 840 840 149 533 149 533 533 840 840 840 840 840 149 840 840 185 840
   0   0   0 149   0   0 840 840   2 840   0 536   0   0   0 840   0   0
 840   0   0   0   0   0   0 187   0   0   8 731 731 731 840 840 840   0
   0   0 149 149 840 840   0   0 149 840 840 840 840 840 840 840 840 840
 840 840 149 840 840 149   0 149 149  59 149 840 819 149 797 306 187 819
 819 819 149 149 149 840 840 149 840 149 712   0   0 840 876 876 840 840
 840 215   0 840 560 149 149 840 840 840 215 149 840 149 840 149 149 215
 840 840 143 840 840 840 840 840 149 149 161 161 149 519   0   0  59   0
   0 840   0   0   0 955   0   0   0   0   0   0 840 840 840 149 411   0
   0   0   0   0   0 149 149 326   0   0 840 840 840 840 840   0   0 840
   0   0   0   0   0 554 554   0   0   0   0   0 149   0   0 149 149 149
   0   0 840 840 840 840 840   0   0   0   0   0   0   0 149   0   0   0
   0   0   0   0 336 164   0   0   0   0   0 840   0   0 840 840 840 149
 840   0   0 800   0 840   0 840 840 840   0 840 840 840 840 840 840 840
   0 840 840 840   0 840 840 840 800 800 840 840 840 840   0 840 840   0
   0 560   0 560 560 560 560 560 560 560 560 560 560   0 840 840   0   0
   0 840 840 840 840 840 840 840 398 398 398 840 840 840 840 840 840 840
 840 840   0 737 840   0 559 149 737 840 840 149   0 840 648 840 648 648
 840 840 578 840 578   0   0   0 559 974   0   0 149   0   0   0 840   0
   0   0   0   0 840 840 840 840 840 840 840 840   0   0   0   0   0   0
   0 840 840 840   0   0   0 149   0 559 149 306   0 274   0 143 143 143
   0   0   0 840   0   0   0   0   0 712   0 149   0   0   0 149   0   0
   0 149 149   0 840 840 840   0   0   0   0 229 149 149 149 149   0   0
 819 559 149 215 559 922   0 840 840   0   0   0   0   0   0 699   0   0
 974 229 229   0 229 229 229 229   0 229 840 840   0   0   0 229 229 229
   0 955   0 559 326   0   0   0   0   0   0   0   0   0   0   0 840   0
   0   0   0 616 616 616 840 605 840   0 163 840 533 533 533 533 533 533
 533 840 800   0   0   0   0 806   0   0   0   0   0   0 149 229   0 840
 149   0   0   0   0 800   0 840 840 840   0 840   0   0   0   0   0   0
   0   0   0   0   0   0   0 559 559 326 326 326 326 326 326 326   0 326
 840 840 149 840 840 840 840 840   0   0 149   0   0   0   0   0 519   0
   0 149   0   0 578   0   0  80   0   0   0   0   0 306 519 519]","[1365 2046    0 1405  583 2046 1898    0 1853    0    0 1365 2787    0
    0    0 2162 2004 2004 2908    0 2004 2004 2004 2046    0    0    0
 2415    0    0 2046 2046 2046 2046 2046 2046 2046    0 2399 2399    0
 1066 1066    0 1961 1066    0 1066 1066    0    0    0 1066 1066 1066
 2046    0 2046 2046 2046    0    0    0 2046    0 1268 1268 1365    0
 2908    0    0 1703 2046    0 2046  373 2046 2046 2046 2046 2046 1066
 1066 2046 2046    0    0    0 2046 2046 2046 2046 2046    0 1044 2243
 2046 2215 2046    0    0    0 1066    0 2556 2415    0 2046 2046    0
 2556    0 2556 2556 2046 2046 2046 2046 2046    0 2046 2046 3432 1365
    0    0    0    0    0    0 2046 2046 1067 2415    0 3258    0    0
    0 1066    0    0 2046    0    0    0    0    0    0 1195    0    0
    0 1117 1117 1117 1260 1066 1066    0    0    0    0    0 1066 1066
    0    0    0 1066 1066 1066 1066 1066 1066 1066 1066 1066 1066 1066
    0 3117 1066    0    0    0    0 2462    0 2046    0    0 1898 2243
  512    0    0    0    0    0    0 1066 2046    0 2046    0  838    0
    0 1365    0    0 3117 2046 1260 3006    0 1066    0    0    0 1066
 1066 1066 3006    0 1365    0 1066    0    0 3006 1260 1260    0 2415
 2415 2415 1365 1365    0    0 2586 2586    0  902    0    0 2510    0
    0 2046    0    0    0    0    0    0    0    0    0    0 2046 2046
 2046    0  151    0    0    0    0    0    0    0    0 2957    0    0
 1066 1066 1066 1066 1066    0    0 1365    0    0    0    0    0    0
    0    0    0    0    0    0    0    0    0    0    0    0    0    0
 1066 1066 1066 1066 1066    0    0    0    0    0    0    0    0    0
    0    0    0    0    0    0 2908    0    0    0    0    0    0 1365
    0    0 1066 1066 2046    0 1066    0    0 2759    0 1066    0 1066
 1066 1066    0 1066 1066 1066 1066 1066 1066 1066    0 1066 1066 1066
    0  555 2415 2415 2017 2017 2415 2415 1365 2415    0 2415 2415    0
    0    0    0    0    0    0    0    0    0    0    0    0    0    0
 2415 2415    0    0    0 1365 1365 1365 1365    0 2415 2415  376  376
  376 1365 1365 1365  555 2415 2415 2415 2415 2415    0 2840 2415    0
    0    0    0 1066 1066    0    0 1365    0 1365    0    0 1365 1365
  901 1365  901    0    0    0    0    0    0    0    0    0    0    0
  555    0    0    0    0    0 1066 1066 1066 1066 1066 1066 1066    0
    0    0    0    0    0    0    0 1066 1066 1066    0    0    0    0
    0    0    0  411    0    0    0    0    0    0    0    0    0  555
    0    0    0    0    0  838    0    0    0    0    0    0    0    0
    0    0    0    0 1066 1066 1066    0    0    0    0 3417    0    0
    0    0    0    0  162    0    0 2452    0 1436    0  555  555    0
    0    0    0    0    0    0    0    0    0  382  382    0  382  382
  382  382    0  382 1066 1066    0    0    0  382  382  382    0    0
    0 1894 2957    0    0    0    0    0    0    0    0    0    0    0
  555    0    0    0    0    0    0    0 2415 2468 2415    0    0 2415
    0    0    0    0    0    0    0 1066 1044    0    0    0    0 1531
    0    0    0    0    0    0    0  382    0 3117    0    0    0    0
    0 2017    0 2415 2415 2415    0 1066    0    0    0    0    0    0
    0    0    0    0    0    0    0 1894 1894 2957 3364 3364 3364 3364
 2957 2957    0 2957 2415    0    0 1066 1066 1066 1066 1066    0    0
    0    0    0    0    0    0  902    0    0    0    0    0  901    0
    0    0    0    0    0    0    0 2385  902  902]","[ 3792  5577     0 11037     0  5577     0     0  3764     0     0  6953
 11640     0     0     0     0     0     0   622     0     0     0     0
  5577     0     0     0   728     0     0  5577  5577  5577  5577  5577
  5577  5577     0  4454  4454     0  1943  1943     0 11407  1943     0
  1943  1943     0     0     0  1943  1943  1943  5577     0  5577  5577
  5577     0     0     0  5577     0     0     0  6953     0   622     0
     0     0  5577     0  5577 12142  5577  5577  5577  5577  5577  1907
  1907  5577  5577     0     0     0  5577  5577  5577  5577  5577     0
   214 11900  5577     0  5577     0     0     0  1907     0   438   938
     0  5577  5577     0   438     0   438   438  5577  5577  5577  5577
  5577     0  5577  5577     0  6953     0     0     0     0     0     0
  5577  5577   488   938     0   682     0     0     0  1907     0     0
  5577     0     0     0     0     0     0  7514     0     0     0  7776
  7776  7776  3478  1907  1907     0     0     0     0     0  1907  1907
     0     0     0  1943  1943  1943  1943  1943  1943  1943  1943  1943
  1943  1943     0  1747  1943     0     0     0     0 10071     0  5577
     0     0     0  3034     0     0     0     0     0     0     0  1907
  5577     0  5577     0     0     0     0   638     0     0  1747  5577
  3478  3650     0  1943     0     0     0  1943  1943  1943  3650     0
  6953     0  1943     0     0  3650  3478  3478     0   938   938   938
  3792  3792     0     0     0     0     0  2381     0     0  7154     0
     0  5577     0     0     0     0     0     0     0     0     0     0
  9579  9579  9579     0  7639     0     0     0     0     0     0     0
     0     0     0     0  1907  1907  1907  1907  1907     0     0  6953
     0     0     0     0     0     0     0     0     0     0     0     0
     0     0     0     0     0     0     0     0  1907  1907  1907  1907
  1907     0     0     0     0     0     0     0     0     0     0     0
     0     0     0     0     0     0     0     0     0     0     0  6953
     0     0  1943  1943  5577     0  1943     0     0  7074     0  1943
     0  1943  1943  1943     0  1943  1943  1943  1943  1943  1943  1943
     0  1943  1943  1943     0  5395   728   728     0     0   728   728
  9782   728     0   938   938     0     0     0     0     0     0     0
     0     0     0     0     0     0     0     0   728   728     0     0
     0  3792  3792  3792  3792     0   728   728     0     0     0  3792
  3792  9782  5395   728   728   728   728   728     0     0   938     0
     0     0     0  7461  1907     0     0  6953     0  6953     0     0
  6953  6953     0   376     0     0     0     0     0     0     0     0
     0     0     0     0  5395     0     0     0     0     0  1907  1907
  1907  1907  1907  1907  7461     0     0     0     0     0     0     0
     0  1907  1907  1907     0     0     0     0     0     0     0  3758
     0     0     0     0     0     0     0     0     0  5395     0     0
     0     0     0     0     0     0     0     0     0     0     0     0
     0     0     0     0  1907  1907  1907     0     0     0     0     0
     0     0     0     0     0     0     0     0     0 10180     0     0
     0  5395  5395     0     0     0     0     0     0     0     0     0
     0     0     0     0     0     0     0     0     0     0  1907  1907
     0     0     0     0     0     0     0     0     0  6123     0     0
     0     0     0     0     0     0     0     0     0     0  5395     0
     0     0     0     0     0     0  5387     0  5387     0     0  5387
     0     0     0     0     0     0     0  1907     0     0     0     0
     0     0     0     0     0     0     0     0     0     0     0  1747
     0     0     0     0     0     0     0   938   938   938     0  1907
     0     0     0     0     0     0     0     0     0     0     0     0
     0  6123  6123     0     0     0     0     0     0     0     0     0
   728     0     0  7127  7127  7127  7127  7127     0     0     0     0
     0     0     0     0  7962     0     0     0     0     0     0     0
     0     0     0     0     0     0     0  6391 10716 10716]","[   0    0    0 3275    0    0    0    0    0    0    0    0    0    0
    0    0    0    0    0    0    0    0    0    0    0    0    0    0
    0    0    0    0    0    0    0    0    0    0    0 4667 4667    0
    0    0    0 2674    0    0    0    0    0    0    0    0    0    0
    0    0    0    0    0    0    0    0    0    0    0    0    0    0
    0    0    0    0    0    0    0    0    0    0    0    0    0    0
    0    0    0    0    0    0    0    0    0    0    0    0    0    0
    0    0    0    0    0    0    0    0 3363    0    0    0    0    0
 3363    0 3363 3363    0    0    0    0    0    0    0    0    0    0
    0    0    0    0    0    0    0    0    0    0    0    0    0    0
    0    0    0    0    0    0    0    0    0    0    0    0    0    0
    0 3196 3196 3196    0    0    0    0    0    0    0    0    0    0
    0    0    0    0    0    0    0    0    0    0    0    0    0    0
    0    0    0    0    0    0    0   36    0    0    0    0    0    0
    0    0    0    0    0    0    0    0    0    0    0    0    0    0
    0    0    0    0    0    0    0    0    0    0    0    0    0    0
    0    0    0    0    0    0    0    0    0    0    0    0    0    0
    0    0    0    0    0    0    0    0    0 6850    0    0    0    0
    0    0    0    0    0    0    0    0    0    0    0    0    0    0
    0    0    0    0    0    0    0    0    0    0    0    0    0    0
    0    0    0    0    0    0    0    0    0    0    0    0    0    0
    0    0    0    0    0    0    0    0    0    0    0    0    0    0
    0    0    0    0    0    0    0    0    0    0    0    0    0    0
    0    0    0    0    0    0    0    0    0    0    0    0    0    0
    0    0    0    0    0    0    0    0    0    0    0    0    0    0
    0    0    0    0    0    0    0    0    0    0    0    0    0    0
    0    0    0    0    0    0    0    0    0    0    0    0    0    0
    0    0    0    0    0    0    0    0    0    0    0    0    0    0
    0    0    0    0    0    0    0    0    0    0    0    0    0    0
    0    0    0    0    0    0    0    0    0    0    0    0    0    0
    0    0    0    0    0    0    0    0    0    0    0    0    0    0
    0    0    0    0    0    0    0    0    0    0    0    0    0    0
    0    0    0    0    0    0    0    0    0    0    0    0    0    0
    0    0    0    0    0    0    0    0    0    0    0    0    0    0
    0    0    0  963    0    0    0    0    0    0    0    0    0    0
    0    0    0    0    0    0    0    0    0    0    0    0    0    0
    0    0    0    0    0    0    0    0    0    0    0    0    0    0
    0    0    0    0    0    0    0  510    0    0    0    0    0    0
    0    0    0    0    0    0    0    0    0    0    0    0    0    0
    0    0    0    0    0    0    0    0    0    0    0    0    0    0
    0    0    0    0    0    0    0    0    0    0    0    0    0    0
    0    0    0    0    0    0    0    0    0    0    0    0    0    0
    0    0    0    0    0    0    0    0    0    0    0    0    0    0
    0    0    0    0    0    0    0    0    0    0    0    0    0    0
    0    0    0    0    0    0    0    0    0    0    0    0    0    0
    0    0    0    0    0    0    0    0    0    0    0    0    0    0
    0    0    0    0    0    0    0    0    0    0    0    0    0    0
    0    0    0    0    0    0 7324    0    0    0    0    0    0    0
    0    0    0    0    0    0    0 6480 6985 6985]","[12  1  0  0  1  1 14 11  0 16 14 14  0  1  0  0  0  0  0  0  0  0  0  0
 16  1  1 11  0 17 14 14  1  1  1 14  1 16  1  0  0 12 14  1  1  0 12 12
 16 16  0  0  0 14 16  1 12  0  1 12 14 16  1  1  1  1  2  1  1  0  0  0
 16  1  1 14 12  0  1  1  1 14  1  1  1 12 12  0 16  1 12  1  1  1  1 16
 12 11  1  0 12  0  0  0  1  0  1 14 12 14 12 14 17 12  1 16 11 12 16  1
  1 12 14  1  0 16  0  0  0 12 11 14  1  1  0 16  0 14  0  0  0 12  0  0
  1  0  0  0  0  0  0  0  0  0  0  0  0  0  0 12  1  1  1  1  1  1  1  1
  1  0  1 16 16  1  1 16  1 14  1  1  1 11  1  1 14 14  0 14 16 17  1 14
 12 17 16  0  0  2  2 14 12 16 16 14  1 14  1  1  0  0  0  0  0  0 14 16
 12 16  0 12  0 14  1 12 17  1 14  1 16  1 14  1 14  1  2 16  0  1 16 16
 14  1 14 16 14  1 16  0  0  0 11  0  0 14  0  0  0  0  0  0  0  0  0  0
 12 12 14 14  0  0  0  0  0  0  0 16 12  0  0  0  1 14 12 12 14  0  0  1
  0  0  0  0  0  0  0  0  0  0  1 14  1  0  0 17 16  1  0  0  1  1  1  1
  1 16  0  0  0  0  0  0 12  0  0  0  0  0  0  0  0 11  0  0  0  0  0  1
  0  0 12 16 16  1 12  0  0 16  0 11  0 17  1 14  0 14 16 12 16 14 14  1
  0 12 12 14  0 12  1  1  1 16 16 12 14 12  0  2  1  0  0  1  0  1 17 17
  1 14 12 12 12 16 16  0 14  1  0  0  0 16 17 12 12  1 16  1  1  1 17  1
 16  1 14 16 16 17 16 12  0  1 16  0 12 14 11  1 16 14  0  1 16  1 14  1
 14 12  0  0  0  0  0  0 17  0  0  0  1  0  0  0  1  0  0  0  0  0 16 16
  1 16  1 14 14 14  0  0  0  0  0  0  0  1  1  1  0  0  0 12  0  1 16  0
  0  0  0 14  1 16  0  0  0 16  0  0  0  0  0  0  0 12  0  0  0 12  0  0
  0 17 14  0 14 14 14  0  0  0  0  0 12 16  1 16  0  0 16 12  1 17  1 11
  0  2 14  0  0  0  0  0  0  0  0  0  0 11  1  0 16 12  1  1  0 16 16 14
  0  0  0  1 14 16  0  0  0  0  0  0  0  0  0  0  0  0  0  0  0  0 12  0
  0  0  0  1  1 14  0  0  0  0  0  0  1 14 14  1 16  1 14  2  0  0  0  0
  0  0  0  0  0  0  0  0 14  1  0 14  1  0  0  0  0  0  0  1 14 14  0 12
  0  0  0  0  0  0  0  0  0  0  0  0  0 12  1  1  1 14  1 14  1  0  0  1
  0  0 14 12  1 12 14 14  0  0 14  0  0  0  0  0 17  0  0 14  0  0  0  0
  0  0  0  0  0  0  0 17 17 17]",[1772720154 1772705768 1772695970 ... 1759623384 1759620685 1759518921],[ 6 22  6 ...  6  6  6],[        0  58747653 139495569 ...  22413332  22777837  27007808],[  0 237 471 ... 426 634 305],[   0 1724    0 ... 1559 2478  510],[   0 7339    0 ...    0    0    0],[0 0 0 ... 0 0 0],[0 0 0 ... 0 0 0],[ 0  0 16 ... 15 15 13],[0 0 0 ... 0 0 0],[  0   0   6 ... 110  63   9],[   0    0 1629 ... 1043 2810 3652],[    0     0 10625 ...     0     0  9757],[     0      0      0 ... 180633 217810 147782],"[1772604104 1772320822 1772234064 1771001044 1770995005 1770791113
 1770791079 1770644055 1770643890 1769789693 1769428420 1769351202
 1769010806 1769010761 1768957327 1768925230 1768304366 1768283427
 1767571231 1767233606 1767189567 1766991498 1766919570 1766847289
 1766198346 1765676396 1765330524 1764901328 1764901271 1764312165
 1764266375 1764265755 1763648358 1763186828 1763131021 1762850125
 1762786183 1762305324 1762305296 1762043778 1761871798 1761871746
 1761796038 1761448624 1761136852 1761136666 1760965556 1760915439
 1760511848 1760385680 1759193190 1759193103 1759192757 1759192738
 1759102803 1759102692 1759102690 1758267320 1758267229 1758247417
 1757904233 1757904182 1757826709 1757826586 1757826562 1757726916
 1757547253 1757370664 1757370575 1757311455 1757311359 1757253600
 1756908285 1756856315 1756629104 1756629019 1756628976 1756628788
 1754719458 1754550591 1754454735 1754361723 1754361593 1753663474
 1753083743 1752864274 1752864139 1752864129 1752539002 1752504256
 1752054466 1752052840 1751893500 1751795866 1751795562 1751627666
 1751627635 1751624594 1751604494 1751274036 1751043573 1751026311
 1750256255 1750217885 1750206642 1749955696 1749955659 1749700340
 1749629386 1749185079 1748964436 1748732229 1747873596 1747784388
 1747496485 1747208467 1745405828 1745405828 1745405824 1745107943
 1744516524 1744507515 1743914367 1743843978 1743843966 1743298836
 1743237454 1743235962 1743064815 1742992456 1742619497 1742618788
 1742618690 1742463943 1742037977 1740963337 1740747270 1740747238
 1740586358 1740287978 1740287944 1740240438 1740128048 1739429426
 1739358222 1737856627 1736241572 1736160800 1736160793 1736160759
 1735783761 1735744950 1735654846 1735393971 1735355054 1735309059
 1735309007 1735281455 1735267063 1735265786 1735224752 1735224736
 1735216427 1735202129 1735201713 1735185430 1735185264 1735120955
 1734945626 1734839283 1734838714 1734617576 1734605563 1734595191
 1734268254 1734268254 1734070821 1733840567 1733840562 1733840522
 1733752935 1733668503 1733581292 1733581266 1733577484 1733473805
 1733473752 1733322006 1733230603 1733063280 1732895700 1732546827
 1732375440 1732375440 1732193687 1732112373 1732111401 1732111323
 1732026120 1732007586 1731941208 1731928331 1731856196 1731855892
 1731716061 1731715707 1731680260 1731675861 1731595484 1731587417
 1731582514 1731549496 1731421517 1730181931 1730021335 1729303472
 1729300975 1729061876 1728738197 1728738197 1728456972 1728309498
 1728308894 1727867501 1727832544 1727832544 1727780578 1727740380
 1727608705 1727355668 1727355668 1727272972 1727248250 1727102194
 1727017381 1726841083 1726757420 1726667549 1726660954 1726660927
 1726629070 1726629063 1726583492 1726583469 1726578715 1726547332
 1726546636 1726212594 1726061651 1725981299 1725895228 1725893361
 1725706765 1725706743 1725706720 1725550008 1725549962 1725286577
 1725286524 1725202711 1725199061 1725198456 1725195417 1725195042
 1725195011 1725150551 1725121698 1725098397 1725025300 1725025253
 1724993640 1724989481 1724989294 1724989272 1724986254 1724985467
 1724980549 1724974659 1724923374 1724897464 1724896377 1724896343
 1724896342 1724864516 1724767480 1724767480 1724555112 1724202063
 1724163230 1724157500 1724135181 1724135105 1724049666 1723993052
 1723955626 1723955454 1723946585 1723914354 1723909650 1723909518
 1723884784 1723882919 1723734715 1723610673 1723562944 1723560070
 1723470465 1723362578 1723128434 1722783240 1722782603 1722699516
 1722597753 1722597671 1722349635 1721987740 1721883697 1721883614
 1721226680 1721226509 1720707999 1720707637 1720703403 1720600260
 1720533653 1720360399 1719815343 1719666951 1719627211 1719626568
 1719626546 1719533451 1719496803]","[31 31 31 31 31 48 31 10 31 31 31 31 48 31 31 31 31 31 31 31 33 31 31 31
 31 31 31 48 31 31 62 31 31 31 31 65 31 48 31 31 48 31 31 31 31 31 65 31
 31 31 10 31 72 31 31 31 31 10 31 31 48 31 31 31 31 31 31 61 31 62 31 31
 33 31 10 10 31 31 31 31 31 61 31 31 31 31 10 31 31 31 31 31 31 10 31 65
 31 31 31 31 31 31 31 31 31 48 31 31 31 31 31 31 31 31 31 31 31 31 31 31
 31 31 31 10 31 31 10 31 31 31 31 10 31 31 31 31 31 31 31 48 31 31 31 31
 31 31 31 62 31 31 31 31 31 31 31 31 31 31 54 31 31 31 31 31 31 31 31 31
 31 31 31 31 31 31 31 31 31 62 62 31 31 31 31 31 31 31 31 31 31 31 72 31
 31 31 31 31 31 31 31 31 31 31 73 31 62 31 31 31 31 31 31 31 31 31 31 62
 31 31 31 31 31 62 31 31 31 31 31 31 31 31 31 31 31 31 31 31 31 31 31 31
 62 31 62 31 31 62 31 31 31 31 62 31 62 31 31 62 31 31 31 31 62 31 62 31
 31 31 31 31 31 31 31 31 31 31 31 31 31 31 31 31 31 31 31 31 31 31 31 31
 31 31 62 31 31 31 10 31 31 31 65 31 62 31 31 31 31 31 31 31 31 62 31 31
 10 31 31 31 10 31 10 31 62 31 31 31 31 31 31 31 62 31 31 31 31]","[4981970  287196  255139  425092 1819562 5851938 5851938 4085610 4085610
  858812 6113874 5924688  739989  739989 3794126 1575527 3794126 4933038
 2512706  332656 1015833 4850774 2885024  285551 1770329 3181073 4933038
 5816113 5816113  471579  873254  873254 5464169 2298087 2867937 2765180
 5940753 1210816 1210816 4919442 3021973 3021973 2000392 2959883 1155836
 4515537  634843  257616 3209920 4591932 1702210 1702210 4070572 4070572
 4687121 4687121 4687121 4467789 4467789 4865665 3406830 3406830 3266671
 3266671 3266671 4865665 4190446 3418760 3418760 3924302 3924302 4173542
 1015833 4011628 2770449 3447139 2770449 3447139 2678358 1258351 4428140
 3539947 3539947 2205956 2613640 3526427 3526427 3526427 4576558 6073515
 3409194 2866796  802109 2054711 2054711 5897104 5897104 1268178  388438
 2927558 4814736  994888 3811297 1596762 2555898 2342116 2342116 1991212
 4000774 6073515 1705286 1815663 3523252 1929395 1639552 1731011 2769655
 2769655 2769655 3767898 4441142 1991212 6110312 2771718 2771718 1991212
 4342564 4342564 3746530  766910 4782002 5188635 5188635 3385931 3926562
 1991212 3839236 3839236  257616 5870808 5870808 3966057 2634076 2315683
 4048593  204927 2943130 5240238 3343308 5240238 2704132 3856699   43995
  355190 3015277 3718041 2681842 3015277 5198152 5198152 1670064 1670064
 5005659 3015277 3015277 2996922 2996922 5198152 1336662 2203973 2442452
 5079037 1907406 4282901 3661207 3661207 5198152 1303687 1303687 1303687
 2943130  484084 5259962 4843145 3423963 2943130 2442452 2442452 4226119
 1596836 4637564 1332648 3669503 3669503 3823642 5939321 2039451 2039451
 4394368  663042 4394368 5440932   79396   79396 4606497 4606497 4435833
 2313027  692813 5315213   62831 5838047 4887256 4960948  410056 3823642
 3823642 3792129 5237278 5237278 3361595 6085441 6085441 4310121 5350111
 5350111 4151520 5072007  542920 5995815 5995815 5864576 1908368 4041549
 3940276 2495901  497157  462534 5049166 5049166 1323337 1323337  313769
  313769 3940276   24081   24081 1569655     925  632259 3657631 3657631
 6004725 5788631 6004725 1237171 1237171 2676039 4541354 1467686 3687017
 3687017  529441  529441  215981 5929541 4776051 4776051 1622511 2132276
 3391496 3391496 3391496 3391496 3040645 3040645  134982  134982 4130688
 2625851 2625851  265466  265466 5465580 2797062 2797062 4001110  492427
 2960936   62831 3658282 3658282 5972610 2795438  751306  751306 2436992
 4435833 2436992 2436992 3823642 3823642  564659  282552 3147937  861748
 3823642 5349599   62831  733554  733554 2352710 1820703 1820703 3823642
 5677452 1741616 1741616   48135   48135 1028370 1028370 5517591  281771
 4310121 6130560 2171034 1587092 3823642 3823642 3823642 1304250 5034906]","[316 810 693 693 318 643 643  71  71 196 316 161 348 348 838 196 838 643
 106 316 599 595  69 849 474 196 643 318 318 595 656 656 810 154  91 196
 316 693 693 693 693 693 106 693 326 518 196 241 495 154 323 323  91  91
 196 196 196 323 323 643 693 693  91  91  91 643 600 643 643 386 386 316
 701 630 304 304 304 304 246 643 527 643 643 666 693 323 323 323 643 154
 643 643  69 439 439 643 643 495 527 643 693 693 196 386 154  91  91 849
 439 154 246 693 290 386 505 693 814 814 814 154  38 849 123  71  71 849
 246 246  93 831 123 123 123 852 154 849  91  91 241  91  91 154 196 810
 810 643 326  81  91  81  67 154  64  91  42 199 326  42  42  42  42  42
  42  42  42  42  42  42  42 386 640  42  42  42  64  64  42 828 828 828
  64 154 326  56 106  64 640 640 655 655 259 802 677 677  91 386 185 185
 732 326 732  81 386 386   0   0 828 154 106 106 196 338 439 386 518  91
  91 326 508 508  70 316 316 386 196 196  69 106 106 323 323 326 567 828
 106 655 655 348 326 655 253 253 640 640 106  91  91  49 106 106  91  91
 655 828 655 655 655  91 106 326 316 316  91  91 106  42  42  42 802 106
  42  42  42  42  42  42  42  42  42  42  42  42  42  42 544 544 567 509
 842 196  64  64 211  91 259 259 106 828 106 106  91  91 106  38 106 106
  91 246 196 106 106 386 259 259  91 106 259 259 458 458   0   0 449 643
 386  91 106 849  91  91  91  38 386]","[   0    0    0    0    0    0    0 2075 2075    0    0    0    0    0
 6168  713    0    0 4954    0    0    0    0    0    0 5403    0    0
    0  362    0    0    0 5411    0 2950    0    0    0    0    0    0
 3299    0 2649    0 2950    0  586    0    0    0    0    0 1699 1699
 1699    0    0    0    0    0    0    0    0    0    0    0    0 1768
 1768    0    0 6113    0    0    0    0    0    0    0    0    0    0
    0    0    0    0    0   -1    0    0    0    0    0    0    0  586
    0    0    0    0    0 3022 4910    0    0    0    0   -1    0    0
    0 4740    0    0    0    0    0 4238    0    0    0    0    0    0
    0    0    0    0    0    0    0    0   -1    0    0    0    0    0
    0   -1    0    0    0    0 2276   -1    0   -1    0  611 1866    0
    0    0 3330    0    0    0    0    0    0    0    0    0    0    0
    0    0    0    0    0    0 5064 5064    0    0    0    0 4304    0
 5774    0 3299 5187    0    0    0    0    0  609    0    0    0  666
    0    0    0 5774    0 2146 3022 3022    0    0 2418    0 6269 3299
 5675    0    0 6367    0    0    0 2465    0    0 1570    0    0 6496
    0    0    0 2891 6269    0    0  177    0 1621 2923    0    0   -1
 4334    0    0    0    0    0 2891    0    0    0 3299 3299    0    0
    0   -1    0    0    0    0 3299 1969    0    0    0    0 6269    0
    0    0    0 3299    0    0    0    0    0    0    0    0    0    0
    0    0    0    0    0    0    0    0    0 5675 2534 2534    0    0
    0    0 6269 2327 3299 3299    0    0 3299    0 3299  184    0    0
 5675 4831 4831 4018    0    0    0 3299    0    0    0    0    0    0
    0    0 4189    0 3299    0    0    0    0    0    0]","[2 2 2 2 2 2 2 2 2 2 2 2 2 2 2 2 2 2 2 2 2 2 2 5 2 2 2 2 2 2 5 5 5 5 2 2 5
 2 2 2 2 2 2 2 5 5 2 2 2 2 2 2 2 2 2 2 2 2 2 2 2 2 2 2 2 2 2 2 2 3 3 3 2 2
 2 2 2 2 2 2 2 2 2 2 2 2 2 2 2 2 2 2 2 2 2 2 2 2 2 2 2 2 2 2 2 2 2 2 2 2 2
 2 2 2 2 2 2 2 2 2 2 2 2 2 2 2 2 2 2 2 2 2 2 2 2 2 2 2 2 2 2 2 2 2 2 2 1 1
 1 1 2 1 1 1 2 1 1 2 2 2 2 2 2 2 2 2 2 2 2 2 1 2 2 2 2 2 2 1 1 1 1 1 1 1 1
 1 1 1 1 1 1 1 2 2 1 1 2 2 1 1 1 1 1 1 1 1 1 1 1 1 1 2 2 1 2 1 1 2 2 2 1 1
 1 1 2 2 1 2 1 2 2 1 1 1 1 1 1 1 1 1 1 1 1 1 1 1 1 2 1 1 1 1 1 1 1 1 1 1 1
 1 1 1 1 1 1 2 2 2 1 1 2 2 2 2 2 2 2 2 2 2 2 2 2 2 2 2 1 2 1 1 1 1 2 1 2 2
 1 1 1 1 1 1 1 2 1 1 1 2 1 1 1 1 2 2 1 1 2 2 2 2 1 1 1 2 1 1 1 1 1 1 1 2 1]","[1 1 1 1 1 1 1 1 1 1 1 1 1 1 1 1 1 1 1 1 3 1 1 1 1 1 1 1 1 1 1 1 1 1 1 1 1
 1 1 1 1 1 1 1 1 1 1 1 1 1 1 1 1 1 1 1 1 1 1 1 1 1 1 1 1 1 1 1 1 1 1 1 3 1
 1 1 1 1 1 1 1 1 1 1 1 1 1 1 1 1 1 1 1 1 1 1 1 1 1 1 1 1 1 1 1 1 1 1 1 1 1
 1 1 1 1 1 1 1 1 1 1 1 1 1 1 1 1 1 1 1 1 1 1 1 1 1 1 1 1 1 1 1 1 1 1 1 1 1
 1 1 1 1 1 1 1 1 1 1 1 1 1 1 1 1 1 1 1 1 1 1 1 1 1 1 1 1 1 1 1 1 1 1 1 1 1
 1 1 1 1 1 1 1 1 1 1 1 1 1 1 1 1 1 1 1 1 1 1 1 1 1 1 1 1 1 1 1 1 1 1 1 1 1
 1 1 1 1 1 1 1 1 1 1 1 1 1 1 1 1 1 1 1 1 1 1 1 1 1 1 1 1 1 1 1 1 1 1 1 1 1
 1 1 1 1 1 1 1 1 1 1 1 1 1 1 1 1 1 1 1 1 1 1 1 1 1 1 1 1 1 1 1 1 1 1 1 1 1
 1 1 1 1 1 1 1 1 1 1 1 1 1 1 1 1 1 1 1 1 1 1 1 1 1 1 1 1 1 1 1 1 1 1 1 1 1]","[  16197  318279  747893  789853   47432  789853  789853  789853  789853
  167269   16197  878081  789853  789853  956826  956826  956826  956826
  789853   16197  956826  789853  878081  777383  422405  789853  956826
  789853  789853  789853 1115022 1115022  587775  330895  592187  956826
  942508  789853  789853  878081  789853  789853  956826  789853  809391
  809391  956826  167269  167269  167269  332945  332945  789853  789853
  789853  789853  789853  332945  332945  789853  789853  789853  789853
  789853  789853  789853  789853  878081  878081    5126    5126  325538
  956826  789853   16797   16797   16797   16797  445449  789853  956826
  789853  789853  789853  789853  789853  789853  789853  956826  318279
  789853  956826  789853  332945  332945  956826  956826  167269  956826
  789853  789853  789853   16797  956826  956826  789853  789853  878081
  332945   16197  789853  789853  318279  956826  789853  878081  789853
  789853  789853  789853  878081  878081  789853  789853  789853  956826
  789853  789853  878081  789853  789853  789853  789853  167269  878081
  878081  789853  789853  167269  789853  789853  318279  956826   16197
   47432  318279  350361  350361  350361  350361  878081  350361  738673
  350361  956826  350361  350361  956826  956826  956826  789853  789853
   47432  956826  956826  956826  956826  956826  956826  878081  350361
  789853  956826  956826  789853  789853  956826  350361  350361  350361
  350361  350361  350361  350361  350361  350361  350361  350361  350361
  350361  216190  350361  789853  789853  350361  350361  789853  789853
  350361  350361  350361  350361  350361  350361  350361  350361  350361
  350361  350361  350361  350361  878081  789853  350361  167269  350361
  350361  878081  789853  789853  216190  350361  350361  350361  789853
  789853  350361  956826  350361  789853  789853  350361  350361  350361
  350361  350361  350361  350361  350361  350361  350361  350361  350361
  350361  350361  350361  350361  956826  350361  350361  350361  350361
  350361  350361  350361  350361  350361  350361  350361  350361  350361
  350361  350361  350361  350361  956826  789853  789853  738673  350361
  956826  956826  956826  956826  956826  956826  956826  956826  956826
  956826  956826  956826  956826  956826  789853  789853  350361  956826
  350361  350361  350361  350361  878081  350361  878081  878081  350361
  350361  350361  350361  350361  350361  350361  878081  350361  350361
  350361  878081  350361  350361  350361  350361  878081  878081  350361
  350361  878081  878081  956826  956826  350361  350361  350361  956826
  350361  350361  350361  350361  350361  350361  350361  878081  350361]","[1706 1006 2734 2734  128 1932 1932   97   97 1504 1706 1739  204  204
 2137 1504 1716 1324 1154 1706    0 1820 2502 2197 1700 1504 1324  887
  887  490    0    0 1237  990    0 1504 1706 2734 2734 2734 2734 2734
 1154  692 1540 2070 1504    0 2699 1424  314  314    0    0 1504 1504
 1504  314  314 1932 2734 2734    0    0    0 1932 1996 2776 2776 1325
 1325 1706    0 2233 2455 2455 2455 2455  723 2776 2390 2776 2776 2210
  306 2421 2421 2421 2787  839 2787 2787 2502 1093 1093 2787 2787 2699
  312 2787 1847  306 1812 1325  453    0    0  687  398   46  723  306
  711 1325   17 2734 2808 2808 2808   46 2875  687 2732   97   97  687
  723  723    0  603 2732 2732 2732    0  839  687    0    0    0    0
    0  839 1480 1237 1006 2787 2366 2801 1392 2801  501   46 1539    0
  668  254 2366  668  668  668  668  668  668  668  668  668  668  668
  668 2653 1848  668  818  818  682  682  668 1421 1421 1421 1539 1987
 2071 1580 1154 1539 1848 1848    0    0 2033  955 1063 1063    0 1643
 2731 2731 2092 2071 2092 2801 1325 1325    0    0 2110   46 1154 1154
 1504 2040  619 1670 2869    0    0 2366   65   65 1589    0    0 1670
 1504 1504 2502 1518 1154 1922 1922 2630 1571 2110 1105    0    0  247
 2203    0 1987 1987 1848 1848 1518    0    0  261 1154 1154    0    0
    0 1421    0    0    0 1392 1154 1540    0    0 1392 1392 1154  668
  668  668  317 1154  668  668  668  668  668  668  668  668  668  668
  668  668  668  668    0    0 1571 1836 2231 1504 1539 1539 2422 1392
 2033 2033 1154 2110 1154 1154    0    0 1154 1075 1154 1154    0  723
 1504 1154 1154  956 2033 2033    0 1154 2033 2033 2073 2073    0    0
  242 2776 1643    0 1154  687    0    0    0 1075  956]","[ 767838       0       0       0  604919       0       0  102119  102119
  456751  767838 1071199  814374  814374       0 1054895       0       0
  406102  767838       0       0       0       0  319656       0       0
       0       0       0  813586  813586       0       0       0 1035826
  767838       0       0       0       0       0 1018891       0  359710
       0 1035826       0  608429       0  460389  460389       0       0
       0       0       0  373615  373615  842662  283846  283846       0
       0       0       0       0  553574  553574  725216  725216  767838
       0 1003168  958645  840424  958645  840424 1005469  560474  260957
       0       0  837777       0  715725  715725  715725       0  376000
       0  935138       0  609638  609638  498698  498698  608429       0
  498698  121645       0  861913  848406  299625       0       0       0
 1015430  710483   50958       0 1053400  601551   31067       0  863548
  863548  863548 1053591       0       0  203910  535405  535405       0
  568745  568745       0  611062  469727  284258  284258       0  376000
       0       0       0       0       0       0  619881       0       0
  982427       0       0  273874  946211  273874       0       0       0
  369702       0  348915   15870       0       0       0       0       0
       0       0       0       0       0       0       0       0       0
       0       0       0       0       0       0       0       0       0
       0       0  680469       0       0  407955       0       0       0
       0 1067090       0  122525  122525  369702       0  637455  637455
  858343  680469  858343 1060022  519527  519527       0       0  340343
  284666  337903  175893  243412       0  854875   95915       0  369702
  369702  176479       0       0  224105  837885  837885   14080       0
       0       0  495718  546821  108558  108558  543462       0  233005
  347938       0       0   41991  225905       0       0       0       0
       0  978491  369702  369702  426793  175893  119567  369702  369702
       0  233632       0       0       0  946211  175893  368239  837885
  837885  946211  946211  759277       0       0       0   81816  175893
       0       0       0       0       0       0       0       0       0
       0       0       0       0       0  999215  999215       0  451473
       0   31417       0       0       0  946211  469727  469727  775866
  586481  303935  303935  369702  369702  175893       0   49142   83009
  369702   15276   31417  804159  804159  926647  698228  698228  369702
  337854  785322  785322  561989  561989       0       0  950928  410794
 1092876  946211  303935  408539  369702  369702  369702       0       0]","[6252    0 2928 6747 3578    0    0 8612 8612 3043 6252 9497 4718 4718
 9063  445 3088 6822 7894 6252    0  644    0    0 8647 2802 6822 5478
 5478 6011    0    0    0 3726    0  445 6252 6985 6985 6747 6747 6747
 6380  964 9465 4837  445    0 2772    0 2579 2579    0    0  445  445
  445 5667 5667    0 6985 6985    0    0    0    0    0 5489 5489 1351
 1351 6252    0 3878 1873 1873 1873 1873 8844  553  698  553  553    0
 8100 6774 6774 6774  817 4006 8511 8511    0 2999 2999 1538 1538 2772
    0 1538   24 8100 3139 4708 8338    0    0  930 4963 2809 8844 8100
 2175 5740 8680 7580    0    0    0 4962 5230  930 3960 7260 7260  930
 8844 8844    0 4881 6534 3960 3960    0 4006  930    0    0    0    0
    0 4006 9258    0    0 5837 4947 9405 6890 9405  668 3454 8495    0
 8047    0 4947 8047 8047 8047 8047 8047 8047 8047 8047 8047 8047 8047
 8047  900 6592 1967 4073 4073 9080 9080 8047    0    0    0 8495 4148
 4076 1228 6380 3159 4527 4527    0    0 1521 4212 6075 6075    0 7990
 6077 6077 3814 4076 3814  614 4708 4708    0    0 6941 2457 6380 6380
 8504 2145 8952 6108 7941    0    0 4870    0    0 3311    0    0 6108
    0    0    0 3501 6380 8999 8999 8797    0 4373 5633    0    0 7758
 1368    0    0    0 4527 4527 3501    0    0    0 6380 6380    0    0
    0   -1    0    0    0 6890 6380 9465    0    0 6890 6890 6380 8047
 8047 8047 6464 6380 8047 8047 8047 8047 8047 8047 8047 8047 1967 8047
 8047 1967 1967 1967    0    0    0    0 7792 8504 8495 8495    0 6890
 8466 8466 6380 1838 6380 6380    0    0 6380 6998 6380 6380    0 8844
 8504 6850 6850 5186 6913 6913    0 6380 6913 6913 6857 6857    0    0
 8309 2042 7990    0 6380 3141    0    0    0 6998 3089]","[225864377  80211853 100281065  20753754 106973665  71727095  71727095
  98860153  98860153 106802910  72764222  38001577  97601404  97601404
 123436737  84522845  59826277  65339943    338554  60944121  55716612
  85955671  98018891  96192249  91557185  64682348  63026714  17361232
  17361232  75320432  33917716  33917716   4628593 259733845  99666715
 100360425  96448786 148473616 148473616    977767  24165273  24165273
  52240711  15353179  71874325 222262529   1562607  74803468  35284485
  35293371  65050437  65050437  54628452  54628452     33918     33918
     33918  74937527  74937527  32619534  70043040  70043040   6736470
   6736470   6736470  73998986  15304953   5349265   5349265  97657973
  97657973  51217221  42431961   7183055 175906339 137168294 175906339
 137168294  80643261  63050572  68628798  47277500  47277500  23057841
  17221046  63391285  63391285  63391285  35694751  92738315  95085881
  67320135  41178872  13442199  13442199   7165644   7165644  58917421
  71040928  76316544 184792361  65679617  76720447  65636229  60778818
  93132183  93132183  17518226 108028445 100935967  53582788 103387132
  49056735  38525477  15839811  58396599  29750617  29750617  29750617
  30731864  94053009  32176475  73658973  83054834  83054834  42276313
  78221051  78221051  48309858  56657356  24192362 152516881 152516881
 156333230  95854111  46848286  88663437  88663437  11813056  29334540
  29334540  43407908  79361526  47439565  67341046  30116359 266860946
  94215961  64583384  94215961  49615166 212154439  31213855 100983389
  95145162  72835844 123402836  32955343   1363850   1363850  51322179
  51322179  93202355  58498502  58498502  21029569  21029569  30334044
 128358111  13720100  73282983  35255933 199281843  99000062  90136140
  90136140  57828457 272539954 272539954 272539954 191616691 178276704
 168949107 213435001  58039074  48319718  13510239  13510239  94840816
 152778868 106884102  12469893  57202815  57202815  13215834 265033009
  59484372  59484372 198747849 232929568  18704114 274440769  48887921
  48887921 133759801 133759801 227903974  99578648 138815036 183697314
  81433918  71086248  59948842  69348261  50441641  41184942  41184942
  74336659  14878556  14878556 211055643  15519405  15519405 174419507
   4024979   4024979  49918423  24216302 277446933  42551270  42551270
  90072099 160639282 264239455 185719903  20752011 100489441 214182775
  57664637  68334722  64007956  64007956  48744450  48744450 265140893
  61851404  61851404  99414221  39652044 202185606  51393063  51393063
 106155528   6771018 106155528  56820564  56820564  76998580 168982541
 214902557  99188393  99188393  21975060  21975060 144541918  19741561
  22717891  45145587  70162210 190004963 101524929 101524929 101524929
 101524929  93523029  93523029  65221097  65221097 156456488 107674262
 107674262  50486248  50486248  47815030  95283017  95283017 259593476
 121011319  53956680  40821005 169656020 169656020 130132664  84822112
  38378273  38378273 167726737  15954340 130372986 130372986   1812080
   1812080  98288170  88974017 186449505 144938982  83618509  58843700
  60751769 153000674 153000674 257176411  69199887  69199887  55363964
  69500766  20201614  20201614   2142116   2142116  78030182  78030182
  14024066  84942920 153351339  35023530 265771605  24041932  23730098
  23730098  49750542  21156357 171442397]",[3 3 3 ... 3 3 3],[ 51 193 310 ... 882 470 732],[   0    0 1258 ... 1411 1710  429],[   0    0  188 ... 8466    0 4712],[0 0 0 ... 0 0 0],[0 0 0 ... 0 0 0],[217882 290672 117875 ...  21808 369184  26499],[  0   0  67 ...   0 102 548],[ 2  2  2 ...  2 10 11],[1772723880 1772721120 1772721120 ... 1770123060 1770122880 1770122640]
8507274,106263941,1,1772725312,1772725252,4,1137.0,601.0,[147  50 757],44.0,2.0,1.0,56.0,115.0,128.0,1239.0,41.0,1432.0,56.0,,,,[9 4 2 6],[13 31 15 11 45],[27 50 22  2],[247 249 329 163  94],[ 518  690  527  856 1185   63],[11],2.0,37.0,[0 9 9 2 2 8 2 3 3 8],[0 9 2 5 4 3 3 2 4 9],,,32.0,1.0,3.0,,1.0,2.0,,,,,,3.0,3.0,1.0,1.0,6.0,,"[ 1.16314672e-01  7.98201710e-02  9.91880745e-02  3.27149481e-02
 -3.14592682e-02  3.49423550e-02  2.98524722e-02  4.31712158e-02
 -6.86365068e-02  1.02171987e-01 -7.83054903e-03  2.57149506e-02
 -4.69075218e-02 -1.67927947e-02  1.05149642e-01 -1.10743307e-02
  3.49473245e-02  4.55261581e-03  8.86691455e-03 -1.02681175e-01
  1.01490729e-02 -3.85300070e-02 -1.24038784e-02 -3.70992790e-03
 -1.12363115e-01 -4.24078491e-04 -5.41185364e-02 -1.24643859e-03
  4.97865155e-02 -6.89814687e-02 -1.09142289e-01  1.03401005e-01
  5.81683256e-02  8.04254785e-02  8.16593990e-02  1.08363636e-01
 -1.37597710e-01  1.65597617e-03 -4.17000391e-02  4.25666012e-02
 -7.49979243e-02 -2.51708347e-02  9.23221093e-03  3.95842409e-03
 -8.33652739e-05 -7.04999119e-02 -6.12264015e-02  1.10156350e-02
 -7.81750455e-02  1.03981853e-01 -1.10720908e-02  8.37054942e-03
  2.69832872e-02 -5.31944819e-03  6.75923303e-02 -1.18927266e-02
  7.77273625e-02  6.54265508e-02 -5.67938350e-02  1.05150461e-01
 -7.28223799e-03 -2.99789719e-02 -1.10014185e-01 -1.07128419e-01
 -1.90995168e-02  1.95637885e-02  8.29480514e-02  5.39742373e-02
 -9.62428972e-02  1.19207293e-01 -1.02363154e-02 -6.99731708e-03
 -1.44540057e-01  9.68159810e-02 -9.91688743e-02  1.16102971e-01
  1.06340393e-01  6.23596124e-02  1.98927405e-03 -5.35912253e-02
 -8.01177546e-02  1.45172887e-02  6.41615242e-02 -3.66666056e-02
  3.96951213e-02 -8.75082612e-02  1.11762518e-02 -9.72345099e-02
  1.37694599e-02  1.20613307e-01  2.07809098e-02 -2.06018873e-02
  1.04038650e-03  1.08839548e-03 -4.79190098e-03 -4.36157249e-02
  1.67351551e-02 -3.31880189e-02  6.60615135e-03 -3.27787288e-02
 -1.33343533e-01 -8.53134766e-02 -5.67698255e-02 -5.19322557e-03
  2.22928561e-02 -4.99297194e-02 -3.94618325e-02  2.37792507e-02
  3.96757647e-02 -4.75897081e-02  6.00970862e-03 -2.40989197e-02
  1.03954151e-01  1.19413555e-01 -5.16900569e-02  8.77351314e-02
 -1.82261560e-02  6.76569855e-03  1.33826742e-02  8.30291659e-02
 -1.26349777e-02  5.02834981e-03  3.55859213e-02  6.79928958e-02
 -5.25170900e-02 -1.80586986e-02 -4.13954817e-02  9.29705426e-03
 -3.58137451e-02 -6.65175617e-02  5.77729195e-02  6.72921538e-02
 -2.71377936e-02 -9.83698890e-02 -4.71110716e-02 -1.10837385e-01
  2.32349616e-02 -1.45537918e-02 -4.18232344e-02 -1.28912758e-02
 -6.40296191e-02 -7.52571505e-03 -1.01779453e-01  6.01908788e-02
 -7.45944753e-02 -2.89117470e-02  1.02418177e-02 -1.84137803e-02
  1.07644685e-02 -2.69761495e-02  7.10531920e-02 -9.44963284e-03
  1.39985522e-02 -2.32935492e-02 -4.65934724e-02 -1.68734032e-03
  2.24523842e-02  5.75029058e-03 -2.54565403e-02 -2.59818230e-02
 -1.51515501e-02  5.92170544e-02 -9.44778472e-02  3.13354544e-02
  1.36566693e-02 -3.33795212e-02 -1.26507252e-01 -1.06905557e-01
  1.07639328e-01 -4.67429571e-02  7.81234577e-02 -4.70551550e-02
  6.81519043e-03 -6.99797869e-02 -9.21977498e-03 -4.17606393e-03
  1.17597356e-02 -1.25387460e-01 -9.19283330e-02 -8.88105482e-02
 -5.73914498e-02  9.91195813e-02  8.95447284e-02  9.53986198e-02
 -4.67057824e-02 -1.09917134e-01 -1.22107416e-02  8.71322863e-03
  3.14472499e-03 -2.81079877e-02 -1.03133515e-01  2.58655809e-02
  3.15657482e-02  6.53515607e-02  8.16579312e-02 -1.23719238e-01
 -6.40756786e-02  1.08731449e-01  1.99183077e-02 -1.06039844e-01
  1.88163705e-02 -9.47084576e-02  4.43576723e-02  6.89175054e-02
 -3.06021981e-02  1.48962485e-02  1.09383136e-01 -2.92259790e-02
 -7.66072348e-02 -7.36232251e-02  9.19623487e-03 -3.99873257e-02
 -1.72858629e-02 -1.20454639e-01  2.57131495e-02  7.68176243e-02
  5.91024719e-02 -1.07112870e-01  6.72448426e-02  2.16950476e-02
  8.85132328e-03 -5.17939441e-02  4.37932983e-02  5.15147857e-02
  3.27862576e-02 -3.57316881e-02  4.14832979e-02  1.19583728e-02
  9.08512156e-03  1.03586420e-01 -4.80542779e-02  1.18047209e-03
  1.69976652e-01 -3.12403534e-02 -5.19334571e-03 -5.87996142e-03
 -4.51099351e-02 -5.17007113e-02  2.22653244e-02 -1.65335834e-02
 -8.12983066e-02  1.87677667e-02 -1.39314393e-02  7.04438239e-02
  6.87141269e-02 -6.24025054e-02 -7.29704201e-02  1.45082735e-02
 -2.87077688e-02  5.79013191e-02  6.24800920e-02 -1.03790186e-01
  9.33943596e-03 -6.72608688e-02 -8.21102597e-03 -1.83533819e-03]",[45360.   6225.5  1442.     91. ],[78098.  12622.   6225.5  1442.     91. ],[45360.   6225.5  1442.     91. ],[45360.  8462.  3989.  1442.    91.],[78098. 12622.  8462.  3989.  1442.    91.],"[-1.251e-01  1.285e-01 -5.430e-02 -1.916e-01  1.226e-01 -4.680e-02
  2.420e-02 -1.054e-01 -1.562e-01  1.605e-01  8.740e-02 -1.242e-01
 -3.868e-01 -1.901e-01  1.628e-01  1.497e-01  9.050e-02  3.269e-01
 -2.187e-01 -3.031e-01  8.170e-02  1.920e-02  1.501e-01 -3.121e-01
 -1.199e-01  1.260e-01 -2.951e-01  9.900e-02 -1.346e-01 -9.670e-02
 -7.100e-02  2.236e-01 -6.300e-02  2.968e-01 -1.018e-01 -5.920e-02
  4.010e-02  5.800e-03  1.354e-01  2.393e-01 -3.530e-02  7.000e-02
  1.261e-01 -1.133e-01 -6.039e-01 -6.950e-02 -1.433e-01  1.900e-03
  2.070e-01  8.170e-02 -2.039e-01 -2.433e-01 -1.920e-02  4.480e-02
  1.164e-01 -3.045e-01  8.860e-02  1.797e-01 -1.434e-01  8.190e-02
 -8.360e-02 -2.142e-01  1.089e-01 -2.820e-02  1.542e-01  1.448e-01
 -1.481e-01 -2.320e-01  1.185e-01 -2.000e-04  2.570e-02  1.666e-01
 -3.196e-01  7.460e-02 -7.620e-02  8.160e-02 -1.667e-01  7.390e-02
  5.620e-02  7.710e-02  2.580e-02  1.088e-01  1.380e-02 -2.590e-02
 -2.713e-01 -1.757e-01 -3.900e-02 -7.500e-02  4.433e-01 -2.401e-01
 -2.413e-01 -2.852e-01 -2.051e-01 -2.886e-01 -1.506e-01  8.840e-02
  2.640e-02 -9.740e-02 -1.230e-02 -2.692e-01  1.417e-01  1.543e-01
  2.192e-01 -1.436e-01  9.900e-03 -4.660e-02  2.517e-01 -1.301e-01
 -4.377e-01  1.116e-01 -2.188e-01  2.870e-02  9.990e-02  3.336e-01
 -7.400e-03 -3.088e-01  5.090e-02 -4.320e-02  3.110e-02 -4.177e-01
  1.057e-01 -6.760e-02 -1.022e-01  6.960e-02 -4.460e-02 -1.148e-01
  1.625e-01  1.170e-02 -3.810e-02  8.780e-02  1.870e-02 -1.420e-02
  2.682e-01 -5.330e-02 -1.180e-02  1.415e-01  1.200e-01  3.850e-02
  1.314e-01  1.217e-01 -1.350e-02  2.204e-01  4.550e-02  1.540e-01
  3.179e-01  2.951e-01 -1.126e-01 -1.620e-01 -3.340e-02  7.740e-02
 -4.220e-02 -3.180e-01  1.234e-01  2.362e-01 -2.810e-01 -2.775e-01
 -4.185e-01 -1.541e-01 -6.980e-02  7.100e-02  0.000e+00  0.000e+00
  0.000e+00  0.000e+00  0.000e+00  0.000e+00  0.000e+00  0.000e+00
  0.000e+00  0.000e+00  0.000e+00  0.000e+00  0.000e+00  0.000e+00
  0.000e+00  0.000e+00  0.000e+00  0.000e+00  0.000e+00  0.000e+00
  0.000e+00  0.000e+00  0.000e+00  0.000e+00  0.000e+00  0.000e+00
  0.000e+00  0.000e+00  0.000e+00  0.000e+00  0.000e+00  0.000e+00
  0.000e+00  0.000e+00  0.000e+00  0.000e+00  0.000e+00  0.000e+00
  0.000e+00  0.000e+00  0.000e+00  0.000e+00  0.000e+00  0.000e+00
  0.000e+00  0.000e+00  0.000e+00  0.000e+00  0.000e+00  0.000e+00
  0.000e+00  0.000e+00  0.000e+00  0.000e+00  0.000e+00  0.000e+00
  0.000e+00  0.000e+00  0.000e+00  0.000e+00  0.000e+00  0.000e+00
  0.000e+00  0.000e+00  0.000e+00  0.000e+00  0.000e+00  0.000e+00
  0.000e+00  0.000e+00  0.000e+00  0.000e+00  0.000e+00  0.000e+00
  0.000e+00  0.000e+00  0.000e+00  0.000e+00  0.000e+00  0.000e+00
  0.000e+00  0.000e+00  0.000e+00  0.000e+00  0.000e+00  0.000e+00
  0.000e+00  0.000e+00  0.000e+00  0.000e+00  0.000e+00  0.000e+00
  0.000e+00  0.000e+00  0.000e+00  0.000e+00  0.000e+00  0.000e+00
  0.000e+00  0.000e+00  0.000e+00  0.000e+00  0.000e+00  0.000e+00
  0.000e+00  0.000e+00  0.000e+00  0.000e+00  0.000e+00  0.000e+00
  0.000e+00  0.000e+00  0.000e+00  0.000e+00  0.000e+00  0.000e+00
  0.000e+00  0.000e+00  0.000e+00  0.000e+00  0.000e+00  0.000e+00
  0.000e+00  0.000e+00  0.000e+00  0.000e+00  0.000e+00  0.000e+00
  0.000e+00  0.000e+00  0.000e+00  0.000e+00  0.000e+00  0.000e+00
  0.000e+00  0.000e+00  0.000e+00  0.000e+00  0.000e+00  0.000e+00
  0.000e+00  0.000e+00  0.000e+00  0.000e+00  0.000e+00  0.000e+00
  0.000e+00  0.000e+00  0.000e+00  0.000e+00  0.000e+00  0.000e+00
  0.000e+00  0.000e+00  0.000e+00  0.000e+00  0.000e+00  0.000e+00
  0.000e+00  0.000e+00]","[-0.004  -0.0546  0.1963  0.6561  0.2378 -0.5903 -0.3389 -0.0893 -0.012
 -0.0015]","[-0.004  -0.0546  0.1963  0.6561  0.2378 -0.5903 -0.3389 -0.0893 -0.012
 -0.0015]",,90.0,518.0,455.0,1035.0,29.0,214.0,[ 2025 12163],1509.0,2.0,8764.0,2.0,29.0,134.0,873.0,[     0      0      0 ... 673297 401175  61669],[1772718480 1772718420 1772718180 ... 1746166052 1745561608 1745235927],[ 2  2  2 ... 13 13 13],[ 6  6  6 ... 10 10 10],[187 187 187 ... 648 648 737],[   0    0    0 ...  305 1098  904],[    0     0     0 ...  8601 11307 11745],[   0    0    0 ...    0 2423    0],[14  1  1 ... 17 17 17],"[1772032873 1772032818 1772032778 1772032544 1771902252 1771889933
 1771889928 1771768292 1771766926 1771766236 1771765999 1771765997
 1771765848 1771765735 1771727760 1771556592 1771556487 1771555212
 1771555205 1771127405 1771127396 1771041420 1771041232 1771039974
 1771039293 1770984407 1770984171 1770984064 1770968327 1770967976
 1770900754 1770900313 1770826260 1770826024 1770825528 1770800791
 1770800477 1770800195 1770799914 1770785791 1770732545 1770637192
 1770568178 1770568178 1770553138 1770553125 1770553029 1770552993
 1770552985 1770552943 1770552930 1770552896 1770552745 1770552742
 1770548573 1770548391 1770548314 1770547442 1770391386 1770391372
 1770371861 1770307501 1770307493 1770307480 1770307480 1770307471
 1770307461 1770307444 1770307431 1770307427 1770306893 1770251326
 1770217839 1770217372 1770216773 1770213708 1770205347 1770205324
 1769851655 1769849736 1769692412 1769684517 1769684510 1769674749
 1769674715 1769674665 1769674626 1769674621 1769430042 1769355903
 1769344437 1769303350 1769182287 1769154413 1769095929 1769012513
 1769012188 1769011012 1769010989 1768897599 1768897088 1768896710
 1768896458 1768896295 1768896134 1768895849 1768895833 1768834726
 1768833248 1768833182 1768833181 1768831500 1768831442 1768831441
 1768809373 1768809291 1768808713 1768808360 1768807934 1768751609
 1768751076 1768733586 1768733561 1768638928 1768581458 1768580418
 1768580319 1768580239 1768580093 1768579185 1768566278 1768466079
 1768466068 1768458340 1768458336 1768458316 1768458264 1768458261
 1768405438 1768260673 1768260650 1768228458 1768227505 1768227443
 1768227058 1768225246 1768224476 1768224351 1768224260 1768221878
 1768135818 1768057265 1768036766 1768035941 1768030806 1768030456
 1767770362 1767769517 1767769442 1767611283 1767611270 1767611164
 1767338968 1767338556 1767191232 1767110132 1767109116 1767108908
 1767108392 1767108170 1767082009 1767081275 1767081194 1767064019
 1766674905 1766674261 1766659846 1766657280 1766640536 1766507193
 1766482985 1766482966 1766420028 1766420014 1766420008 1766419997
 1766419930 1766419819 1766419809 1766419799 1766419779 1766419754
 1766401294 1766383740 1766382780 1766382720 1766382660 1765988843
 1765988798 1765988787 1765988765 1765988755 1765988707 1765988663
 1765988653 1765988618 1765876383 1765876148 1765875969 1765875819
 1765875741 1765875598 1765875155 1765875041 1765776842 1765639813
 1765638160 1765637987 1765625296 1765625267 1765559158 1765559075
 1765559062 1765559057 1765559027 1765558965 1765558947 1765558943
 1765558922 1765558917 1765532037 1765531101 1765530869 1765375914
 1765032666 1765032629 1765032609 1765032589 1765032569 1765019184
 1765019030 1765018991 1765018978 1765018914 1765018853 1765018709
 1765018691 1765018250 1765018183 1765018139 1765018130 1765017928
 1765017913 1765017881 1765017564 1765017542 1765017441 1765017388
 1765017376 1765017291 1765017278 1765016516 1764862627 1764862093
 1764861979 1764861175 1764860944 1764774999 1764774977 1764774972
 1764774966 1764774956 1764774891 1764774865 1764774814 1764774794
 1764774772 1764774754 1764774687 1764774103 1764773986 1764773856
 1764773785 1764773673 1764773662 1764773636 1764773604 1764773553
 1764773482 1764687989 1764687139 1764686809 1764686681 1764686581
 1764686515 1764686308 1764686072 1764685946 1764685807 1764685623
 1764685554 1764592917 1764589671 1764589653 1764515266 1764515233
 1764513751 1764512991 1764511140 1764510798 1764510684 1764510402
 1764510309 1764509505 1764509201 1764509139 1764509035 1764508926
 1764508901 1764347252 1764346893 1764346880 1764346860 1764346859
 1764346859 1764346818 1764346809 1764346799 1764346753 1764346596
 1764346576 1764346546 1764346390 1764346051 1764345744 1764345704
 1764345295 1764345254 1764345248 1764345222 1764344748 1764344347
 1764344070 1764344028 1764344023 1764344017 1764344012 1764344003
 1764343994 1764343963 1764343939 1764343613 1764343593 1764343583
 1764343527 1764259329 1764259169 1764258994 1764177086 1764175954
 1764085823 1763997398 1763997333 1763993940 1763993203 1763993051
 1763741315 1763741283 1763741280 1763741269 1763741251 1763741241
 1763741196 1763741184 1763741158 1763740855 1763740332 1763740321
 1763740310 1763740286 1763740270 1763740240 1763740230 1763740216
 1763740200 1763740185 1763740174 1763740139 1763740127 1763740109
 1763740099 1763740087 1763740052 1763637022 1763637004 1763636785
 1763636711 1763636675 1763636665 1763636525 1763635723 1763635695
 1763635695 1763635689 1763635643 1763635627 1763634822 1763632008
 1763631995 1763631978 1763631975 1763631957 1763631923 1763568025
 1763567998 1763567968 1763567726 1763567720 1763567708 1763567670
 1763567664 1763567653 1763567638 1763567606 1763567592 1763567584
 1763565813 1763287095 1763287091 1763285983 1763125594 1762997700
 1762994820 1762994700 1762934340 1762934280 1762934220 1762930440
 1762907640 1762849440 1762848480 1762848300 1762848120 1762848120
 1762848120 1762848000 1762825560 1762825080 1762791120 1762791000
 1762790989 1762790842 1762790832 1762790822 1762753740 1762677480
 1762677420 1762677360 1762677300 1762677300 1762673760 1762673580
 1762673580 1762600642 1762593540 1762593540 1762593540 1762592520
 1762581960 1762581840 1762577920 1762577591 1762577401 1762527600
 1762527180 1762527180 1762512540 1762512240 1762512060 1762511940
 1762511880 1762511820 1762510500 1762510440 1762510200 1762505760
 1762500960 1762500900 1762500480 1762500360 1762500300 1762500000
 1762477560 1762426200 1762425960 1762425240 1762421580 1762421580
 1762419720 1762418340 1762418340 1762358640 1762339080 1762339020
 1762338720 1762334280 1762331520 1762331280 1762331280 1762270200
 1762270140 1762268400 1762157820 1762157760 1762157460 1762089757
 1762088997 1762087080 1762087020 1762086720 1762078320 1762078260
 1762078140 1762077960 1761984840 1761984780 1761984660 1761981060
 1761961920 1761961800 1761961740 1761961680 1761925740 1761918840
 1761891180 1761891000 1761826380 1761826200 1761824580 1761824520
 1761824460 1761810300 1761753000 1761752760 1761752640 1761752520
 1761752400 1761751860 1761750840 1761750420 1761749100 1761748380
 1761748200 1761747660 1761747600 1761747540 1761746640 1761746040
 1761745980 1761745920 1761743520 1761718077 1761717891 1761665940
 1761655500 1761645540 1761645480 1761645360 1761645240 1761645180
 1761645120 1761645060 1761645000 1761644940 1761644880 1761644820
 1761644760 1761644700 1761640440 1761640380 1761640020 1761639960
 1761639900 1761638884 1761638790 1761638577 1761638434 1761635188
 1761634841 1761634754 1761634538 1761633102 1761632398 1761632180
 1761632026 1761629113 1761628882 1761619867 1761619097 1761575760
 1761575580 1761574080 1761573780 1761572400 1761571680 1761571020
 1761570060 1761569760 1761569580 1761569280 1761569280 1761569100
 1761568440 1761568320 1761566520 1761559948 1761559781 1761559504
 1761559421 1761559241 1761559141 1761559010 1761558884 1761558653
 1761558541 1761558303 1761558144 1761558081 1761557911 1761557756
 1761557543 1761557483 1761557360 1761552776 1761549928 1761549754
 1761549408 1761545132 1761544992 1761544914 1761544215 1761542738
 1761542576 1761532140 1761493620 1761471371 1761471134 1761471060
 1761470520 1761470460 1761470372 1761470340 1761470280 1761470220
 1761470191 1761470189 1761470160 1761463980 1761463902 1761402904
 1761402618 1761402347 1761402274 1761402067 1761400894 1761362640
 1761362520 1761362520 1761360960 1761360900 1761334980 1761334860
 1761322320 1761322260 1761322200 1761322080 1761322020 1761321960
 1761321900 1761321840 1761321300 1761321240 1761320940 1761320880
 1761320820 1761316320 1761316260 1761314580 1761314220 1761314040
 1761313980 1761313440 1761312960 1761312652 1761312326 1761312180
 1761311640 1761310920 1761310320 1761310200 1761309720 1761309720
 1761309600 1761309420 1761308160 1761307920 1761307620 1761307440
 1761307140 1761306538 1761306420 1761306340 1761306281 1761306209
 1761305220 1761305033 1761275820 1761275820 1761274440 1761274200
 1761230400 1761230340 1761228480 1761214920 1761196920 1761189420
 1761178020 1761097860 1761097260 1761070500 1761044344 1761043828
 1761043372 1761043371 1761043229 1761042772 1761042320 1761042099
 1761042070 1761041571 1760952840 1760937300 1760937180 1760930100
 1760929980 1760929860 1760929800 1760924160 1760876460 1760875244
 1760783580 1760783280 1760782641 1760773800 1760772060 1760771760
 1760771700 1760771580 1760771520 1760681580 1760660340 1760626741
 1760625492 1760545080 1760544720 1760544660 1760544600 1760544480
 1760544420 1760517060 1760452500 1760448420 1760448360 1760446860
 1760446620 1760446560 1760424180 1760398740 1760398680 1760398260
 1760370015 1760369112 1760369051 1760368873 1760360000 1760349905
 1760331960 1760331900 1760331540 1760284980 1760264592 1760263680
 1760263440 1760263320 1760262840 1760259060 1760243580 1760242920
 1760242560 1760242440 1760242440 1760242320 1760236260 1760192940
 1760192880 1760192880 1760189940 1760184667 1760184572 1760184510
 1760184354 1760183948 1760183758 1760178642 1760178495 1760178472
 1760176980 1760176140 1760170980 1760110428 1760110055 1760101200
 1760100900 1760099700 1760083380 1760079766 1760079084 1760078856
 1760060460 1760060280 1760053140 1760053020 1760050560 1760020800
 1760006220 1760006160 1760005860 1760005776 1760005680 1760005595
 1760005239 1760004758 1760004402 1760004382 1760003400 1760002860
 1760002860 1759995600 1759989900 1759989540 1759969980 1759936893
 1759936265 1759935135 1759935063 1759929600 1759929600 1759929480
 1759929420 1759929300 1759928220 1759927980 1759919280 1759839780
 1759839660 1759832264 1759756380 1759754280 1759749240 1759742460
 1759742340 1759740900 1759735500 1759735020 1759731480 1759731180
 1759730940 1759730340 1759573827 1759486903 1759486081 1759481460
 1759481340 1759462140 1759461960 1759461840 1759461780 1759459080
 1759459020 1759455360 1759455180 1759455060 1759411680 1759411380
 1759401474 1759401209 1759401198 1759400745 1759400520 1759400469
 1759400400 1759400314 1759400190 1759399673 1759306380 1759305780
 1759305600 1759305540 1759304770 1759287480 1759279260 1759247340
 1759247040 1759246800 1759246680 1759245960 1759245780 1759245600
 1759245420 1759245240 1759245180 1759245120 1759245060]","[25 25 25 22 20 24 25 22 22 22 22 22 22 22  8 22 22 22  8 24 25 22 22 22
 22 22 22 22 22 22 22 22 22 22 22 22 22 22 22 22 22 22 25 24 24 24 24 25
 25 25 24 25 24 25 22 22 22 22 24 25 24 24 25 25 24 25 24 25 24 25 22  6
 22 22 22 22 24 25 22 24 24 24  1 24  1 24 24 24 22 24 22 22 24 22 22 22
 22  8 22 22 22 22 22 22 22  8 22 22 22  8 22 22  8 22 22 22 22 22  8 22
 22 24  1 24 22 22 22 22  8 22 24  5  5  1 24 24 24  7 22 24 24 22 22 22
 22 22 22 22 22 24 26 22 22 22 22 22 22 22 22 24 24 24 22 22 24 22 22 22
 22 22 22 22 22 24 22 22 26  8 24  6 24 20  5 24  1  5  5  5  5  5  5  5
 26  8  8  8  8 24 24  1 24 24 24 24 24  1 22 22 22 22 22 22 22 22  6 22
 22 22 24 24 24 24 24  1 24 24 24 24 24 24 22 22 22 24 24 24  1 24 24  5
 24 24 24  1 24 24 24  5 24 24 24 24 24 24 24  8 24 24 24 24 24 24 22 22
 22 22 22  5 24  1  5 24  5  5  7  5 24  5 24  5  5  5  5  1 24 24 24  5
  5 22 22 22 22 22 22 22 22 22 22 22 22  1  1  1  7 24 26  5 22 22 22 22
 22 22 22 22 22 22 22  1 20  5  1 24  5 24  5  5  5  5  5  5 20  5  5  5
 20 24  1 20 24  7  5  1 24 24  1  5  5  5  5  5  5  5  5 24 24 24 20  7
 24 24  5 22 22 22  5  1 24  5  5  5  5  5  5  5  5  5  5  5  5  5  5  5
  5  5  5  5  5  5  5  5  5 20 24  5  5  5  5  5  5 24  5  1  5  5 26  5
  5  5 24  1  5  5  5  5  7  5  5 24  1 24  5 24 24 24 24 24 24 24 24 19
 19 19 19 19 19 19 19 19 19 19 19 19 19 19 19 19 19 19 24 24 24 24 19 19
 19 19 19 19 19 19 19 26 19 19 19 19 19 19 22 22 22 19 19 19 19 19 19 19
 19 19 19 19  8 19 19 19 19 19 19 19 19 19 19 19 19 19 19 19 19 19 19 19
 19 19 19 19 19 19 19 19 19 19 19 22 22 19 19 19 19 19 19 19 19 19 19 19
 19 19 19 19 19 19 19 19 19 19 19 19 19 19 19 19 19 19 19 19 19 19 19 19
 19 19 19 19 19 19 19 19 19 22 22 19 19 19 19 19 19 19 19 19 19 19 19 19
 19 19 19 19 19 19 19 22 22 22 22 22 22 22 22 22 22 22 22 22 22 22 22 19
 19 19 19 19 19 19 19 19 19 19 19 19 19 19 19 22 22 22 22 22 22 22 22 22
 22 22 22 22 22 22 22 22 22 22 22 22 22 22 22 22 22 22 22 19 19 22 22 19
 19 19 22 19 19 19 22 22 19 19 24 22 22 22 22 22 22 19 19 19 19 19 19 19
 19 19 19 19 19 19 19 19 19 19  8  8  8 19 19 19 19 19 19 19 19 22 22 19
 19 19 19 19 19 19 19 19 19 19 19 19 19 24 19  1 24 24 19 24 19 19 19 19
 19 19 19 19 19 19 19 19 19 19 22 22 22 22 22 22  8 22 22 22 19 19 19 19
 19 19 19 19 19 24 19 19 24 19 19 19 19 19 19 19 19 22 22 19 19 19 19 19
 19 19 19 19 19 19 19 19 19 19 19 19 22 22 22 22 22 24 19 19 19 19 24 19
 19 19 19 19 19 19 19 19 19 19 19 19 19 19 19 22 22 22 22 22 22 24 24 24
 19 19 19 22 22 19 19 19 19 22 22 22 19 19 19 19 19 19 19 19 19 24 19  1
 24 24 24 24 19 19 19 19 19 19 19 22 22 22 22 19 19 19 19 19 19 19 19 19
 19 24 19 19 19 19 19 19 19 19 19 19 19 19  6 24 24 19 19 19 19 19 19 19
 19 19 19 19 19 19 24 24 24 24 19 24 19 24  1 24 19 19 19 19  5 19 19 19
 19 19 19 19 19 19 19 19 19 19 19]","[ 29860658  29860658  29860658  16189497  63769003  12792740  12792740
  16189497  16189497  16189497  16189497  16189497  16189497  16189497
  54668214  16189497  16189497  16189497  16189497  66936273  66936273
  16189497  16189497  16189497  16189497  16189497  16189497  16189497
  16189497  16189497  16189497  16189497  16189497  16189497  16189497
  16189497  16189497  16189497  16189497  77235729  16189497  16189497
  74535176  74535176  42375140  42375140  42375140  42375140  42375140
  35566525  35566525  35566525  60480825  60480825  16189497  16189497
  16189497  16189497  57626659  57626659  54509203  57626659  57626659
  57626659  57626659  57626659  57626659  57626659  57626659  57626659
  16189497  21061656  16189497  16189497  16189497  16189497  54509203
  54509203  16189497  34669627  23006098  45518272  45518272  17911062
  17911062  17911062  17911062  17911062  16189497  57626659  16189497
   8593051  58395165  16189497  49928622  16189497  16189497  16189497
  16189497  16189497  16189497  16189497  16189497  16189497  16189497
  16189497  16189497  16189497  16189497  16189497  16189497  16189497
  16189497  16189497  16189497  16189497  16189497  16189497  16189497
  16189497  16189497  72783527  72783527   2910109  16189497  16189497
  16189497  16189497  16189497  16189497  67144778  74385640  74385640
  24165118  24165118  24165118  24165118 123270214  16189497  34692447
  34692447  16189497  16189497  16189497  16189497  16189497  16189497
  16189497  16189497  77306612  77414909  16189497  16189497  16189497
  16189497  16189497  16189497  16189497  16189497  64251972  38201310
  11760282  16189497  16189497  52288666  16189497  16189497  16189497
  16189497  16189497  16189497  16189497  16189497  73437452  16189497
  16189497  57074087  74168007  36957679  21377593  38745489  71957950
 134517052  71380447  71380447 134517052 134517052 134517052 134517052
 134517052 134517052 134517052  76444282  74168007  58679409  58679409
  58679409  14041124  27305930  27305930  27305930  27305930  27305930
  27305930  27305930  52862446  16189497  16189497  16189497  16189497
  16189497  16189497  16189497  16189497  45646938  16189497  16189497
  16189497  66641960  66523753   2116030   2116030  74063618   2116030
   2116030  74063618  74063618   2116030   2116030  74063618  16189497
  16189497  16189497   5544794  77436488  77436488  77436488  77436488
  77436488  63436786  73089933  73089933   7150555  73089933  40449269
  37196321  37196321  54757118  30326058  20353653  20353653  69957571
  25483340  34332504  60098663  47076680  34948937  65506123  65506123
  69499872  66095425  74280548  16189497  16189497  16189497  16189497
  16189497 105671891 126419353 126419353 105671891 126419353 105671891
 105671891 105671891 105671891 126419353 105671891 126419353  79929570
  79929570  79929570  79929570  75680814  75680814  75680814  75680814
  79929570  79929570  31867101  31867101  31867101  31867101  31867101
  31867101  31867101  31867101  31867101  31867101  31867101  31867101
  68739798  68739798  68739798  79289158  75680814 125829823  92875334
  16189497  16189497  16189497  16189497  16189497  16189497  16189497
  16189497  16189497  16189497  16189497  68739798   8790227   8790227
  68739798  68739798   8790227  68739798   8790227   8790227   8790227
   8790227   8790227   8790227   8790227   8790227   8790227   8790227
   8790227  68739798  68739798   8790227  68739798   8790227   8790227
  68739798  68739798  68739798  68739798   8790227   8790227   8790227
   8790227   8790227   8790227   8790227   8790227  72613314   9193400
  27048912 108071670 108071670  39602101  48558122   9615060  16189497
  16189497  16189497 116362904  48824429  48824429 116362904 116362904
 116362904 116362904 116362904 116362904 116362904 116362904 116362904
 116362904 116362904 116362904 116362904 116362904 116362904 116362904
 116362904 116362904 116362904 116362904 116362904 116362904 116362904
 116362904 106102808   8674440 106102808 106102808 106102808 106102808
 106102808 106102808   8674440 106102808   8674440 106102808 106102808
  32135521 106102808 106102808 106102808   8674440   8674440 106102808
 110924200 110924200 110924200 110924200 110924200 110924200   8674440
   8674440   8674440 110924200   8674440   8674440   8674440  68879586
  60912763  60912763  35109079   7325212  42086057  39036349  39036349
  18779796  18779796  18779796  11393811  64489458  11393811  49991042
  49991042  10845715  49991042  77453088  49991042  58679409  58679409
   3922986   3922986  34957629  34957629  34957629  34957629   8765847
  54668214  54668214  54668214  54668214  39036349  11393811  11393811
  54668214  57202165  49021478  57457139  29488864  57457139  54668214
  54668214  16189497  16189497  16189497  39036349  39036349  11393811
  54668214  54668214  54668214  54668214  54668214  54668214  54668214
  54668214  54668214  54668214  54668214  54668214  54668214  54668214
  54668214  54668214  24907592   1705377   1705377   1705377  25466684
  20150559  67795935  67795935  11393811  73688259  11393811  11393811
  11393811  49005928  11393811  39036349  11393811  11393811  11393811
  11393811  11393811  39036349  65206576  16189497  16189497  11963100
  11963100  11963100  57457139  29488864  57457139  57457139  39036349
  39036349  39036349  39036349  57457139  57457139  57457139  57457139
   3922986  39036349  18779796  18779796  43272320  43272320  43272320
  43272320  43272320   3922986  11393811  11393811  11393811  11393811
  11393811  11393811  11393811  11393811  11393811  11393811  11393811
  54668214  11393811  11393811  11393811  11393811  11393811  11393811
  11393811  17327737  17327737  16696045  49641536  54668214  54668214
  54668214  54668214  54668214  54668214  54668214  54668214  54668214
  54668214  54668214  54668214  54668214  54668214  54668214  54668214
  54668214  54668214  17327737  17327737  17327737  17327737  17327737
  17327737  17327737  17327737  17327737  17327737  17327737  17327737
  17327737  17327737  17327737  17327737  30032104  30032104  30032104
  30032104  30032104  30032104  30032104  30032104  30032104  30032104
  54152482  30032104  30032104  54152482  40931092  40931092  17327737
  17327737  17327737  17327737  17327737  17327737  17327737  17327737
  17327737  17327737  17327737  17327737  17327737  17327737  17327737
  17327737  17327737  17327737  17327737  17327737  17327737  17327737
  17327737  17327737  17327737  17327737  17327737  17327737  39036349
    572816  17327737  17327737  47064840  47064840  47064840  51566180
  47064840  47064840  47064840  51566180  51566180  47064840   3922986
  51244598  45793818  45793818  45793818  45793818  45793818  45793818
  27224225  27224225   3922986   3922986   3922986  21596484  21596484
  47064840  47064840  47064840  47064840  47064840  47064840  47064840
  47064840  47064840  47064840  47064840  47064840  47064840  47064840
  47064840  11393811  47064840  11393811  11393811  11393811  11393811
  53427067    716086  11393811  11393811  11393811   3922986   3922986
  20150559   3922986   3922986   3922986   3922986   3922986   3922986
   3922986   3922986  77238800   3922986  44515173  44515173  44515173
   3922986  44515173  44415779  63063285  18779796  18779796  58712470
  58712470  58712470  64113526  64113526  64113526  64113526  64113526
  64113526  54668214  16189497  16189497  16189497  16189497  16189497
  16189497  16189497  16189497  16189497  16189497  74168007  64113526
  64113526  18779796  18779796  18779796  18779796  11393811   3922986
  54028130   3922986   3922986  32057714  39536721  18779796  18779796
  18779796  18779796  18779796  49005928  54668214  16189497  16189497
  54668214  54668214  54668214  54668214  54668214  54668214  39036349
   3922986  18779796  18779796  18779796  18779796  18779796  64489458
  40931092  40931092  40931092  16189497  16189497  16189497  16189497
   5576283  23413496   3922986   3922986   3922986   3922986  35713852
  11963100  11963100  11963100  18779796   3922986  24907592  24907592
   3922986   3922986   8765847   8765847   3922986  57457139  49021478
  29488864  57457139  16189497  16189497  16189497  16189497  16189497
  16189497   5656467   5656467   5656467   3922986  11963100   3922986
  16189497  16189497   3922986   3922986   3922986   3922986  16189497
  16189497  16189497  57457139  57457139  40931092  40931092  58679409
   3922986  54668214  54668214  54668214  27845394  54668214  53530337
  53530337  48537751  53530337  53530337   3922986  57457139  29488864
  36801866  44415779  44415779   3922986  16189497  16189497  16189497
  16189497   3922986  20150559   3922986   3922986   3922986   3922986
   3922986   3922986   3922986   3922986  44867403   3922986   3922986
   3922986   3922986   3922986   3922986   3922986   3922986  40931092
   3922986   3922986   3922986   9561650  42043682  65472478  17357344
  17357344  18779796  18779796  18779796  18779796   3922986   3922986
  35673626  35673626  35673626   3922986   3922986  29642833  42149103
  60115298  55756131   3922986  77030791   3922986   1132974   1132974
   1132974   3922986   3922986   3922986   3922986  13974714   3922986
   3922986  21596484  21596484  21596484  21596484  21596484  21596484
  21596484  21596484  21596484  21596484  21596484  21596484]","[705 705 705 237 260 705 705 237 237 237 237 237 237 237 385 237 237 237
 237 726 726 237 237 237 237 237 237 237 237 237 237 237 237 237 237 237
 237 237 237 155 237 237 180 180 628 628 628 628 628 628 628 628 628 628
 237 237 237 237 628 628 142 628 628 628 628 628 628 628 628 628 237 249
 237 237 237 237 142 142 237 628 628 367 367 683 683 683 683 683 237 628
 237 221 107 237 544 237 237 237 237 237 237 237 237 237 237 237 237 237
 237 237 237 237 237 237 237 237 237 237 237 237 237 246 246 180 237 237
 237 237 237 237 180   0   0 179 179 179 179   0 237 367 367 237 237 237
 237 237 237 237 237 176 201 237 237 237 237 237 237 237 237 367 367 628
 237 237 628 237 237 237 237 237 237 237 237 316 237 237 555 619 628 653
 107 107 367 169 169 367 367 367 367 367 367 367 201 619 619 619 619 628
 628 628 628 628 628 628 628 628 237 237 237 237 237 237 237 237 249 237
 237 237 628 628 400 400 400 400 400 400 400 400 400 400 237 237 237 628
 628 628 628 628 628 628 628 628 628 628 628 628 628 628 628 628 628 628
 628 628 628 628 628 628 628 628 628 628 237 237 237 237 237 628 628 628
 628 628 628 628 628 628 628 628 628 628 628 628 628 367 367 367 367 628
 628 155 155 155 155 155 155 155 155 155 155 155 155 628 628 628 130 367
 367 628 237 237 237 237 237 237 237 237 237 237 237 628 628 628 628 628
 628 628 628 628 628 628 628 628 628 628 628 628 628 628 628 628 628 628
 628 628 628 628 628 628 628 628 628 628 628 628 628 628 726 628 628 628
 367 628 180 237 237 237 426 219 219 426 426 426 426 426 426 426 426 426
 426 426 426 426 426 426 426 426 426 426 426 426 426 426 426 367 219 367
 367 367 367 367 367 219 367 219 367 367 726 367 367 367 219 219 367 367
 367 367 367 367 367 219 219 219 367 219 219 219 367 246 246 246 246 169
 385 385 472 472 472 628 472 628 447 447 519 447 447 447 619 619 385 385
 628 628 628 628 472 385 385 385 385 385 628 628 385   0 555 555 479 555
 385 385 237 237 237 385 385 628 385 385 385 385 385 385 385 385 385 385
 385 385 385 385 385 385 246 619 619 619 169 351 472 472 628 472 628 628
 628 472 628 385 628 628 628 628 628 385 385 237 237 472 472 472 555 479
 555 555 385 385 385 385 555 555 555 555 385 385 472 472 169 169 169 169
 169 385 628 628 628 628 628 628 628 628 628 628 628 385 628 628 628 628
 628 628 628 170 170 227 201 385 385 385 385 385 385 385 385 385 385 385
 385 385 385 385 385 385 385 170 170 170 170 170 170 170 170 170 170 170
 170 170 170 170 170 472 472 472 472 472 472 472 472 472 472 472 472 472
 472 169 169 170 170 170 170 170 170 170 170 170 170 170 170 170 170 170
 170 170 170 170 170 170 170 170 170 170 170 170 170 385 448 170 170 710
 710 710 155 710 710 710 155 155 710 385 367 155 155 155 155 155 155 351
 351 385 385 385 555 555 710 710 710 710 710 710 710 710 710 710 710 710
 710 710 710 628 710 628 628 628 628 221 155 628 628 628 385 385 351 385
 385 385 385 385 385 385 385 367 385 367 367 367 385 367 472 351 472 472
 628 628 628 447 447 447 447 447 447 385 237 237 237 237 237 237 237 237
 237 237 619 447 447 472 472 472 472 628 385 246 385 385 628 472 472 472
 472 472 472 472 385 237 237 385 385 385 385 385 385 385 385 472 472 472
 472 472 472 169 169 169 237 237 237 237 212 628 385 385 385 385   0 472
 472 472 472 385 246 246 385 385 472 472 385 555 555 479 555 237 237 237
 237 237 237 628 628 628 385 472 385 237 237 385 385 385 385 237 237 237
 555 555 169 169 619 385 385 385 385   0 385 628 628 628 628 628 385 555
 479 472 472 472 385 237 237 237 237 385 351 385 385 385 385 385 385 385
 385 628 385 385 385 385 385 385 385 385 169 385 385 385  23   0   0 266
 266 472 472 472 472 385 385 457 457 457 385 385 179 179 179   0 385 179
 385 628 628 628 385 385 385 385 628 385 385 555 555 555 555 555 555 555
 555 555 555 555 555]","[  12   12   12 1724 1840   12   12 1724 1724 1724 1724 1724 1724 1724
    0 1724 1724 1724 1724  281  281 1724 1724 1724 1724 1724 1724 1724
 1724 1724 1724 1724 1724 1724 1724 1724 1724 1724 1724  715 1724 1724
 2484 2484 2003 2003 2003 2003 2003 1313 1313 1313 2003 2003 1724 1724
 1724 1724 1732 1732 2358 1732 1732 1732 1732 1732 1732 1732 1732 1732
 1724  509 1724 1724 1724 1724 2358 2358 1724 1732 1732 2569 2569 2416
 2416 2416 2416 2416 1724 1732 1724 1404 1785 1724  679 1724 1724 1724
 1724 1724 1724 1724 1724 1724 1724 1724 1724 1724 1724 1724 1724 1724
 1724 1724 1724 1724 1724 1724 1724 1724 1724 1034 1034 2484 1724 1724
 1724 1724 1724 1724 1225    0    0  417  417  417  417    0 1724 1092
 1092 1724 1724 1724 1724 1724 1724 1724 1724 1888    0 1724 1724 1724
 1724 1724 1724 1724 1724 1092 1092 2020 1724 1724 2485 1724 1724 1724
 1724 1724 1724 1724 1724 1839 1724 1724    0  349 2510  146 1647 1647
  595 1944 1944  595  595  595  595  595  595  595    0  349  349  349
  349 2485 2485 2485 2485 2485 2485 2485 2485 2485 1724 1724 1724 1724
 1724 1724 1724 1724  760 1724 1724 1724 2020 1732  296  296  296  296
  296  296  296  296  296  296 1724 1724 1724 1732 2510 2510 2510 2510
 2510 2510 2510 2510 2510 2510 2510 2510 2510 2510 2510 2510 2510 2510
 2510 2510 2510 2020 2510 2510 2510 2510 2510 2510 1724 1724 1724 1724
 1724 1732 1732 1732 1732 1732 1732 1732 1732 1732 1732 1732 1732    0
    0    0    0 1092 1092 1092 1092    0    0  715  715  715  715  715
  715  715  715  715  715  715  715 1732 1732 1732 2189 1092  595 1732
 1724 1724 1724 1724 1724 1724 1724 1724 1724 1724 1724 1732 1732 1732
 1732 1732 1732 1732 1732 1732 1732 1732 1732 1732 1732 1732 1732 1732
 1732 1732 1732 1732 1732 1732 1732 1732 1732 1732 1732 1732 1732 1732
 1732 1732 1732 1732 1732 1732 1005  579 1732 1732 1092 2510 2039 1724
 1724 1724 1422  364  364 1422 1422 1422 1422 1422 1422 1422 1422 1422
 1422 1422 1422 1422 1422 1422 1422 1422 1422 1422 1422 1422 1422 1422
 1422  595  364  595  595  595  595  595  595  364  595  364  595  595
  316  595  595  595  364  364  595  595  595  595  595  595  595  364
  364  364  595  364  364  364  595  391  391  391  391  594  254  254
  831  831  831    0  831    0    0    0  371    0  550    0  349  349
    0    0 2485 2485 2485 2485    0    0    0    0    0  254    0    0
    0    0  797  797 1586  797    0    0 1724 1724 1724  254  254    0
    0    0    0    0    0    0    0    0    0    0    0    0    0    0
    0    0 1034    0    0    0  594 1121 1677 1677    0 1677    0    0
    0  855    0  254    0    0    0    0    0  254  254 1724 1724 1191
 1191 1191  797 1586  797  797  254  254  254  254  797  797  797  797
    0  254  831  831 1236 1236 1236 1236 1236    0    0    0    0    0
    0    0    0    0    0    0    0    0    0    0    0    0    0    0
    0 1083 1083    0 2523    0    0    0    0    0    0    0    0    0
    0    0    0    0    0    0    0    0    0 1083 1083 1083 1083 1083
 1083 1083 1083 1083 1083 1083 1083 1083 1083 1083 1083 1923 1923 1923
 1923 1923 1923 1923 1923 1923 1923  831 1923 1923  831  594  594 1083
 1083 1083 1083 1083 1083 1083 1083 1083 1083 1083 1083 1083 1083 1083
 1083 1083 1083 1083 1083 1083 1083 1083 1083 1083 1083 1083 1083  254
 1631 1083 1083 1669 1669 1669  715 1669 1669 1669  715  715 1669    0
 2665  715  715  715  715  715  715    0    0    0    0    0 1341 1341
 1669 1669 1669 1669 1669 1669 1669 1669 1669 1669 1669 1669 1669 1669
 1669    0 1669    0    0    0    0 1404  715    0    0    0    0    0
 1121    0    0    0    0    0    0    0    0 2665    0 2665 2665 2665
    0 2665  831 1121  831  831    0    0    0    0    0    0    0    0
    0    0 1724 1724 1724 1724 1724 1724 1724 1724 1724 1724  349    0
    0  831  831  831  831    0    0  391    0    0 1732  831  831  831
  831  831  831  855    0 1724 1724    0    0    0    0    0    0  254
    0  831  831  831  831  831  831  594  594  594 1724 1724 1724 1724
 1906 2485    0    0    0    0    0 1191 1191 1191  831    0 1034 1034
    0    0    0    0    0  797  797 1586  797 1724 1724 1724 1724 1724
 1724 1732 1732 1732    0 1191    0 1724 1724    0    0    0    0 1724
 1724 1724  797  797  594  594  349    0    0    0    0    0    0 2003
 2003 2003 2003 2003    0  797 1586  855  831  831    0 1724 1724 1724
 1724    0 1121    0    0    0    0    0    0    0    0  579    0    0
    0    0    0    0    0    0  594    0    0    0    0    0    0    0
    0  831  831  831  831    0    0 2255 2255 2255    0    0 2385 2385
 2385    0    0 2385    0 2003 2003 2003    0    0    0    0 1313    0
    0 1341 1341 1341 1341 1341 1341 1341 1341 1341 1341 1341 1341]","[ 8520  8520  8520  7339  8715  8520  8520  7339  7339  7339  7339  7339
  7339  7339     0  7339  7339  7339  7339  5762  5762  7339  7339  7339
  7339  7339  7339  7339  7339  7339  7339  7339  7339  7339  7339  7339
  7339  7339  7339  1708  7339  7339  7360  7360  5711  5711  5711  5711
  5711  4609  4609  4609  5711  5711  7339  7339  7339  7339  2482  2482
  3701  2482  2482  2482  2482  2482  2482  2482  2482  2482  7339     0
  7339  7339  7339  7339  3701  3701  7339  2046  2482  1306  1306 10253
 10253 10253 10253 10253  7339  2482  7339  7510   342  7339  8103  7339
  7339  7339  7339  7339  7339  7339  7339  7339  7339  7339  7339  7339
  7339  7339  7339  7339  7339  7339  7339  7339  7339  7339  7339  7339
  7339  1669  1669  1376  7339  7339  7339  7339  7339  7339  8998     0
     0  7396  7396  7396  7396     0  7339   842   842  7339  7339  7339
  7339  7339  7339  7339  7339  6923     0  7339  7339  7339  7339  7339
  7339  7339  7339   842   842 10226  7339  7339  9205  7339  7339  7339
  7339  7339  7339  7339  7339    52  7339  7339     0 10125  7704     0
  2815     0     0  6343  6343     0     0     0     0     0     0     0
     0 10125 10125 10125 10125  8279  4969  4969  4969  4969  4969  4969
  4969   684  7339  7339  7339  7339  7339  7339  7339  7339  5404  7339
  7339  7339  7212  3102  3480  3480  3480  3480  3480  3480  3480  3480
  3480  3480  7339  7339  7339  3102  3379  3379  3379  3379  3379     0
  3379  3379  4204  3379  3379  3379  3379  3379  3379  3379  3379  3379
  3379  3379  3379  8810  3379  3379  3379  3379  3379  3379  7339  7339
  7339  7339  7339  3102  3102  3102  3102  3102  3102  3102  3102  3102
  3102  3102  3102     0     0     0     0   842   842   842   842     0
     0  2243  2243  2243  2243  2243  2243  2243  2243  2243  2243  2243
  2243  8438  8438  8438 10293   842     0  3102  7339  7339  7339  7339
  7339  7339  7339  7339  7339  7339  7339  8438  3102  3102  8438  8438
  3102  8438  3102  3102  3102  3102  3102  3102  3102  3102  3102  3102
  3102  8438  8438  3102  8438  3102  3102  8438  8438  8438  8438  3102
  3102  3102  3102  3102  3102  3102  3102  3102 10360   141  3102  3102
   842  7704  8691  7339  7339  7339   528  6483  6483   528   528   528
   528   528   528   528   528   528   528   528   528   528   528   528
   528   528   528   528   528   528   528   528   528     0  3944     0
     0     0     0     0     0  3944     0  3944     0     0  4117     0
     0     0  3944  3944     0     0     0     0     0     0     0  3944
  3944  3944     0  3944  3944  3944  9672  3642  3642  8151  8151  1066
  1731  1731  6864  6864  6864     0  6864     0     0     0  9155     0
     0     0 10125 10125     0     0  7534  7534  7534  7534     0     0
     0     0     0  1731     0     0     0     0  9031  9031  4562  9031
     0     0  7339  7339  7339  1731  1731     0     0     0     0     0
     0     0     0     0     0     0     0     0     0     0     0     0
     0     0     0     0  1066  9735   766   766     0   766     0     0
     0  3724     0  1731     0     0     0     0     0  1731  1731  7339
  7339  9501  9501  9501  9031  4562  9031  9031  1731  1731  1731  1731
  9031  9031  9031  9031     0  1731  6864  6864  3289  3289  3289  3289
  3289     0     0     0     0     0     0     0     0     0     0     0
     0     0     0     0     0     0     0     0     0  7480  7480     0
     0     0     0     0     0     0     0     0     0     0     0     0
     0     0     0     0     0     0     0  7480  7480  7480  7480  7480
  7480  7480  7480  7480  7480  7480  7480  7480  7480  7480  7480  1654
  1654  1654  1654  1654  1654  1654  1654  1654  1654  6719  1654  1654
  6719  1066  1066  7480  7480  7480  7480  7480  7480  7480  7480  7480
  7480  7480  7480  7480  7480  7480  7480  7480  7480  7480  7480  7480
  7480  7480  7480  7480  7480  7480  7480  1731  6833  7480  7480     0
     0     0  1708     0     0     0  1708  1708     0     0  2049  1708
  1708  1708  1708  1708  1708     0     0     0     0     0     0     0
     0     0     0     0     0     0     0     0     0     0     0     0
     0     0     0     0     0     0     0     0     0  3441  2243     0
     0     0     0     0  9735     0     0     0     0     0     0     0
     0  2049     0  2049  2049  2049     0  2049  6719  2740  6864  6864
     0     0     0     0     0     0     0     0     0     0  7339  7339
  7339  7339  7339  7339  7339  7339  7339  7339 10125     0     0  6864
  6864  6864  6864     0     0  8673     0     0  3102     0  6864  6864
  6864  6864  6864  3724     0  7339  7339     0     0     0     0     0
     0  1731     0  6864  6864  6864  6864  6864  6864  1066  1066  1066
  7339  7339  7339  7339  4582  2008     0     0     0     0     0  9501
  9501  9501  6864     0     0     0     0     0     0     0     0  9031
  9031  4562  9031  7339  7339  7339  7339  7339  7339  2482  2482  2482
     0  9501     0  7339  7339     0     0     0     0  7339  7339  7339
  9031  9031  1066  1066 10125     0     0     0     0     0     0  5261
  5261  5261  5261  5261     0  9031  4562 10282  6719  6719     0  7339
  7339  7339  7339     0  9735     0     0     0     0     0     0     0
     0  2606     0     0     0     0     0     0     0     0  1066     0
     0     0     0     0     0     0     0  6864  6864  6864  6864     0
     0     0     0     0     0     0  3119  4154 10234     0     0  4154
     0  5261  5261  5261     0     0     0     0     0     0     0     0
     0     0     0     0     0     0     0     0     0     0     0]","[3837 3837 3837    0    0 3837 3837    0    0    0    0    0    0    0
    0    0    0    0    0    0    0    0    0    0    0    0    0    0
    0    0    0    0    0    0    0    0    0    0    0    0    0    0
 6602 6602 6478 6478 6478 6478 6478 5777 5777 5777 6478 6478    0    0
    0    0 6137 6137    0 6137 6137 6137 6137 6137 6137 6137 6137 6137
    0    0    0    0    0    0    0    0    0 1863 3230 1661 1661 5136
 5136 5136 5136 5136    0 6137    0    0    0    0    0    0    0    0
    0    0    0    0    0    0    0    0    0    0    0    0    0    0
    0    0    0    0    0    0    0    0    0 6536 6536 5957    0    0
    0    0    0    0    0    0    0    0    0    0    0    0    0    0
    0    0    0    0    0    0    0    0    0  564    0    0    0    0
    0    0    0    0    0    0    0 1777    0    0    0    0    0    0
    0    0    0    0    0 3664    0    0    0    0  130    0 6358    0
    0 1607 1607    0    0    0    0    0    0    0    0    0    0    0
    0    0 3718 3718 3718 3718 3718 3718 3718    0    0    0    0    0
    0    0    0    0    0    0    0    0    0 6057    0    0    0    0
    0    0    0    0    0    0    0    0    0 3025 6678 6678 6678 6678
 6678    0 6678 6678    0 6678 6678 6678 6678 6678 6678 6678 6678 6678
 6678 6678 6678    0 6678 6678 6678 6678 6678 6678    0    0    0    0
    0    0 3025 3025    0 3025    0    0    0    0 3025    0 3025    0
    0    0    0    0    0    0    0    0    0    0    0    0    0    0
    0    0    0    0    0    0    0 5322 5322 5322    0    0    0 1810
    0    0    0    0    0    0    0    0    0    0    0 5322 1810 1810
 5322 5322 1810 5322 1810 1810 1810 1810 1810 1810 1810 1810 1810 1810
 1810 5322 5322 1810 5322 1810 1810 5322 5322 5322 5322 1810 1810 1810
 1810 1810 1810 1810 1810 1810    0 4630    0    0    0  130    0    0
    0    0    0    0    0    0    0    0    0    0    0    0    0    0
    0    0    0    0    0    0    0    0    0    0    0    0    0    0
    0    0    0    0    0    0    0    0    0    0    0    0    0    0
    0    0    0    0    0    0    0    0    0    0    0    0    0    0
    0    0    0    0    0    0    0 5885 5885 1055 1055 2900    0    0
    0    0    0    0    0    0    0    0    0    0    0    0    0    0
    0    0    0    0    0    0    0    0    0    0    0    0    0    0
    0    0    0    0    0    0    0    0    0    0    0    0    0    0
    0    0    0    0    0    0    0    0    0    0    0    0    0    0
    0    0    0    0    0    0 5935    0    0    0    0    0    0    0
    0    0    0    0    0    0    0    0    0    0    0    0    0    0
    0    0    0    0    0    0    0    0    0    0    0    0    0    0
    0    0    0    0    0    0    0    0    0    0    0    0    0    0
    0    0    0    0    0    0    0    0    0    0    0    0    0    0
    0    0    0    0    0    0    0    0    0    0    0    0    0    0
    0    0    0    0    0    0    0    0    0    0    0    0    0    0
    0    0    0    0    0    0    0    0    0    0    0    0    0    0
    0    0    0    0    0    0    0    0    0    0    0    0    0    0
    0    0    0    0    0    0    0    0    0    0    0    0    0    0
    0    0    0    0    0    0    0    0    0    0    0    0    0    0
    0    0    0    0    0    0    0    0    0    0    0    0    0    0
 6452    0    0    0    0    0    0    0    0    0    0    0    0    0
    0    0    0    0    0    0    0    0    0    0    0    0    0    0
    0    0    0    0    0    0    0    0    0    0    0    0    0    0
    0    0    0    0    0    0    0    0    0 5361    0 5361 5361 5361
    0 5361    0    0    0    0    0    0    0    0    0    0    0    0
    0    0    0    0    0    0    0    0    0    0    0    0    0    0
    0    0    0    0    0    0    0 4408    0    0  631    0    0    0
    0    0    0    0    0    0    0    0    0    0    0    0    0    0
    0    0    0    0    0    0    0    0    0    0    0    0    0    0
    0  320    0    0    0    0    0    0    0    0    0    0    0    0
    0    0    0    0    0    0    0    0    0    0    0    0    0    0
    0 3230 3230 3230    0    0    0    0    0    0    0    0    0    0
    0    0    0    0    0    0    0    0    0    0    0    0    0 4312
 4312 4312 4312 4312    0    0    0    0    0    0    0    0    0    0
    0    0    0    0    0    0    0    0    0    0    0 3696    0    0
    0    0    0    0    0    0    0    0    0    0    0    0    0    0
    0    0    0    0    0    0    0    0    0    0    0    0    0    0
    0    0    0    0    0 4312 4312 4312    0    0    0    0    0    0
    0    0    0    0    0    0    0    0    0    0    0    0    0]","[     0      0      0      0 203552      0      0      0      0      0
      0      0      0      0      0      0      0      0      0 110392
 110392      0      0      0      0      0      0      0      0      0
      0      0      0      0      0      0      0      0      0      0
      0      0      0      0 209425 209425 209425 209425 209425 353166
 353166 353166 180958 180958      0      0      0      0 120596 120596
 392499 120596 120596 120596 120596 120596 120596 120596 120596 120596
      0      0      0      0      0      0 392499 392499      0 259655
      0      0      0      0      0      0      0      0      0 120596
      0      0      0      0      0      0      0      0      0      0
      0      0      0      0      0      0      0      0      0      0
      0      0      0      0      0      0      0      0      0      0
      0      0      0      0      0      0      0      0      0      0
 107464      0      0 126809 126809 126809 126809 105114      0      0
      0      0      0      0      0      0      0      0      0      0
      0      0      0      0      0      0      0      0      0      0
      0      0      0      0      0      0      0      0      0      0
      0      0      0  98388      0      0      0      0 252691      0
      0      0      0  14442  14442      0      0      0      0      0
      0      0      0      0      0      0      0      0      0      0
      0      0      0      0      0  24998      0      0      0      0
      0      0      0      0      0      0      0      0      0      0
      0      0 231712      0      0 231712 231712      0      0 231712
      0      0      0      0      0      0      0      0      0      0
 198778 198778      0 198778 240746      0      0 223383 486139      0
      0      0      0      0      0 453322      0      0      0      0
      0      0      0      0      0      0      0 137073      0      0
 137073      0 137073 137073 137073 137073      0 137073      0      0
      0      0      0 179308 179308 179308 179308      0      0      0
      0      0      0      0      0      0      0      0      0      0
      0      0      0      0      0 179308      0      0      0      0
      0      0      0      0      0      0      0      0      0      0
      0      0      0      0      0      0      0      0      0      0
      0      0      0      0      0      0      0      0      0      0
      0      0      0      0      0      0      0      0      0      0
      0      0      0      0      0      0      0      0 351824 351824
      0      0 130221      0      0      0      0      0      0      0
      0      0      0      0      0      0      0      0      0      0
      0      0      0      0      0      0      0      0      0      0
      0      0      0      0      0      0      0      0      0      0
      0      0      0      0      0      0 327558      0      0      0
      0      0      0      0      0      0      0      0      0      0
      0      0      0      0      0      0      0      0      0      0
      0      0      0      0      0      0      0      0      0      0
      0      0      0      0      0      0      0      0      0      0
      0      0      0      0      0      0      0      0      0      0
      0      0      0      0      0      0      0      0      0      0
      0      0      0      0      0      0      0      0      0      0
      0      0      0      0      0      0      0      0      0      0
      0      0      0      0      0      0      0      0      0      0
      0      0      0      0      0      0      0      0      0      0
      0      0      0      0      0      0      0      0      0      0
      0      0      0      0      0      0      0      0      0      0
      0      0      0      0      0      0      0      0      0      0
      0      0      0      0      0      0      0      0      0      0
      0      0      0      0      0      0      0      0      0      0
      0      0      0      0      0      0      0      0      0      0
      0      0      0      0      0      0      0      0      0      0
      0      0      0      0      0      0      0      0      0      0
      0      0      0      0      0      0      0      0      0      0
      0      0      0      0      0      0      0      0      0      0
      0      0      0      0      0      0      0      0      0      0
      0      0      0      0      0      0      0      0      0      0
      0      0      0      0      0      0      0      0      0      0
      0      0      0      0      0      0      0      0      0      0
      0      0      0      0      0      0      0      0      0      0
      0      0      0      0      0      0      0      0      0      0
      0      0      0      0      0      0      0      0      0      0
      0      0      0      0      0      0      0      0      0      0
      0      0      0      0      0      0      0      0      0      0
      0      0      0      0      0      0      0      0      0      0
      0 211633 211633 211633      0 211633      0      0      0      0
      0      0      0      0      0      0      0      0      0      0
      0      0      0      0      0      0      0      0      0      0
      0      0      0      0      0      0      0      0      0      0
      0      0      0      0      0      0      0      0      0      0
      0      0      0      0      0      0      0      0      0      0
      0      0      0      0      0      0      0      0      0      0
      0      0      0      0      0 134233      0      0      0      0
      0      0      0      0      0      0      0      0      0      0
      0      0      0      0      0      0      0      0      0      0
      0      0      0 216126 216126 216126      0      0      0      0
      0      0      0      0      0      0      0      0      0      0
      0      0      0      0      0      0      0      0      0 230842
 230842 127135 230842 230842      0      0      0      0      0      0
      0      0      0      0      0      0      0      0      0      0
      0      0      0      0      0 108023      0      0      0      0
      0      0      0      0      0      0      0      0      0      0
      0      0      0      0      0      0      0      0      0      0
      0      0      0      0 142045  54870 107716      0      0 446851
      0 114965 114965 114965      0      0      0      0      0      0
      0      0      0      0      0      0      0      0      0      0
      0      0      0]","[ 0  0  0  0 24  0  0  0  0  0  0  0  0  0 15  0  0  0  0  0  0  0  0  0
  0  0  0  0  0  0  0  0  0  0  0  0  0  0  0  0  0  0  0  0  0  0  0  0
  0  0  0  0  0  0  0  0  0  0  0  0  0  0  0  0  0  0  0  0  0  0  0 15
  0  0  0  0  0  0  0  0  0  0  0  0  0  0  0  0  0  0  0  0  0  0  0  0
  0  0  0  0  0  0  0  0  0  0  0  0  0  0  0  0  0  0  0  0  0  0  0  0
  0  0  0  0  0  0  0  0  0  0  0  0  0  0  0  0  0  0  0  0  0  0  0  0
  0  0  0  0  0  0 15  0  0  0  0  0  0  0  0  0  0  0  0  0  0  0  0  0
  0  0  0  0  0  0  0  0 15 26  0 29  0 15 15  0  0 15 15 15 15 15 15 15
 15 26 26 26 26  0  0  0  0  0  0  0  0  0  0  0  0  0  0  0  0  0 15  0
  0  0  0  0  0  0  0  0  0  0  0  0  0  0  0  0  0  0  0  0  0  0  0 15
  0  0  0  0  0  0  0 15  0  0  0  0  0  0  0 15  0  0  0  0  0  0  0  0
  0  0  0 15  0  0 15  0 15 15 15 15  0 15  0 15 15 15 15  0  0  0  0 15
 15  0  0  0  0  0  0  0  0  0  0  0  0  0  0  0 15  0 15 15  0  0  0  0
  0  0  0  0  0  0  0  0 15 15  0  0 15  0 15 15 15 15 15 15 15 15 15 15
 15  0  0 15  0 15 15  0  0  0  0 15 15 15 15 15 15 15 15  0  0  0 15 15
  0  0 15  0  0  0 15  0  0 15 15 15 15 15 15 15 15 15 15 15 15 15 15 15
 15 15 15 15 15 15 15 15 15 15  0 15 15 15 15 15 15  0 15  0 15 15 15 15
 15 15  0  0 15 15 15 15 15 15 15  0  0  0 15  0  0  0  0  0  0  0  0 15
 15 15 26 26 26 15 26 15  1  1 12  1  1  1 26 26 15 15  0  0  0  0 26 15
 15 15 15 15 15 15 15  0 15 15 10 15 15 15  0  0  0 15 15 15 15 15 15 15
 15 15 15 15 15 15 15 15 15 15 15 15 15 26 26 26 15  5 26 26 15 26 15 15
 15 26 15 15 15 15 15 15 15 15 15  0  0 26 26 26 15 10 15 15 15 15 15 15
 15 15 15 15 15 15 26 26 15 15 15 15 15 15 15 15 15 15 15 15 15 15 15 15
 15 15 15 15 15 15 15 15 15  0  0  5 15 15 15 15 15 15 15 15 15 15 15 15
 15 15 15 15 15 15 15  0  0  0  0  0  0  0  0  0  0  0  0  0  0  0  0 26
 26 26 26 26 26 26 26 26 26 26 26 26 26 15 15  0  0  0  0  0  0  0  0  0
  0  0  0  0  0  0  0  0  0  0  0  0  0  0  0  0  0  0  0 15 26  0  0  6
  6  6  0  6  6  6  0  0  6 15  0  0  0  0  0  0  0  5  5 15 15 15 15 15
  6  6  6  6  6  6  6  6  6  6  6  6  6  6  6 15  6 15 15 15 15  0  0 15
 15 15 15 15  5 15 15 15 15 15 15 15 15  0 15  0  0  0 15  0 26  5 26 26
 15 15 15  1  1  1  1  1  1 15  0  0  0  0  0  0  0  0  0  0 26  1  1 26
 26 26 26 15 15  0 15 15  0 26 26 26 26 26 26 26 15  0  0 15 15 15 15 15
 15 15 15 26 26 26 26 26 26 15 15 15  0  0  0  0  0 15 15 15 15 15  0 26
 26 26 26 15 15 15 15 15 26 26 15 15 15 10 15  0  0  0  0  0  0 15 15 15
 15 26 15  0  0 15 15 15 15  0  0  0 15 15 15 15 26 15 15 15 15  0 15 15
 15 15 15 15 15 15 10 26 26 26 15  0  0  0  0 15  5 15 15 15 15 15 15 15
 15 15 15 15 15 15 15 15 15 15 15 15 15 15 11  0  0 11 11 26 26 26 26 15
 15  9  9  9 15 15 15 15 15  0 15 15 15 15 15 15 15 15 15 15 15 15 15 15
 15 15 15 15 15 15 15 15 15 15 15]","[ 57423  57423  57423      0  47254  80071  80071      0      0      0
      0      0      0      0      0      0      0      0      0  61318
  61318      0      0      0      0      0      0      0      0      0
      0      0      0      0      0      0      0      0      0      0
      0      0     -1     -1  98645  98645  98645  98645  98645    173
    173    173  98645  98645      0      0      0      0     -1     -1
     -1     -1     -1     -1     -1     -1     -1     -1     -1     -1
      0      0      0      0      0      0     -1     -1      0 124545
 133010     -1     -1     -1     -1     -1     -1     -1      0     -1
      0      0     -1      0      0      0      0      0      0      0
      0      0      0      0      0      0      0      0      0      0
      0      0      0      0      0      0      0      0      0      0
      0  93459  93459     -1      0      0      0      0      0      0
     -1      0      0     -1     -1     -1     -1      0      0     -1
     -1      0      0      0      0      0      0      0      0     -1
      0      0      0      0      0      0      0      0      0     -1
     -1     -1      0      0     -1      0      0      0      0      0
      0      0      0 114170      0      0      0      0     -1      0
     -1      0      0     -1     -1      0      0      0      0      0
      0      0      0      0      0      0      0     -1     -1     -1
     -1     -1     -1     -1     -1     -1      0      0      0      0
      0      0      0      0      0      0      0      0     -1     -1
     -1     -1     -1     -1     -1     -1     -1     -1     -1     -1
      0      0      0     -1  73083  73083  73083  73083  73083 115739
 115739 115739 115739 115739  36491  73083  73083 115739 115739  36491
  36491  79211  79211  85346  78328      0  36491  36491  36491  89462
  84312  90159      0      0      0      0      0      0     -1     -1
      0     -1      0      0      0      0     -1      0     -1      0
      0      0      0     -1     -1     -1     -1      0      0      0
      0      0      0      0      0      0      0      0      0      0
      0     -1     -1     -1      0     -1      0      0      0      0
      0      0      0      0      0      0      0      0      0     -1
      0      0     -1     -1      0     -1      0      0      0      0
      0      0      0      0      0      0      0     -1     -1      0
     -1      0      0     -1     -1     -1     -1      0      0      0
      0      0      0      0      0     -1  24715  24715      0      0
     -1     -1      0      0      0      0      0     -1     -1      0
      0      0      0      0      0      0      0      0      0      0
      0      0      0      0      0      0      0      0      0      0
      0      0      0      0     -1      0      0      0      0      0
      0     -1      0     -1      0      0  63681      0      0      0
     -1     -1      0      0      0      0      0      0      0     -1
     -1     -1      0     -1     -1     -1     -1     -1     -1     -1
  31726 134386      0      0      0      0      0      0  45139      0
      0      0      0      0      0      0      0      0      0      0
     -1     -1     -1     -1      0      0      0      0      0      0
      0      0      0      0  45139  45139      0  45139      0      0
      0      0      0      0      0      0      0      0      0      0
      0      0      0      0      0      0      0      0      0      0
      0      0  93833      0      0      0      0      0      0      0
      0      0      0      0      0      0      0      0      0      0
      0      0      0      0      0      0      0  35008  35008  35008
  45139      0  45139  45139      0      0      0      0  45139  45139
  45139  45139      0      0      0      0      0      0      0      0
      0      0      0      0      0      0      0      0      0      0
      0      0      0      0      0      0      0      0      0      0
      0      0      0      0      0      0      0      0      0      0
      0      0      0      0      0      0      0      0      0      0
      0      0      0      0      0      0      0      0      0      0
      0      0      0      0      0      0      0      0      0      0
      0      0      0      0      0      0      0      0      0      0
      0      0      0      0      0      0      0      0      0      0
      0      0      0      0      0      0      0      0      0      0
      0      0      0      0      0      0      0      0      0      0
      0      0      0      0      0      0      0      0      0      0
      0      0      0      0      0      0      0      0     -1      0
      0      0      0      0      0      0      0      0      0      0
      0      0      0      0      0      0      0      0      0      0
      0      0      0      0      0      0      0      0      0      0
      0      0      0      0      0      0      0      0      0      0
      0      0      0      0      0      0      0      0      0 135907
      0  35479  35479  35479      0  35479 134386      0      0      0
      0      0      0      0      0      0      0      0      0      0
      0      0      0      0      0      0      0      0      0      0
      0      0      0      0      0      0      0      0      0  12130
      0      0     -1      0      0      0      0      0      0      0
      0      0      0      0      0      0      0      0      0      0
      0      0      0      0      0      0  45139      0      0      0
      0      0      0      0      0      0      0      0      0      0
      0  35008  35008  35008      0      0  93833  93833      0      0
      0      0      0  45139  45139      0  45139      0      0      0
      0      0      0      0      0      0      0  35008      0      0
      0      0      0      0      0      0      0      0  45139  45139
      0      0      0      0      0      0      0      0      0  88773
  88773  81965  88773  88773      0  45139      0      0 134386 134386
      0      0      0      0      0      0      0      0      0      0
      0      0      0      0      0  24715      0      0      0      0
      0      0      0      0      0      0      0      0      0      0
      0      0      0      0      0      0      0      0      0   5528
   5528   5528      0      0      0      0      0      0      0      0
      0  62562  62562  62562      0      0      0      0  62562      0
      0      0      0      0      0      0      0      0      0      0
      0      0      0]","[  0   0   0   0   1   0   0   0   0   0   0   0   0   0 110   0   0   0
   0   0   0   0   0   0   0   0   0   0   0   0   0   0   0   0   0   0
   0   0   0   0   0   0   0   0   0   0   0   0   0   0   0   0   0   0
   0   0   0   0   0   0   0   0   0   0   0   0   0   0   0   0   0  87
   0   0   0   0   0   0   0   0   0   0   0   0   0   0   0   0   0   0
   0   0   0   0   0   0   0   0   0   0   0   0   0   0   0   0   0   0
   0   0   0   0   0   0   0   0   0   0   0   0   0   0   0   0   0   0
   0   0   0   0   0 152 152   0   0   0   0   0   0   0   0   0   0   0
   0   0   0   0   0   0  86   0   0   0   0   0   0   0   0   0   0   0
   0   0   0   0   0   0   0   0   0   0   0   0   0   0  57 110   0   6
   0  62  84   0   0  84  84  84  84  84  84  84  86 110 110 110 110   0
   0   0   0   0   0   0   0   0   0   0   0   0   0   0   0   0   6   0
   0   0   0   0   0   0   0   0   0   0   0   0   0   0   0   0   0   0
   0   0   0   0   0  36   0   0   0   0   0   0   0  36   0   0   0   0
   0   0   0  81   0   0   0   0   0   0   0   0   0   0   0  58   0   0
  58   0  58  58  58  58   0  58   0  58  58  58  58   0   0   0   0  58
  58   0   0   0   0   0   0   0   0   0   0   0   0   0   0   0 152   0
  84  58   0   0   0   0   0   0   0   0   0   0   0   0  58  58   0   0
  58   0  58  58  58  58  58  58  58  58  58  58  58   0   0  58   0  58
  58   0   0   0   0  58  58  58  58  58  58  58  58   0   0   0  58  58
   0   0 124   0   0   0  95   0   0  95  95  95  95  95  95  95  95  95
  95  95  95  95  95  95  95  95  95  95  95  95  95  95  95  84   0  84
  84  84  84  84  84   0  84   0  84  84 137  84  84  84   0   0  84  84
  84  84  84  84  84   0   0   0  84   0   0   0   0   0   0   0   0 110
  81  81 138 138 138  81 138  81 108 108 108 108 108 108 110 110 110 110
   0   0   0   0 152 110 110 110 110  81  81  81 110   0  83  83  83  83
 110 110   0   0   0  81  81  81 110 110 110 110 110 110 110 110 110 110
 110 110 110 110 110 110 109   6   6   6  47  92 152 152  81 152  81  81
  81 139  81  81  81  81  81  81  81  81 152   0   0 151 151 151  83  83
  83  83  81  81  81  81  83  83  83  83 110  81 138 138 151 151 151 151
 151 110  81  81  81  81  81  81  81  81  81  81  81 110  81  81  81  81
  81  81  81   0   0  89  86 110 110 110 110 110 110 110 110 110 110 110
 110 110 110 110 110 110 110   0   0   0   0   0   0   0   0   0   0   0
   0   0   0   0   0 109 109 109 109 109 109 109 109 109 109 151 109 109
 151 161 161   0   0   0   0   0   0   0   0   0   0   0   0   0   0   0
   0   0   0   0   0   0   0   0   0   0   0   0   0  81  43   0   0  43
  43  43   0  43  43  43   0   0  43 110   0   0   0   0   0   0   0 151
 151 110 110 110  57  57  43  43  43  43  43  43  43  43  43  43  43  43
  43  43  43  81  43  81  81  81  81   0   0  81  81  81 110 110  92 110
 110 110 110 110 110 110 110   0 110   0   0   0 110   0 152 157 138 138
 136 136 136 103 103 103 103 103 103 110   0   0   0   0   0   0   0   0
   0   0 110 103 103 138 138 138 138  81 110   0 110 110   0 152 138 138
 138 138 138 139 110   0   0 110 110 110 110 110 110  81 110 138 138 138
 138 138 138 161 161 161   0   0   0   0   0  25 110 110 110 110   0 151
 151 151 138 110 109 109 110 110 152 152 110  83  83  83  83   0   0   0
   0   0   0  48  48  48 110 151 110   0   0 110 110 110 110   0   0   0
  83  83 161 161 110 110 110 110 110   0 110  25  25  25  25  25 110  83
  83 139 152 152 110   0   0   0   0 110  92 110 110 110 110 110 110 110
 110 147 110 110 110 110 110 110 110 110 161 110 110 110  57   0   0  57
  57 138 138 138 138 110 110 109 109 109 110 110 102 102 102   0 110 102
 110  25  25  25 110 110 110 110 136 110 110  57  57  57  57  57  57  57
  57  57  57  57  57]","[   0    0    0    0 1881    0    0    0    0    0    0    0    0    0
 1798    0    0    0    0    0    0    0    0    0    0    0    0    0
    0    0    0    0    0    0    0    0    0    0    0    0    0    0
    0    0    0    0    0    0    0    0    0    0    0    0    0    0
    0    0    0    0    0    0    0    0    0    0    0    0    0    0
    0 2929    0    0    0    0    0    0    0    0    0    0    0    0
    0    0    0    0    0    0    0    0    0    0    0    0    0    0
    0    0    0    0    0    0    0    0    0    0    0    0    0    0
    0    0    0    0    0    0    0    0    0    0    0    0    0    0
    0    0    0    0    0 2017 2017    0    0    0    0    0    0    0
    0    0    0    0    0    0    0    0    0    0 3609    0    0    0
    0    0    0    0    0    0    0    0    0    0    0    0    0    0
    0    0    0    0    0    0    0    0  818 2095    0  254    0 3876
 2838    0    0 2838 2838 2838 2838 2838 2838 2838  165 2095 2095 2095
 2095    0    0    0    0    0    0    0    0    0    0    0    0    0
    0    0    0    0  626    0    0    0    0    0    0    0    0    0
    0    0    0    0    0    0    0    0    0    0    0    0    0    0
    0 4264    0    0    0    0    0    0    0 4264    0    0    0    0
    0    0    0 3772    0    0    0    0    0    0    0    0    0    0
    0 2071    0    0 2071    0 2071 2071 2071 2071    0 2071    0 2071
 2071 2071 2071    0    0    0    0 2071 2071    0    0    0    0    0
    0    0    0    0    0    0    0    0    0    0 1315    0 2838 2071
    0    0    0    0    0    0    0    0    0    0    0    0 2071 2071
    0    0 2071    0 2071 2071 2071 2071 2071 2071 2071 2071 2071 2071
 2071    0    0 2071    0 2071 2071    0    0    0    0 2071 2071 2071
 2071 2071 2071 2071 2071    0    0    0 2071 2071    0    0 3176    0
    0    0 2165    0    0 2165 2165 2165 2165 2165 2165 2165 2165 2165
 2165 2165 2165 2165 2165 2165 2165 2165 2165 2165 2165 2165 2165 2165
 2165 2838    0 2838 2838 2838 2838 2838 2838    0 2838    0 2838 2838
 1687 2838 2838 2838    0    0 2838 2838 2838 2838 2838 2838 2838    0
    0    0 2838    0    0    0    0    0    0    0    0  530 4011 4011
    0    0    0 4011 2546 4011 3602 3602 3602 3602 2756 3602 2095 2095
 1798 1798    0    0    0    0 2017 1798 1798 1798 1798 4011 4011 4011
 1798    0 1307 1720 1307 1720 1798 1798    0    0    0 4011 4011 4011
 1798 1798 1798 1798 1798 1798 1798 1798 1798 1798 1798 1798 1798 1798
 1798 1798  534 1629 1629 1629    0  313 2017 2017 4011 2017 4011 4011
 4011  753 4011 4011 4011 4011 4011 4011 4011 4011 2017    0    0 3106
 3106 3106 1720 1307 1720 1720 4011 4011 4011 4011 1720 1720 1720 1720
 1798 4011    0    0 3106 3106 3106 3106 3106 1798 4011 4011 4011 4011
 4011 4011 4011 4011 4011 4011 4011 1798 4011 4011 4011 4011 4011 4011
 4011    0    0    0 2773 1798 1798 1798 1798 1798 1798 1798 1798 1798
 1798 1798 1798 1798 1798 1798 1798 1798 1798    0    0    0    0    0
    0    0    0    0    0    0    0    0    0    0    0 2326 2326 2326
 2326 2326 2326 2326 2326 2326 2326  168 2326 2326  168 3952 3952    0
    0    0    0    0    0    0    0    0    0    0    0    0    0    0
    0    0    0    0    0    0    0    0    0    0    0    0    0 4011
 3561    0    0 2121 2121 2121    0 2121 2121 2121    0    0 2121 1798
    0    0    0    0    0    0    0  168  168 1798 1798 1798 1353 1353
 2121 2121 2121 2121 2121 2121 2121 2121 2121 2121 2121 2121 2121 2121
 2121 4011 2121 4011 4011 4011 4011    0    0 4011 4011 4011 1798 1798
  313 1798 1798 1798 1798 1798 1798 1798 1798    0 1798    0    0    0
 1798    0 2017 4237    0    0 1053 1053 1053 2804 2804 2804 2804 2804
 2804 1798    0    0    0    0    0    0    0    0    0    0 2095 2804
 2804    0    0    0    0 4011 1798    0 1798 1798    0 2912    0    0
    0    0    0  753 1798    0    0 1798 1798 1798 1798 1798 1798 4011
 1798    0    0    0    0    0 2546 3952 3952 3952    0    0    0    0
    0  221 1798 1798 1798 1798    0 3106 3106 3106    0 1798  534  534
 1798 1798 2017 2017 1798 1720 1307 1307 1720    0    0    0    0    0
    0 2898 2898 2898 1798 3106 1798    0    0 1798 1798 1798 1798    0
    0    0 1720 1720 3952 3952 2095 1798 1798 1798 1798    0 1798 2633
 2633 2633 2633 2633 1798 1720 1307  753 2017 2017 1798    0    0    0
    0 1798  313 1798 1798 1798 1798 1798 1798 1798 1798 3550 1798 1798
 1798 1798 1798 1798 1798 1798 3952 1798 1798 1798 2035    0    0  291
  291    0    0    0    0 1798 1798 2326 2326 2326 1798 1798 1580 1580
 1580    0 1798 1580 1798 2633 2633 2633 1798 1798 1798 1798 2710 1798
 1798 1353 1353 1353 1353 1353 1353 1353 1353 1353 1353 1353 1353]","[    0     0     0     0     0     0     0     0     0     0     0     0
     0     0  1129     0     0     0     0     0     0     0     0     0
     0     0     0     0     0     0     0     0     0     0     0     0
     0     0     0     0     0     0     0     0     0     0     0     0
     0     0     0     0     0     0     0     0     0     0     0     0
     0     0     0     0     0     0     0     0     0     0     0  7962
     0     0     0     0     0     0     0     0     0     0     0     0
     0     0     0     0     0     0     0     0     0     0     0     0
     0     0     0     0     0     0     0     0     0     0     0     0
     0     0     0     0     0     0     0     0     0     0     0     0
     0     0     0     0     0     0     0     0     0     0     0  6608
  6608     0     0     0     0     0     0     0     0     0     0     0
     0     0     0     0     0     0     0     0     0     0     0     0
     0     0     0     0     0     0     0     0     0     0     0     0
     0     0     0     0     0     0     0     0     0  5646     0     0
     0     0  8103     0     0  8103  8103  8103  8103  8103  8103  8103
  6203  5646  5646  5646  5646     0     0     0     0     0     0     0
     0     0     0     0     0     0     0     0     0     0  7516     0
     0     0     0     0     0     0     0     0     0     0     0     0
     0     0     0     0     0     0     0     0     0     0     0     0
     0     0     0     0     0     0     0  6578     0     0     0     0
     0     0     0     0     0     0     0     0     0     0     0     0
     0     0     0     0     0     0     0     0     0     0     0     0
     0     0     0  5433  5433  5433  5433     0     0     0     0  5433
  5433     0     0     0     0     0     0     0     0     0     0     0
     0     0     0     0  3820     0  8103  5433     0     0     0     0
     0     0     0     0     0     0     0     0  5433  5433     0     0
  5433     0  5433  5433  5433  5433  5433  5433  5433  5433  5433  5433
  5433     0     0  5433     0  5433  5433     0     0     0     0  5433
  5433  5433  5433  5433  5433  5433  5433     0     0     0     0     0
     0     0     0     0     0     0  4044     0     0  4044  4044  4044
  4044  4044  4044  4044  4044  4044  4044  4044  4044  4044  4044  4044
  4044  4044  4044  4044  4044  4044  4044  4044  4044  8103     0  8103
  8103  8103  8103  8103  8103     0  8103     0  8103  8103  2868  8103
  8103  8103     0     0  8103  8103  8103  8103  8103  8103  8103     0
     0     0  8103     0     0     0     0     0     0     0     0  8672
     0     0     0     0     0     0     0     0  2215  2215  2215  2215
   506  2215  5646  5646  2265  2265     0     0     0     0  8639  1129
  1129  1129  1129     0     0     0  1129     0  8448     0   154     0
  1129  1129     0     0     0     0     0     0  1129  1129  1129  1129
  1129  1129  1129  1129  1129  1129  1129  1129  1129  1129  1129  1129
     0  8444  8444  8444     0  1066  9287  9287     0  9287     0     0
     0     0     0     0     0     0     0     0     0     0  1795     0
     0 10740 10740 10740     0   154     0     0     0     0     0     0
     0     0     0     0  2265     0     0     0 10740 10740 10740 10740
 10740  2265     0     0     0     0     0     0     0     0     0     0
     0  1129     0     0     0     0     0     0     0     0     0     0
 10127  1129  1129  1129  1129  1129  1129  1129  1129  1129  1129  1129
  1129  1129  1129  1129  1129  1129  1129     0     0     0     0     0
     0     0     0     0     0     0     0     0     0     0     0  9614
  9614  9614  9614  9614  9614  9614  9614  9614  9614  2329  9614  9614
  2329    11    11     0     0     0     0     0     0     0     0     0
     0     0     0     0     0     0     0     0     0     0     0     0
     0     0     0     0     0     0     0     0  7110     0     0  4929
  4929  4929     0  4929  4929  4929     0     0  4929  2265     0     0
     0     0     0     0     0  2329  2329  2265  2265  2265     0     0
  4929  4929  4929  4929  4929  4929  4929  4929  4929  4929  4929  4929
  4929  4929  4929     0  4929     0     0     0     0     0     0     0
     0     0  2265  2265  1066  2265  2265  2265  2265  2265  2265  2265
  2265     0  2265     0     0     0  2265     0     0     0     0     0
     0     0     0  7839  7839  7839  7839  7839  7839  1129     0     0
     0     0     0     0     0     0     0     0  5646  7839  7839     0
     0     0     0     0  2265     0  2265  2265     0  4707     0     0
     0     0     0     0  1129     0     0  1129  1129  1129  1129  1129
  1129     0  2265     0     0     0     0     0     0    11    11    11
     0     0     0     0     0  8105  2265  2265  2265  2265     0 10740
 10740 10740     0  2265     0     0  2265  2265  8639  8639  2265     0
  8448   154     0     0     0     0     0     0     0  5878  5878  5878
  2265 10740  2265     0     0  2265  2265  2265  2265     0     0     0
     0     0    11    11  5646  2265  1129  1129  1129     0  1129  2763
  2763  2763  2763  2763  2265     0   154  6343     0     0  2265     0
     0     0     0  2265  1066  2265  2265  2265  2265  2265  2265  2265
  2265 11065  2265  2265  2265  2265  2265  2265  2265  2265    11  2265
  2265  2265     0     0     0     0     0     0     0     0     0  2265
  2265  1819  1819  1819  2265  2265  3330  7277   489     0  2265   489
  2265  2763  2763  2763  2265  2265  2265  2265     0  2265  2265     0
     0     0     0     0     0     0     0     0     0     0     0]","[     0      0      0      0  14461      0      0      0      0      0
      0      0      0      0      0      0      0      0      0      0
      0      0      0      0      0      0      0      0      0      0
      0      0      0      0      0      0      0      0      0      0
      0      0      0      0      0      0      0      0      0      0
      0      0      0      0      0      0      0      0      0      0
      0      0      0      0      0      0      0      0      0      0
      0      0      0      0      0      0      0      0      0      0
      0      0      0      0      0      0      0      0      0      0
      0      0      0      0      0      0      0      0      0      0
      0      0      0      0      0      0      0      0      0      0
      0      0      0      0      0      0      0      0      0      0
      0      0      0      0      0      0      0      0      0      0
      0  38154  38154      0      0      0      0  73868      0      0
      0      0      0      0      0      0      0      0      0      0
  53771      0      0      0      0      0      0      0      0      0
      0      0      0      0      0      0      0      0      0      0
      0      0      0      0      0      0 191197 204115      0      0
      0  67450   9427      0      0   9427   9427   9427   9427   9427
   9427   9427 129833 204115 204115 204115 204115      0      0      0
      0      0      0      0      0      0      0      0      0      0
      0      0      0      0      0      0      0      0      0      0
      0      0      0      0      0      0      0      0      0      0
      0      0      0      0      0      0      0      0      0  29496
      0      0      0      0      0      0      0 192614      0      0
      0      0      0      0      0  70448      0      0      0      0
      0      0      0      0      0      0      0 190153      0      0
 190153      0 190153 190153 190153 190153      0 190153      0  82704
  82704  82704  82704      0      0      0      0  82704  82704      0
      0      0      0      0      0      0      0      0      0      0
      0      0      0      0 165035      0   9427 183864      0      0
      0      0      0      0      0      0      0      0      0      0
 183864 183864      0      0 183864      0 183864 183864 183864 183864
 183864 183864 183864 183864 183864 183864 183864      0      0 183864
      0 183864 183864      0      0      0      0 183864 183864 183864
 183864 183864 183864 183864 183864      0      0      0  37429  37429
      0      0 136888      0      0      0  20286      0      0  20286
  20286  20286  20286  20286  20286  20286  20286  20286  20286  20286
  20286  20286  20286  20286  20286  20286  20286  20286  20286  20286
  20286  20286  20286   9427      0   9427   9427   9427   9427   9427
   9427      0   9427      0   9427   9427  99433   9427   9427   9427
      0      0   9427   9427   9427   9427   9427   9427   9427      0
      0      0   9427      0      0      0      0      0      0      0
      0 147838      0      0  22581  22581  22581  92644  92187  92644
      0      0 233771      0  70720      0 204115 204115      0      0
      0      0      0      0  83720      0      0      0      0      0
  92644  92644      0      0 126617  38718 183690  38718      0      0
      0      0      0      0      0  92644      0      0      0      0
      0      0      0      0      0      0      0      0      0      0
      0      0 150243 132108 132108 132108  95815 229104  36840  36840
  92644  36840  92644  92644  92644  50030  92644      0  92644  92644
  92644  92644  92644      0  92644      0      0  70720  70720  70720
  38718 183690  38718  38718      0      0      0      0  38718  38718
  38718  38718      0      0  22581  22581  70720  70720  70720  70720
  70720      0  92644  92644  92644  92644  92644  92644  92644  92644
  92644  92644  92644      0  92644  92644  92644  92644  92644  92644
  92644      0      0 227364 207521      0      0      0      0      0
      0      0      0      0      0      0      0      0      0      0
      0      0      0      0      0      0      0      0      0      0
      0      0      0      0      0      0      0      0      0 228626
 228626 228626 228626 228626 228626 228626 228626 228626 228626  86027
 228626 228626  86027 126842 126842      0      0      0      0      0
      0      0      0      0      0      0      0      0      0      0
      0      0      0      0      0      0      0      0      0      0
      0      0      0      0 191868      0      0 175236 175236 175236
      0 175236 175236 175236      0      0 175236      0      0      0
      0      0      0      0      0  70720  70720      0      0      0
 188331 188331 175236 175236 175236 175236 175236 175236 175236 175236
 175236 175236 175236 175236 175236 175236 175236  92644 175236  92644
  92644  92644  92644      0      0  92644  92644  92644      0      0
 229104      0      0      0      0      0      0      0      0      0
      0      0      0      0      0      0 101619 127754  22581  22581
 140057 140057 140057 194947 194947 194947 194947 194947 194947      0
      0      0      0      0      0      0      0      0      0      0
 204115 194947 194947  22581  22581  22581  22581  92644      0      0
      0      0      0  22581  22581  22581  22581  22581  22581  50030
      0      0      0      0      0      0      0      0      0      0
      0  22581  22581  22581  22581  22581  92187 126842 126842 126842
      0      0      0      0      0 168547      0      0      0      0
      0  70720  70720  70720  22581      0 150243 150243      0      0
  83720  83720      0  38718 126617 183690  38718      0      0      0
      0      0      0 161078 161078 161078      0  70720      0      0
      0      0      0      0      0      0      0      0  38718  38718
 126842 126842 204115      0      0      0      0      0      0 219044
 219044 178088 219044 219044      0  38718 183690  49656 101619 101619
      0      0      0      0      0      0 229104      0      0      0
      0      0      0      0      0 179110      0      0      0      0
      0      0      0      0 126842      0      0      0      0      0
      0 134149 134149  22581  22581  22581  22581      0      0 166742
 166742 166742      0      0  38623 141676 228000      0      0  51863
      0 100465 100465 100465      0      0      0      0  65640      0
      0 188331 188331 188331 188331 188331 188331 188331 188331 188331
 188331 188331 188331]","[1772368831 1772366713 1772273483 1772185902 1772156184 1771760801
 1770855906 1770552706 1770552659 1770365474 1770258696 1770079511
 1769303423 1769302824 1769097130 1769097108 1769097102 1769094501
 1769093059 1769091082 1769047965 1768723236 1768723219 1768723026
 1768454324 1768454321 1768445281 1767838396 1767404946 1767251695
 1767250481 1767232677 1766980336 1766666398 1766666312 1766556536
 1766482952 1766457913 1766457802 1766448203 1766360459 1766307517
 1766025547 1765589128 1765521184 1765341994 1765146419 1765032621
 1765032548 1765028768 1764685564 1764685481 1764581728 1764205670
 1764201306 1764147710 1763291143 1763264743 1763264741 1763018842
 1762505160 1762157330 1761915846 1761640539 1761471439 1761471067
 1761402134 1761400802 1761097104 1760450152 1760173096 1759623151
 1759623151 1759623151 1759623151 1759623151 1759553991 1759550615
 1759550556 1759550304 1759550224 1759550164 1759549739 1759444676
 1759409721 1759408510 1759408489 1759217394 1759217386 1759217324
 1759203969 1758768794 1758633557 1758632911 1758439231 1758439096
 1758439072 1758262723 1758101925 1758101885 1758101800 1757559361
 1757492149 1757492147 1757261318 1757260702 1756724889 1756724698
 1756722371 1756722368 1756353999 1756004627 1756004622 1755999394
 1755927418 1755915009 1755915007 1755915006 1755837565 1755794378
 1755219271 1754722771 1754722769 1754481473 1754374192 1754289157
 1754289155 1754191431 1754186799 1753195928 1753195261 1753195072
 1753075783 1753075651 1753074498 1753074493 1752821706 1752821678
 1752821489 1752627750 1752423145 1751974702 1751974627 1751973696
 1751620609 1751349133 1751109127 1751109125 1751109115 1751109079
 1751104217 1751104210 1751104035 1751104032 1751104023 1750647581
 1750644668 1750382425 1749958381 1749252810 1749092420 1748665458
 1748607790 1748402249 1748393281 1747361593 1747302908 1746265350
 1746252580 1745845491 1745566657 1745414387 1745414382 1745364154
 1745147155 1745070929 1745070754 1745070724 1745070720 1745070717
 1745070676 1744866537 1744533171 1743394317 1742134805 1742134716
 1741537406 1741536177 1741426816 1741401244 1741401220 1741401220
 1741401059 1741401033 1741401028 1741187839 1741181046 1740913582
 1740913261 1740558966 1740558764 1740558753 1740283972 1739474358
 1739202949 1739202949 1738467938 1738467814 1738258009 1738257070
 1738133021 1738132970 1737825665 1737793746 1737701258 1737359645
 1737353394 1737353351 1737021343 1736964869 1736734530 1736734528
 1736686806 1736686805 1736677930 1736669459 1736581101 1736389337
 1736389335 1735951243 1735813069 1735618708 1735618701 1735558353
 1735558058 1735094266 1734914042 1734862572 1734354898 1734354803
 1733666833 1733666833 1733538446 1733538153 1732717231 1732717231
 1732251125 1732250785 1732193495 1732193252 1731243126 1731242421
 1730721703 1730449472 1729952082 1729351262 1728980259 1728837829
 1728837726 1728837684 1728364079 1728363825 1728200973 1727794259
 1727767180 1727766442 1727622732 1727621533 1727363123 1727362992
 1727183411 1727170046 1727168454 1727168375 1727168301 1727158056
 1727157799 1727097685 1727097604 1727097544 1726999053 1726998833
 1726882018 1726881186 1726320046 1725783494 1725713721 1724975989
 1724494426 1723970085 1723334621 1723334523 1722071032 1722070940
 1721673110 1721008054 1720897974 1720372334 1720238517 1720197980
 1720197336 1719830075 1719829993]","[31 31 31 31 31 62 31 31 31 31 31 31 10 31 31 31 31 31 31 31 31 39 39 31
 31 31 62 31 31 31 31 31 31 31 31 31 31 31 31 62 31 31 31 31 31 31 31 65
 31 31 59 31 31 31 31 31 31 31 31 62 31 31 31 31 10 31 10 31 31 31 31 31
 31 31 31 31 31 72 62 62 31 31 31 31 72 31 31 31 31 31 31 31 10 31 10 31
 31 31 65 31 31 31 31 31 62 31 39 31 31 31 31 31 31 31 31 31 31 31 31 31
 31 31 31 31 31 31 31 31 31 31 10 31 10 31 10 31 39 39 31 31 31 10 31 31
 31 31 31 31 31 31 39 39 31 31 31 31 31 31 31 31 31 31 31 31 31 31 31 31
 31 31 31 31 31 31 31 39 31 31 31 31 31 31 31 31 10 31 10 31 31 39 39 39
 31 31 31 31 31 31 31 39 31 31 31 31 31 31 10 31 10 31 59 31 31 31 31 31
 31 31 31 31 31 31 31 31 31 31 31 31 31 31 31 31 31 10 31 31 31 31 10 31
 31 31 10 31 31 31 59 31 10 31 10 31 31 31 31 31 31 10 31 31 10 31 31 31
 72 31 10 31 10 31 31 31 10 31 31 10 31 10 31 31 10 31 10 31 31 31 31 31
 31 31 10 31 10 31 31 31 31 31 31 10 31 10 31]","[1541322 3103765 3325470  555586 3375261 5849255 3867018 2560311 4039649
 6125195 1061255 2223047 5809272 5809272 4164474 3928691 1823758 2250508
  511759 1092822 2223047 4608290 4608290 4608290 1984728 1984728 3655817
  199648 3867018  199648  199648  199648 2403471 2452452 2452452 1093199
 5149942  199648  199648 1430217 1131275 6041989 2963593 1644411 5149001
 2500730   94566  222538  222538  279330 5808775 5808775 1984728 1249517
 2403471 2403471 5149001  199648  199648   95820  218314 1455262       0
  199648 3339272 3339272  509165  509165 4579024 1984728  166943  178571
  178571  178571  178571  178571 4939917 6231632  737116 5421526 6231632
  737116 5421526 5442870 2746270 2078936 2078936  199648  199648  199648
 1984728 5924031 2883635 2883635 2474351 2474351 2474351  406812 4428521
 4428521 4428521 3507413 5275064 5275064 3028455 3028455 5149001 5149001
 5149001 5149001 1750828 1437725 1437725  199648  199648  199648  199648
  199648   65675  199648 1614228  199648  199648  852457  840959 1984728
 1984728  199648  339928 3801445 3801445 3801445 5347452 5347452 1992535
 1992535 5149001 5149001 5149001  971223 3528361 5394533 5394533 5394533
 1984728  199648  199648  199648  199648  199648  218314  218314  218314
  218314  218314 1447960 3008287 1362539 1984728  283372 1984728 1984728
 5013390  376345  976422 5622879 4929472 3532994 1543363  218314 1984728
  218314  218314 4608290  218314 2063547 2063547 2063547 2063547 2063547
 2063547 3532994 6217251 5071288 4496263 4496263 2850924 2850924 4608290
 4608290 4608290 4608290 4608290 4608290 4608290 2063547 2063547 2063547
 2063547  218314  218314  218314  218314 4538651 4597270 4597270 4985012
 4985012 1656294 1656294 6182789 6182789 4608290 5108638 5664938  218314
  218314  218314 5245054 4778005  218314  218314  218314  218314  218314
  218314  218314  218314  218314   69644  854609  218314  218314 2064267
 2064267  840959 3576690 2032028 2378365 2378365 4348423 4348423 3715574
 3715574 4556367 4556367 6182789 6182789 1542323 1542323 5821332 5821332
  218314  726614 2059718  218314 2419163 2071549 2071549 2071549 1738231
 1738231  570931  232980  369867  369867 1780421 1780421 2594815 2594815
 5681461  596023  596023  596023  596023 1323746 1323746 1188261 1188261
 1188261  859359  859359 4757127 4757127  218314  218314 3753163  840959
  218314 2389305  667726  667726  816348  816348 4008052 6092431 2969072
 3139301  836067 3811870 3811870 1237782 1237782]","[724 805 627 627 156 656 828 154 154  99 323 196  71  71 316 316 316 316
  42  42 196 348 348 348 154 154 316 154 828 348 348 348 196 656 656 838
 517 154 154 316 838 246 729 655 828 838 518 154 154 629 123 123 154 196
 196 196 595 154 154 316 679 154   0 348  70  70 123 123  42 154 814 323
 323 323 323 323 123 235  91 656 235  91 656 196 316 316 316 348 348 348
 348 156 246 246 259 259 259 810 154 154 154 154 838 838 656 656 154 154
 154 154 106 196 196 154 348 154 154 154 106 154 106 154 154  64 106 154
 154 154 196 246 246 246 123 123  71  71 154 154 154  42 656 123 123 123
 154 154 154 154 154 154 318 318 318 318 318 531   0 241 348  42 348 154
 595 154 630 241   0 838  64 348 154 449 449 154 828 154 154 154 154 154
 154 838 196 828 123 123 246 246 154 154 154 154 154 154 154 154 154 154
 154 348 348 348 154 323 323 323 851 851 551 551 123 123 595  42 106 154
 326 326 595 196 154 154  81  81  81 828 326  81  81 196 154  81  81 123
 123 106 348 348 111 111 196 196 123 123 154 154 123 123 123 123 123 123
 154 656   0 154 595 259 259 259 246 246 656 154 316 316 259 259 259 259
 259 259 259 259 259 259 259   0   0   0 259 259 246 246 348 154 106 106
 154 386 259 259 651 651  81 495 656 656 259 259 259 851 851]","[   0    0    0    0    0    0    0 5254 5254    0    0    0    0    0
    0    0    0    0    0    0 5403    0    0    0  308  308    0 4910
    0 2014 2014 2014  604    0    0 1709    0  168  168    0 6383 5396
    0    0    0 3174    0 5870 5870   -1    0    0 5815 2103 2103  604
 6025  168  168    0 2638    0    0 2014    0    0    0    0    0  308
    0    0    0    0    0    0    0    0    0    0    0    0    0 1669
    0    0    0 2014 2014 2014   -1    0 3552 3552    0    0    0    0
    0    0    0 5451 5392 5392    0    0 5680 5680 5680 5680 2669  539
  539  168 2014  168  168  168 3136 6213 2669 6213 6213    0 2669 5815
 5815  168 1669    0    0    0    0    0    0    0 4248 4248 4248    0
    0    0    0    0    0  168 2382 2382 2382 2382    0    0    0    0
    0 5748    0    0   -1    0   -1    0   -1 5815 6617    0    0 2632
  564   -1 5815    0    0 1768 2418 5815 5815 5815 5815 5815 5815 2632
  604 2418    0    0    0    0 5815 5815 5815 5815 5815 5815 5815 5815
 5815 5815 5815 5942 5942 5942   -1    0    0    0    0    0    0    0
    0    0 1183    0 2669 1036 5586 5586 6299 5675 5815 5815 5441 5441
 5441    0 5586 5441 5441  604   -1 5441 5441 4021 4021 2669    0 6681
    0    0    0    0    0    0    0    0    0    0    0    0    0    0
 5815    0    0 4910   -1    0    0    0    0    0    0    0    0    0
    0    0    0    0    0    0    0    0    0    0    0    0    0    0
    0    0 1203 1203    0 4248  287 2669   -1 3984    0    0 4303 4303
   -1  586    0    0    0    0    0    0    0]","[2 2 2 2 2 1 2 2 2 2 2 2 2 2 5 5 5 5 1 1 2 2 2 2 2 2 2 2 2 2 2 2 2 5 5 2 2
 2 2 2 2 2 2 2 2 2 1 2 2 2 2 2 2 2 2 2 2 2 2 2 2 2 1 2 2 2 2 2 2 2 2 2 2 2
 2 2 1 5 1 5 5 1 5 2 2 2 2 2 2 2 2 2 2 2 2 2 2 2 2 2 2 2 2 2 5 5 2 2 2 2 2
 2 2 2 2 2 2 2 2 2 2 2 2 2 2 2 2 2 2 2 2 2 2 2 2 2 2 2 2 2 1 2 2 2 2 2 2 2
 2 2 2 2 2 2 2 1 1 1 2 2 2 2 2 2 2 1 2 2 1 2 2 2 2 2 2 2 2 2 2 2 2 2 2 2 2
 2 2 2 2 2 2 2 2 2 2 2 2 2 2 2 2 2 2 2 2 2 2 2 2 2 2 2 2 1 2 2 2 2 2 2 2 2
 2 2 2 2 2 2 2 5 5 2 2 2 2 2 5 5 2 2 2 2 2 2 2 2 2 2 2 2 2 2 2 2 2 2 2 2 2
 2 2 2 4 2 1 1 2 2 2 2 2 2 2 2 2 2 2 2 2 2 2 2 2 2 2 2 2 2 2 2 2 2 2 2 5 1
 5 1 2 2 2 2 2]","[1 1 1 1 1 1 1 1 1 1 1 1 1 1 1 1 1 1 1 1 1 1 1 1 1 1 1 1 1 1 1 1 1 1 1 1 1
 1 1 1 1 1 1 1 1 1 1 1 1 1 1 1 1 1 1 1 1 1 1 1 1 1 1 1 1 1 1 1 1 1 1 1 1 1
 1 1 1 1 1 1 1 1 1 1 1 1 1 1 1 1 1 1 1 1 1 1 1 1 1 1 1 1 1 1 1 1 1 1 1 1 1
 1 1 1 1 1 1 1 1 1 1 1 1 1 1 1 1 1 1 1 1 1 1 1 1 1 1 1 1 1 1 1 1 1 1 1 1 1
 1 1 1 1 1 1 1 1 1 1 1 1 1 1 1 1 1 1 1 1 1 1 1 1 1 1 1 1 1 1 1 1 1 1 1 1 1
 1 1 1 1 1 1 1 1 1 1 1 1 1 1 1 1 1 1 1 1 1 1 1 1 1 1 1 1 1 1 1 1 1 1 1 1 1
 1 1 1 1 1 1 1 1 1 1 1 1 1 1 1 1 1 1 1 1 1 1 1 1 1 1 1 1 1 1 1 1 1 1 1 1 1
 1 1 1 1 1 1 1 1 1 1 1 1 1 1 1 1 1 1 1 1 1 1 1 1 1 1 1 1 1 1 1 1 1 1 1 1 1
 1 1 1 1 1 1 1]","[ 789853  789853  789853  956826  956826 1077082  956826  789853  789853
  956826  789853  956826 1080746 1080746  860878 1093440  860878  163415
 1056264 1056264  956826  956826  956826  956826  956826  956826   47432
  956826  956826  956826  956826  956826  956826 1308402 1308402  956826
  789853  956826  956826   47432  956826  956826  789853  789853  956826
  956826  576079  789853  789853  789853  956826  956826  956826  956826
  956826  789853  956826  956826  956826   47432  956826  956826  839280
  956826  956826  956826  956826  956826  613059  956826  956826  789853
  789853  789853  789853  789853  619106  257903  952893  230522  257903
  952893  230522  789853  956826  789853  789853  956826  956826  956826
  956826  956826  956826  956826  956826  956826  956826  878081  789853
  789853  789853  789853  956826  956826  844031  844031  956826  956826
  956826  956826  789853  789853  789853  956826  956826  956826  956826
  956826  789853  956826  956826  956826  956826  956826  956826  956826
  956826  956826  789853  956826  956826  956826  956826  956826  789853
  789853  956826  956826  956826  422405  859451  956826  956826  956826
  956826  956826  956826  956826  956826  956826  789853  789853  789853
  789853  789853  931696  931696  300991  956826   16797  956826  956826
  956826  956826  592187  300991  422405  956826  340671  956826  956826
  956826  956826  956826  956826  956826  956826  956826  956826  956826
  956826  956826  789853  789853  956826  956826  789853  789853  956826
  956826  956826  956826  956826  956826  956826  956826  956826  956826
  956826  956826  956826  956826  956826  789853  789853  789853  270887
  270887  789853  789853  956826  956826  956826  336220  956826  956826
  956826  956826  956826  956826  956826  956826  956826  956826  956826
  956826  956826  956826  956826  307835  307835  956826  956826  956826
  956826  956826  307835  307835   47432   47432  789853  789853  956826
  956826  789853  789853  956826  956826  956826  956826  956826  956826
  956826  956826  956826  956826  956826  956826  956826  956826  956826
  956826 1017183  789853 1135882 1135882  956826  956826  956826  956826
  956826  956826  956826  956826  956826  956826  956826  956826  956826
  956826  956826  956826  956826  956826  956826  956826  123150  956826
  956826  956826  878081  878081  270887  270887  604415  235932  604415
  914145   47432  956826  956826  270887  270887]","[   0  625  675 2614 1578  530 1421 1227 1227    0  314  510   97   97
 1706 1706 1706 1706  818  818 1504 1584 1584 1584 2711 2711 1706  453
 1421 1801 1801 1801 1480    0    0 2974  999 1987 1987 1706 2137  723
 2646    0 1421 2889 2070  990  990 2757 2732 2732 1987 1480 1480 1480
 2507 1987 1987 1706  415   46    0 1801 1589 1589 2732 2732 2430 2711
 2808  314  314  314  314  314 2732 1930 1392    0 1930 1392    0 1480
 1706 1706 1706 1801 1801 1801   40 1578  723  723 2033 2033 2033 2697
   46   46   46 1227 2137 2137    0    0  453  453  453  453 2771 1480
 1480 1987 1801 1987 1987 1987 2771 1987 2771 1987 1987    0 2771 1987
 1987 1987 1480  723  723  723 2732 2732   97   97  839  839  839 2340
    0 2732 2732 2732   46 1987 1227 1227 1227 1227 1308 1308 1308 1308
 1308 2089    0 1629   40  818   40 1123   17 1987 2233    0    0 2977
  478  247 1987  242  242 1123 2110 1987 1987 1987 1987 1987 1987 2977
 1480 2110 2732 2732  723  723 1987 1987 1987 1987 1987 1987 1987 1987
 1987 1987 1987  410  410  410 1749  314  314  314 1311 1311 2630 2630
 2732 2732 2756  818 2771  990 2366 2366   17 1504 1987 1987 1278 1278
 1278 1421 2366 1278 1278 1480  839 1278 1278  797  797 2771  247 2172
 1215 1215    0    0 1946 1946    0    0 2732 2732 2732 2732 1666 1666
 1987    0    0  453   17 2033 2033 2033  723  723    0 1227    0    0
 2033 2033 2033 2033 2033 2033 2033 2033 2033 2033 2033    0    0    0
 2033 2033  723  723  191  839 1154 2771  839 1325 2033 2033 1352 1352
 1597 2699    0    0 2033 2033 2033 1311 1311]","[      0       0       0       0   80552       0  287944  995669  878098
       0  531007       0  790682  790682  767838  767838  767838  767838
       0       0  569155  122996  122996  122996  904548  904548  767838
   99145  287944  462406  462406  462406       0  323133  323133       0
  984777       0       0  767838       0  484567       0       0  617188
       0       0  462298  462298  783004  561989  561989       0  913923
  620599       0       0       0       0  767838  978465       0       0
  462406  289681  289681  888239  888239       0  904548       0  333107
  333107  333107  333107  333107  434728  674705  946211  446280  674705
  946211  446280   19233  767838  767838  767838  462406  462406  462406
  202816   14645  155245  155245  364217  364217  364217       0       0
       0       0       0       0       0  323133  323133       0       0
       0       0  205282   51972   51972       0  462406       0       0
       0       0       0  598261       0       0       0  484713       0
       0       0  779122  785132  785132  785132  203910  203910  487166
  487166  837423  837423  837423       0  813586  530116  530116  530116
       0       0  390305  390305  390305  390305       0       0       0
       0       0  922714       0       0  202816       0  202816  186165
  443839  718878  962655       0       0       0  570671  404120       0
  486430  486430  778999  411740  404860  404860  404860  404860  404860
  404860       0  747688  700608  294223  294223  679519  679519  440859
  440859  440859  440859  440859  440859  440859  404860  404860  404860
  404860  259626  259626  259626  328470  923299  295283  295283   74846
   74846  739190  739190  561989  561989  311188       0  598261       0
  265236  265236  495137       0  404860  404860  816645  816645  816645
 1031278  265236  816645  816645 1070275  995936  816645  816645  344139
  344139 1010176       0  727913  285265  285265       0       0  851678
  851678       0       0  561989  561989   58689   58689  284258  284258
  404860  148041       0  586185  915255       0       0       0  578948
  578948  148041       0       0       0  856326  856326  856326  856326
   58331   15276   15276   15276   15276  856326  856326       0       0
       0  856326  856326   65554   65554  850020  837423  261513   91954
  312946   67893  698228  698228  615502  615502  979682   85205  323133
  925692  785322  785322  785322  518385  518385]","[   0  591 7802 7476 3689 7390    0 7557 7557    0 3651    0 7260 7260
 6252 6252 6252 6252 4073 9049 2802 1391 1391 1391  756  756 6252 8338
    0 4438 4438 4438 3676    0    0 7046 3297  116  116 6252 7555 8844
  562    0    0 3628 4837 9387 9387   -1 6534 6534 8457 3676 3676 3676
 9585  116  116 6252 5518 9193    0 4438  210  210 3960 3960    0  756
    0 2579 2579 2579 2579 2579 3960    0 6890    0    0 6890    0 7459
 6252 6252 6252 4438 4438 4438 4304 3689 2815 2815 6913 6913 6913    0
 5574 5574 5574 4026 2845 2845    0    0 8338 8338 8338 8338 9566 7459
 7459  116 4438  116  116  116 9566 8457 9566 8457 8457    0 9566 8457
 8457  116 7459 8844 8844 8844 3960 3960 7260 7260 5583 5583 5583    0
    0 3960 3960 3960 3783  116 4026 4026 4026 4026 5733 5733 5733 5733
 5733  719    0    0 4304 4073 4304 3787 8306 8457 3878    0    0 7017
 5606 5483 8457 7573 7573  401 6941 8457 8457 8457 8457 8457 8457 7017
 3676 6941 3960 3960 8844 8844 8457 8457 8457 8457 8457 8457 8457 8457
 8457 8457 8457 2751 2751 2751 7229 2579 5667 5667 8187 8187 3487 3487
 6534 6534 3513 9049 9566 7268 8783 8783 8437 8504 8457 8457 1354 1354
 1354    0 8783 1354 1354 3676 5065 1354 1354  825  825 9566 5584 8764
 8701 8701    0    0 5528 5528    0    0 6534 6534 3960 3960 8990 8990
 8457    0    0 8338 8306 6913 6913 6913 8844 8844    0 2930    0    0
 6913 6913 6913 6913 6913 6913 6913 6913 6913 6913 6913    0    0    0
 6913 6913 8844 8844 8956 5583 6850 9566 6092 4708 6913 6913  370  370
 7628 2772    0    0 6913 6913 6913 8187 8187]","[ 41727892  82135815  44760703  29517880  77257790  90712726  74071143
  86022451  76394418  85341497  19229032  29381520  15987687  15987687
  26358781 101774569  73421764  73041048  92924920 107438224 107335069
  23239134  23239134  23239134 106084748 106084748  14249898  41400226
  74071143   4217561   4217561   4217561  32394728  47395172  90061780
  65801489  97035774  34003451  34003451  57265506   6609203  65763147
  34959114  80912388  45083893 266348233  41666911 103147464 103147464
  89177398  18380469  18380469   6974926 167551292  48995415  10285940
  53401888  34003451  34003451  36682684  27887830   6129470  51953391
   4217561  87264373  87264373  38555452  38555452  68980057 106084748
  50546578 108132572 108132572 108132572 108132572 108132572  47130731
  61269636 198243221  47579670  61269636 198243221  47579670  66003935
 186540204  95395734  95395734   4217561   4217561   4217561  82730974
  10552577  57000185  57000185  27726365  27726365  27726365  97367699
 149317660 149317660 149317660  91343341  26999377  26999377  81744588
  81744588  60548174  60548174  60548174  60548174  66722697  11267342
  11267342  96709602   4217561  34003451  34003451  34003451  66049549
  65908392  17903867  65908392  65908392  73544615  79908440   6974926
   6974926  34003451  50133848  16877199  16877199  16877199  54918311
  54918311   3481510   3481510  20136679  20136679  20136679  93871136
 232504475  60254333  60254333  60254333  50776933  86923764  69453694
  69453694  69453694  69453694  99791697  99791697  99791697  99791697
  99791697 102146295   5971020  84031951  82730974  35123663  82730974
  59995167  33058311  62827540  24543438  51120031  96627737  82035485
  15880148  19215552   6974926  74092375  74092375   7078259  94124153
  33588388  33588388  33588388  33588388  33588388  33588388  82035485
   7665268   5815004   7630976   7630976  22112435  22112435  34243230
  34243230  34243230  34243230  34243230  34243230  34243230  99568175
  99568175  99568175  99568175  78310619  78310619  78310619 101322392
  18632262  69212366  69212366  38530881  38530881  50960232  50960232
  67235015  67235015  37412907 192262936  28960399  58683262  32029505
  32029505  74921708  49464056  18647793  18647793  94862522  94862522
  94862522  91840877  32029505  94862522  94862522  56369543  50391770
  94862522  94862522  24439589  24439589  17584554  24626392 146398192
  92102836  92102836  39677550  39677550  11736767  11736767  40657032
  40657032  41871849  41871849  70538545  70538545   3946658   3946658
  53838518  45883725  83269634  38227324 103428704  80746000  80746000
  80746000  99789491  99789491  15452940  45872528  64341450  64341450
 148743698 148743698 237862788 237862788 262072776  57121224  57121224
  57121224  57121224 167523694 167523694  23139895  23139895  23139895
  49207534  49207534    448177    448177  77313075   8263831  84512114
  52884684  85378543  47615922  54217734  54217734  70439059  70439059
  47004856  20449332   1779956 178042197  80648850  24795280  24795280
  78492260  78492260]",,,,,,,,,,
11951382,44791352,1,1772725742,1772725278,4,1295.0,63.0,[982 349 387 974 976 213],82.0,2.0,1.0,56.0,123.0,372.0,1411.0,30.0,150.0,220.0,2.0,10.0,,[6 4 9],[45 27 34],[ 2 26 22],[354 139 292 374],[ 205  640  296 1062 1287],[11],,,[0 9 9 2 2 8 2 3 3 8],[0 9 2 5 4 3 3 2 4 9],,,,,2.0,,1.0,3.0,3.0,,3.0,1.0,,,3.0,2.0,,,,"[ 1.08937383e-01  5.81005774e-02  9.50317979e-02  4.27822359e-02
 -2.17218827e-02  6.97891340e-02  2.75063366e-02  1.97263844e-02
 -5.22344485e-02  1.11549608e-01 -4.41917889e-02 -1.77016407e-02
 -7.58852884e-02 -4.58987765e-02  9.81108174e-02 -1.70225613e-02
  5.30195870e-02 -3.93899903e-02 -2.17951834e-03 -1.27811119e-01
  2.13814829e-03  8.79793148e-03  1.04122624e-01  2.23291945e-02
 -1.04782179e-01 -6.85267374e-02 -8.45521465e-02  2.65133232e-02
  1.24258585e-01 -1.68697909e-02 -8.38720649e-02  6.66904896e-02
  8.60626623e-02 -6.38944050e-03  5.22454828e-02  6.70183226e-02
 -7.63101578e-02 -9.72560141e-03 -3.91524173e-02  7.10623488e-02
 -3.29381377e-02 -4.10910733e-02 -7.16193691e-02  4.40880433e-02
 -4.25524777e-03 -4.46940809e-02 -5.69916517e-02  8.54860470e-02
 -6.98521882e-02  1.11010678e-01 -4.35005464e-02 -1.15876005e-03
  4.43301052e-02  5.65723628e-02  1.21267103e-01 -5.18198349e-02
  3.77474679e-03  1.62999500e-02 -7.90170953e-02  9.57508385e-02
  5.88963479e-02 -5.25026955e-02 -1.49680302e-01 -5.39050736e-02
  2.45297831e-02  4.11050068e-03  6.34572133e-02  3.02395690e-02
 -8.35836753e-02  1.15897655e-01  3.48597532e-04 -7.93477613e-03
 -1.27320871e-01  1.04891025e-01 -5.68263605e-02  9.68837962e-02
  9.50304717e-02  8.97582471e-02 -5.14640659e-03 -3.43184546e-02
 -8.89666677e-02 -6.07725307e-02  5.63652404e-02 -5.20607643e-02
 -2.90838070e-02 -5.84077314e-02  3.89345922e-02 -7.80901536e-02
  7.37638772e-02  9.68021378e-02  1.43790636e-02 -1.73480194e-02
 -2.78104115e-02 -3.91570292e-02 -4.00735699e-02 -2.18896046e-02
  4.09137346e-02  6.93844631e-02  9.04519670e-03 -7.10623572e-03
 -1.17756017e-01 -8.93947333e-02 -6.17505517e-04  3.40256430e-02
  7.44067505e-02 -3.14272344e-02 -3.94785851e-02  4.69041523e-03
 -5.10846674e-02 -4.50805575e-02  5.35132103e-02  5.56130614e-03
  8.15939829e-02  1.49386302e-01 -5.08727916e-02  8.58253092e-02
 -1.26917642e-02 -3.73621122e-03  1.16719538e-02  7.18858093e-02
 -1.77346468e-02 -1.83989499e-02  1.10981157e-02  1.25307679e-01
 -2.65118890e-02 -3.57968807e-02 -9.39469188e-02 -5.31907659e-03
  4.95956801e-02  1.60633144e-03  7.29222372e-02  3.60620879e-02
 -6.11344501e-02 -8.09029862e-02  4.18201052e-02 -1.06109276e-01
  8.54405984e-02  5.56565402e-03 -5.21422625e-02 -3.14749894e-03
 -2.46310607e-02 -4.03710082e-03 -9.86351892e-02  6.94063976e-02
  1.98190417e-02 -1.34148104e-02  6.72895752e-04  2.96810158e-02
  1.09454319e-02  4.39994894e-02  1.03795603e-01 -3.73285599e-02
  7.01039284e-02 -4.28532436e-02  5.76436194e-03 -1.65389422e-02
  7.85954371e-02 -4.20736484e-02  6.69647008e-02 -1.91686694e-02
 -6.05989657e-02 -4.12218831e-03  3.24045084e-02  8.80215690e-02
 -5.29864989e-02  7.07770362e-02 -3.70291360e-02 -2.98589990e-02
  9.63634178e-02 -4.87046205e-02  6.68643340e-02 -3.74183245e-02
 -6.37041777e-02 -2.52990574e-02 -1.23876166e-02 -5.96972369e-02
 -7.22479308e-06 -1.28063858e-01 -1.01491429e-01 -9.59332436e-02
  9.91450530e-03  1.02536827e-01  6.39657974e-02  1.32614255e-01
 -7.66740590e-02 -3.24665830e-02 -6.13738364e-03 -5.46136647e-02
 -9.26003009e-02 -2.64110211e-02 -1.07902966e-01  1.01491444e-01
 -7.22382497e-03  7.10407719e-02  5.32737747e-02 -1.22119874e-01
 -4.40906584e-02  6.86823875e-02  7.54297990e-03 -6.46123141e-02
  1.65908202e-03 -3.84658538e-02  4.97871637e-02  1.33557180e-02
  2.39905454e-02  2.07829867e-02  1.14661515e-01  6.26705959e-02
 -9.73894373e-02 -9.90334749e-02 -3.08303088e-02 -5.06588966e-02
  8.64893422e-02 -9.62774232e-02 -1.61076151e-02  9.25080478e-02
  4.66884151e-02 -9.19580981e-02  6.12699054e-02 -4.91307816e-03
  5.56083359e-02 -4.60711122e-02  9.66176540e-02  3.25261801e-02
  2.89215110e-02 -1.31462468e-02  1.45024585e-03  4.44664583e-02
  1.21095553e-02  1.15586825e-01 -2.19138116e-02 -2.71241111e-03
  7.02021047e-02 -6.63958862e-03 -1.52171487e-02 -8.43290463e-02
 -5.11104167e-02 -8.82229768e-03  8.34630709e-03  2.18737200e-02
 -8.74450952e-02  1.59835238e-02  2.70776562e-02  3.51510197e-02
  1.07217118e-01  6.60035685e-02 -2.83208936e-02 -1.39091201e-02
  2.70774141e-02 -5.12026288e-02  4.68268618e-02 -1.00624308e-01
  1.00808525e-02 -1.21849431e-02 -4.01329389e-03  7.40499375e-03]",[1.5259114e+06 2.4362750e+05 7.1644000e+04],[1.2521328e+06 7.1644000e+04 5.6458000e+04],[1.5259114e+06 2.4362750e+05 7.1644000e+04],[4.476106e+06 2.436275e+05 7.164400e+04 5.645800e+04],[4.476106e+06 4.713660e+05 7.164400e+04 5.645800e+04 1.588900e+04],"[ 0.2065 -0.0509  0.0019  0.0465  0.3564 -0.086   0.1127  0.1666 -0.1446
  0.195  -0.1105  0.1579 -0.385  -0.0042 -0.0998  0.2887 -0.0662  0.3676
  0.1528 -0.1302  0.0178  0.0415 -0.0446 -0.2857  0.0983 -0.071  -0.1707
  0.0628 -0.1527 -0.2918  0.0097  0.1352  0.      0.      0.      0.
  0.      0.      0.      0.      0.      0.      0.      0.      0.
  0.      0.      0.      0.      0.      0.      0.      0.      0.
  0.      0.      0.      0.      0.      0.      0.      0.      0.
  0.      0.      0.      0.      0.      0.      0.      0.      0.
  0.      0.      0.      0.      0.      0.      0.      0.      0.
  0.      0.      0.      0.      0.      0.      0.      0.      0.
  0.      0.      0.      0.      0.      0.      0.      0.      0.
  0.      0.      0.      0.      0.      0.      0.      0.      0.
  0.      0.      0.      0.      0.      0.      0.      0.      0.
  0.      0.      0.      0.      0.      0.      0.      0.      0.
  0.      0.      0.      0.      0.      0.      0.      0.      0.
  0.      0.      0.      0.      0.      0.      0.      0.      0.
  0.      0.      0.      0.      0.      0.      0.      0.      0.
  0.      0.      0.      0.      0.      0.      0.      0.      0.
  0.      0.      0.      0.      0.      0.      0.      0.      0.
  0.      0.      0.      0.      0.      0.      0.      0.      0.
  0.      0.      0.      0.      0.      0.      0.      0.      0.
  0.      0.      0.      0.      0.      0.      0.      0.      0.
  0.      0.      0.      0.      0.      0.      0.      0.      0.
  0.      0.      0.      0.      0.      0.      0.      0.      0.
  0.      0.      0.      0.      0.      0.      0.      0.      0.
  0.      0.      0.      0.      0.      0.      0.      0.      0.
  0.      0.      0.      0.      0.      0.      0.      0.      0.
  0.      0.      0.      0.      0.      0.      0.      0.      0.
  0.      0.      0.      0.      0.      0.      0.      0.      0.
  0.      0.      0.      0.      0.      0.      0.      0.      0.
  0.      0.      0.      0.      0.      0.      0.      0.      0.
  0.      0.      0.      0.      0.      0.      0.      0.      0.
  0.      0.      0.      0.      0.      0.      0.      0.      0.
  0.      0.      0.      0.      0.      0.      0.      0.      0.
  0.      0.      0.      0.      0.      0.      0.      0.      0.
  0.      0.      0.      0.      0.    ]","[-6.000e-03 -2.035e-01 -4.417e-01 -4.814e-01  1.909e-01  6.462e-01
  2.777e-01  2.190e-02 -3.900e-03 -6.000e-04]","[-6.000e-03 -2.035e-01 -4.417e-01 -4.814e-01  1.909e-01  6.462e-01
  2.777e-01  2.190e-02 -3.900e-03 -6.000e-04]",,175.0,73.0,1329.0,976.0,11.0,82.0,[19049],517.0,6.0,7858.0,0.0,,,,"[     0      0      0      0      0 236506      0      0      0      0
      0      0      0      0      0      0      0      0      0      0
      0      0      0      0      0      0      0      0      0      0
      0 332116      0      0      0      0      0      0      0      0
      0      0      0      0      0      0      0      0      0      0
      0      0      0      0      0      0      0      0      0      0
      0      0      0      0      0      0      0      0      0      0
      0      0      0      0      0      0      0      0      0      0
      0      0      0      0      0      0      0      0      0      0
      0      0      0      0      0      0      0      0      0      0
      0      0      0      0      0      0      0      0      0      0
      0      0      0      0 658201      0      0      0      0      0
      0      0      0      0      0      0      0      0      0      0
      0      0      0      0      0      0      0      0      0      0
      0      0      0      0      0      0      0      0      0      0
      0      0  77576      0      0      0 265390      0      0      0
      0      0      0      0      0      0      0      0      0      0
      0      0      0      0      0      0      0      0      0      0
      0      0      0      0      0      0      0      0 686934      0
      0      0      0      0      0 179911 821546      0      0      0
      0      0      0]","[1772723280 1772682120 1772682060 1772635500 1772635200 1772635112
 1772574780 1772574720 1772574720 1772574660 1772345760 1772345580
 1772287920 1772120460 1771541820 1771120440 1770935220 1770935220
 1770872700 1770734636 1770633120 1770305340 1770304860 1770304800
 1770304680 1770304500 1770222780 1770219180 1770219060 1770218880
 1770218580 1770217997 1770132960 1769325120 1768922520 1768922400
 1768722900 1768095804 1768055940 1767937291 1767937274 1767937271
 1767923220 1767922980 1767431640 1767318960 1767280200 1767070320
 1767069840 1767069720 1766913840 1766912280 1766848140 1766587260
 1766507400 1766418480 1766418240 1766406660 1766406240 1766404620
 1766403480 1766403180 1766403060 1766353680 1766334540 1766330580
 1766330580 1766106780 1766106480 1766106420 1766106360 1766106240
 1766106060 1766105820 1766105700 1766105580 1766105520 1766105280
 1766105160 1766105100 1766104800 1766104680 1766104560 1766104500
 1766104440 1766104260 1766104140 1766104080 1766103900 1766103840
 1766103720 1766103600 1766103420 1766103300 1766103240 1766102880
 1766102340 1766102280 1766101860 1766101800 1766101680 1766101680
 1766101440 1766101440 1766035800 1766035680 1766034540 1766032380
 1766032080 1765864320 1765863960 1765707900 1765598160 1765594740
 1765594653 1765592400 1765531860 1763997060 1763996880 1763295240
 1763294940 1763294820 1763254560 1763050200 1762686840 1762611840
 1762611720 1762360200 1762360200 1762360098 1762355100 1762233960
 1762141980 1762141920 1762141500 1762140840 1762140780 1762140540
 1762140240 1762140180 1762140120 1762139880 1762139760 1762139460
 1762139400 1762139340 1762138920 1762138860 1762138320 1762138260
 1762138200 1762138140 1762133933 1761871200 1761871140 1761871140
 1761871037 1761750840 1761665880 1761623880 1761623340 1761623280
 1761279420 1760234112 1760234095 1760154720 1759940520 1759940100
 1759936800 1759936620 1759936440 1759936380 1759936260 1759936140
 1759807744 1759807741 1759805160 1759490110 1759452180 1759452120
 1759452000 1759451940 1759324587 1759319579 1759319561 1759319505
 1759315450 1759315447 1759315447 1759076340 1759076160 1759075980
 1759075980 1759075800 1759075680 1744697674 1741154976 1740671999
 1737302399 1734883199 1730390399 1728748799 1726243199]","[ 2  2  2  2  2 13  2  2  2  2  2  2  2  2  2  2  2  2  2  7  2  2  2  2
  2  2  2  2  2  2  2 13  2  2  2  2  2 10  2  7  7  7  2  2  2  2  2  2
  2  2  2  2  2  2  2  2  2  2  2  2  2  2  2  2  2  2  2  2  2  2  2  2
  2  2  2  2  2  2  2  2  2  2  2  2  2  2  2  2  2  2  2  2  2  2  2  2
  2  2  2  2  2  2  2  2  2  2  2  2  2  2  2  2  2  2 13  2  2  2  2  2
  2  2  2  2  2  2  2  2  2 13  2  2  2  2  2  2  2  2  2  2  2  2  2  2
  2  2  2  2  2  2  2  2  7  2  2  2 13  2  2  2  2  2  2  7  7  2  2  2
  2  2  2  2  2  2  7  7  2 10  2  2  2  2  7  7  7  7  7  7  7  2  2  2
  2  2  2 13 13 13 13 13 13 13 13]","[ 6  6  6  6  6 10  6  6  6  6  6  6  6  6  6  6  6  6  6 11  6  6  6  6
  6  6  6  6  6  6  6 10  6  6  6  6  6  4  6 11 11 11  6  6  6  6  6  6
  6  6  6  6  6  6  6  6  6  6  6  6  6  6  6  6  6  6  6  6  6  6  6  6
  6  6  6  6  6  6  6  6  6  6  6  6  6  6  6  6  6  6  6  6  6  6  6  6
  6  6  6  6  6  6  6  6  6  6  6  6  6  6  6  6  6  6 10  6  6  6  6  6
  6  6  6  6  6  6  6  6  6 10  6  6  6  6  6  6  6  6  6  6  6  6  6  6
  6  6  6  6  6  6  6  6 11  6  6  6 10  6  6  6  6  6  6 11 11  6  6  6
  6  6  6  6  6  6 11 11  6  4  6  6  6  6 11 11 11 11 11 11 11  6  6  6
  6  6  6 10 10 10 10 10 10 10 10]","[149 800 800 149 149 215 800  90 800 800 187 187   0 206 206 398  24 800
 149 149 840   0   0   0   0   0 149 149 149 149 149 648 800 206   0   0
 149 558   0 893 149 149 149 149   0 800 840 800 800 800   0 956 206 559
 559 187 187 559 559 559 559 559 840 956 956 956 956 840 840 840 840 840
 840 840 840 840 840 840 840 840 840 840 840 840 840 840 840 840 840 840
 840 840 840 840 840 840 840 840 840 840 559 840   0 149 149 149   0 149
 149 149 149   0 149 149 215 149   0 149 149 149 149 149 149 559 398 149
 149 149 559 705 149 149 840 840 840 840 840 840 840 840 840 840 840 840
 840 840 840 840 840 840 840 840 648 149 559 149 519 149 840 840 840 840
 206   0   0 800 840 840 206 206 206 206 206 206 621 621 956 499 149 149
 149 149 621 621   0   0 220 220 318 956 956 956 956 956 956 705 737   0
   0   0   0   0   0]","[   0 2759 2759    0    0 3139 2759 2628 2759 2759 2476 2476    0 1703
 1703  376 2009 2759    0    0 3117    0    0    0    0    0    0    0
    0    0    0 2138 2759 1703    0    0    0    0    0 1109 3017 3017
    0    0    0 2759 3117 2759 2759 2759    0    0 1703    0    0  512
  512    0    0    0    0    0 3117    0    0    0    0 3117 3117 3117
 3117 3117 3117 3117 3117 3117 3117 3117 3117 3117 3117 3117 3117 3117
 3117 3117 3117 3117 3117 3117 3117 3117 3117 3117 3117 3117 3117 3117
 3117 3117 1894 3117    0    0    0    0    0    0    0    0    0    0
    0    0 2448    0    0    0    0    0    0    0    0 1894  376    0
    0    0 1894  241    0    0 3117 3117 3117 3117 3117 3117 3117 3117
 3117 3117 3117 3117 3117 3117 3117 3117 3117 3117 3117 3117 1671    0
 1894    0  902    0 3117 3117 3117 3117 1703    0    0 2759  555  555
 1703 1703 1703 1703 1703 1703 3123 3123    0    0    0    0    0    0
 3123 3123    0    0 1768 1768    0    0    0    0    0    0    0  118
 2840    0    0    0    0    0    0]","[    0  7074  7074     0     0 10142  7074     0  7074  7074 11625 11625
     0     0     0     0     0  7074     0     0  1747     0     0     0
     0     0     0     0     0     0     0   156  7074     0     0     0
     0     0     0     0 10327 10327     0     0     0  7074  1747  7074
  7074  7074     0     0     0     0     0  6314  6314     0     0     0
     0     0  1747     0     0     0     0  1747  1747  1747  1747  1747
  1747  1747  1747  1747  1747  1747  1747  1747  1747  1747  1747  1747
  1747  1747  1747  1747  1747  1747  1747  1747  1747  1747  1747  1747
  1747  1747  1747  1747 12072  1747     0     0     0     0     0     0
     0     0     0     0     0     0  5368     0     0     0     0     0
     0     0     0 12072     0     0     0     0 12072 12404     0     0
  1747  1747  1747  1747  1747  1747  1747  1747  1747  1747  1747  1747
  1747  1747  1747  1747  1747  1747  1747  1747  6700     0 12072     0
  2885     0  1747  1747  1747  1747     0     0     0  7074  8829  8829
     0     0     0     0     0     0   796   796     0     0     0     0
     0     0   796   796     0     0     0     0     0     0     0     0
     0     0     0 13164 12266     0     0     0     0     0     0]","[   0    0    0    0    0 5965    0    0    0    0    0    0    0    0
    0    0    0    0    0    0    0    0    0    0    0    0    0    0
    0    0    0 3340    0    0    0    0    0    0    0    0    0    0
    0    0    0    0    0    0    0    0    0    0    0    0    0    0
    0    0    0    0    0    0    0    0    0    0    0    0    0    0
    0    0    0    0    0    0    0    0    0    0    0    0    0    0
    0    0    0    0    0    0    0    0    0    0    0    0    0    0
    0    0    0    0    0    0    0    0    0    0    0    0    0    0
    0    0 3072    0    0    0    0    0    0    0    0    0    0    0
    0    0    0    0    0    0    0    0    0    0    0    0    0    0
    0    0    0    0    0    0    0    0    0    0    0    0 5981    0
    0    0 6262    0    0    0    0    0    0    0    0    0    0    0
    0    0    0    0    0    0    0    0    0    0    0    0    0    0
    0    0    0    0    0    0    0    0    0    0    0    0    0 5879
    0    0    0    0    0    0    0]","[ 1  1  1 14  2 17  1  1  1  1 14 16  1  1  1 14 12 12 14  0 12 14  1 14
  1  1  1 11 11 11 16 17 16 12 14 11  1  0  1  0  0  0  1 14 17  1 14 14
  1 16  1 11 14 16 14  1 16 16 16  1  2 16 14 16 11 12  1 12 14  1 14  2
  2  2  1  2 14  2  1 11  2 14  1 14  2  2  1 14 14  1  2  2  1 14 11  2
 11  1  1  2 12 14 14  1  1  1  2 14  1 14  1 16 14  2 17  1  1 11  2 12
 12 14 14 14  1  1 14 14 12 17 16  1  1 14 11  1  2 11  1  1 11  2  2  2
  1 11 16  2  1  1  1 14  0  1 12 14 17  2 11 11 14  1 14  0  0 16  1 14
 14 14  2 14 14  1  0  0  1  0  1  1  1  1  0  0  0  0  0  0  0 14  2 14
 14 16 14 17 17 17 17 17 17 17 17]","[1772635111 1772634942 1772545523 1772544667 1771777312 1771777240
 1771763993 1771763591 1771762387 1771760845 1771759135 1771759135
 1771758923 1771757678 1771757678 1771757336 1771757259 1771757090
 1771757090 1771757016 1771756953 1771756343 1771756011 1771756011
 1771755592 1771755592 1771733201 1771691786 1771690433 1771690433
 1771690143 1771689802 1771688627 1771688542 1771688444 1771688443
 1771688349 1771688349 1771687144 1771687144 1771686863 1771686863
 1771686701 1771686565 1771686565 1771686101 1771674685 1771673611
 1771673066 1771638671 1771637784 1771637300 1771636830 1771636813
 1771167945 1771120836 1771120428 1770995944 1770994848 1770962826
 1770962272 1770961004 1770957322 1770956776 1770874308 1770874010
 1770873476 1770217997 1770217425 1770217410 1770216735 1769940600
 1769940489 1768723700 1768723564 1768723412 1768723213 1768723203
 1768723079 1768723020 1768722947 1768722903 1768722815 1768722758
 1768680405 1768679263 1768677382 1768054373 1768053956 1767938462
 1767188329 1766196826 1766194645 1765584009 1765582510 1765582350
 1765582082 1765581890 1765093440 1765093435 1765092875 1765083986
 1765082817 1765082258 1765073113 1765070909 1765067561 1765067484
 1765024854 1764859500 1764418893 1762686840 1762611840 1762611720
 1762523380 1762523168 1762522267 1762360260 1762360208 1762360200
 1762360200 1762360098 1762360091 1762233960 1762231239 1762230887
 1762230701 1762166110 1762163506 1762162998 1762162976 1762142160
 1762142160 1762141980 1762141920 1762141500 1762140840 1762140780
 1762140540 1762140240 1762140180 1762140120 1762139880 1762139760
 1762139460 1762139400 1762139340 1762138920 1762138860 1762138320
 1762138260 1762138200 1762138140 1761916533 1761915859 1761904635
 1761904635 1761902994 1761871243 1761871200 1761871140 1761871140
 1761871035 1761871014 1761820273 1761820201 1761750840 1761750316
 1761666240 1761666000 1761665880 1761623880 1761623340 1761623280
 1761480222 1761455817 1761455057 1761454986 1761453433 1761392453
 1761391321 1761390738 1761388819 1761388819 1761348904 1761348178
 1761347626 1761347395 1761299520 1761279420 1761218750 1761212084
 1761211564 1760843616 1760843581 1760843184 1760838145 1760837335
 1760837335 1760837125 1760836815 1760832859 1760832075 1760234207
 1760154720 1759936800 1759936620 1759936440 1759936380 1759936260
 1759936140 1759807287 1759806950 1759806314 1759806227 1759805786
 1759805760 1759805160 1759770223 1759770024 1759769290 1759769164
 1759768996 1759725130 1759725051 1759725051 1759724907 1759724695
 1759706763 1759706672 1759706491 1759706401 1759675933 1759675750
 1759674611 1759673989 1759673766 1759670182 1759670152 1759573462
 1759572339 1759452300 1759452180 1759452120 1759452000 1759451940
 1759420544 1759420240 1759419441 1759418157]","[ 1 24 22 22 22 22 22 22 22 22 22 22 22 22 22 22 22 22 22 22 22 22 22 22
 22 22 22 22 22 22 22 22 22 22 22 22 22 22 22 22 22 22 22 22 22 22 22 22
 22 22 22 22 22 22 22 22 22 22 22 22 22 22 22 22 22 22 22  1 24 24 24 22
 22 22 22 22 22  5 22 22 22  5 22 22 22 22 22 22 22 22 22 22 22 22 22 22
 22 22 26 22 22 22 22 22 22 22 22 22 22 26 22 19 19 19 22 22 22 19  5 19
 19  1 24 19 22 22 22 22 22 22 22 19 19 19 19 19 19 19 19 19 19 19 19 19
 19 19 19 19 19 19 19 19 19 22 22 22 22 22  5 19 19 19  1 24 22 22 19 24
 19 19 19 19 19 19 22 22 22 22 22 22 22 22 22 22 22 22 22 22 19 19 22 22
 22 22 22 22 22 22 22 22 22 22 22 22 19 19 19 19 19 19 19 22 22 22 22 22
 19 19 22 22 22 22 22 22 22 22 22 22 22 22 22 22 22 22 22 22 22 22 22 24
 24 19 19 19 19 19 22 22 22 22]","[ 2433268  2433268 22669625 22669625 27565997  7067863 58597308 58597308
 22669625 58597308 73748371 58597308 58597308 58597308 75675444 58597308
 72254388 72254388 58597308 58597308 58597308 58597308 34469710 58597308
 58597308 34469710 34469710  7067863  8036947 22669625 34469710 34469710
 72737695 34469710 34469710 22231352 34469710 22231352 34469710 11380548
 34469710 31716653  7067863 76946250  7067863 34469710  7067863 20532441
 20532441 20532441 20532441  7067863  2537074  7067863 28814103 13889244
 13889244 25994840 25994840 25994840 25994840 73726626 25994840 25994840
 25994840 25994840 25994840 75513895 75513895 75513895 75513895 73726626
 73726626 37857051 37857051 37857051 37857051 74494025 37857051 37857051
 37857051 74494025 24303921 37857051 68173208 68173208 68173208 10280235
 10280235 12810297 58745709 28814103 58745709 25994840 25994840 25994840
 25994840 25994840 27606833 25994840 25994840 25994840 58745709 25994840
 25994840 25994840 25994840 58745709 58745709 29045692 58745709 41208689
  3922986  3922986 68173208 68173208 68173208  3922986 71821133  3922986
 20150559 16561008 16561008  3922986 68173208 68173208 68173208 68173208
  7067863  7067863  7067863 20150559 36447902 36447902 36447902 36447902
 36447902 36447902 36447902 36447902 36447902 36447902 36447902 36447902
 36447902 36447902 36447902 36447902 36447902 36447902 36447902 36447902
 36447902  7067863  7067863  9539780  7067863  7067863  6037734  3922986
  3922986 20150559 67926030 67926030  7067863  7067863  3922986 75513895
 36447902 36447902 36447902 36447902 36447902 36447902  2891583  7067863
  7067863  7067863  2891583  2891583  2891583  2891583 58745709  2891583
  2891583  2891583  2891583  2891583 11708119 11708119  7067863 58745709
 58745709 73300003 73300003 73300003 73300003 73300003 20517578 20517578
 20517578 68173208 68173208 68173208 57457139 11708119 11708119 11708119
 11708119 11708119 11708119  7067863  7067863  7067863  7067863  7067863
 70482992 70482992 53086861 53086861 53086861 53086861 53086861 53086861
 53086861 73726626 73726626 73726626 73726626 73726626 73726626 73726626
 58745709 58745709 73726626 73726626 73726626 73726626 73726626 29495140
 29495140 18826112  3922986  3922986  3922986  3922986 58745709 58745709
 58745709 58745709]","[246 246 710 710 552 552 509 509 710 509 155 509 509 509 155 509  33  33
 509 509 509 509  33 509 509  33  33 552 155 710  33  33 544  33  33 185
  33 185  33 289  33 289 552 520 552  33 552 520 520 520 520 552 289 552
 304 237 237   0   0   0   0 677   0   0   0   0   0 628 628 628 628 677
 677 377 377 377 377   0 377 377 377   0 544 377 114 114 114 487 487  30
 710 304 710   0   0   0   0   0 721   0   0   0 710   0   0   0   0 710
 710   0 710 587 385 385 114 114 114 385 683 385 351 683 683 385 114 114
 114 114 552 552 552 351 472 472 472 472 472 472 472 472 472 472 472 472
 472 472 472 472 472 472 472 472 472 552 552 552 552 552  45 385 385 351
 274 274 552 552 385 628 472 472 472 472 472 472 170 552 552 552 170 170
 170 170 710 170 170 170 170 170 484 484 552 710 710 638 638 638 638 638
 487 487 487 114 114 114 555 484 484 484 484 484 484 552 552 552 552 552
 203 203 495 495 495 495 495 495 495 677 677 677 677 677 677 677 710 710
 677 677 677 677 677   0   0 385 385 385 385 385 710 710 710 710]","[ 163  163 2427 2427 1952 1952  323  323 2427  323  715  323  323  323
  715  323 1094 1094  323  323  323  323 1635  323  323 1635 1635 1952
  715 2427 1635 1635  679 1635 1635 2342 1635 2342 1635 2490 1635 2490
 1952 2449 1952 1635 1952 2449 2449 2449 2449 1952 2490 1952  513 1724
 1724    0    0    0    0  970    0    0    0    0    0 1313 1313 1313
 1313  970  970  544  544  544  544    0  544  544  544    0  679  544
 1894 1894 1894  310  310 2652 2427  513 2427    0    0    0    0    0
  497    0    0    0 2427    0    0    0    0 2427 2427    0 2427 1384
    0    0 1894 1894 1894    0  609    0 1121  609  609    0 1894 1894
 1894 1894 1952 1952 1952 1121 2078 2078 2078 2078 2078 2078 2078 2078
 2078 2078 2078 2078 2078 2078 2078 2078 2078 2078 2078 2078 2078 1952
 1952 1952 1952 1952 1277    0    0 1121  394  394 1952 1952    0 1313
 2078 2078 2078 2078 2078 2078  919 1952 1952 1952  919  919  919  919
 2427  919  919  919  919  919  374  374 1952 2427 2427  908  908  908
  908  908  310  310  310 1894 1894 1894  797  374  374  374  374  374
  374 1952 1952 1952 1952 1952    0    0 2274 2274 2274 2274 2274 2274
 2274  970  970  970  970  970  970  970 2427 2427  970  970  970  970
  970    0    0    0    0    0    0    0 2427 2427 2427 2427]","[ 602  602 8745 8745 4992 9644 1225 1225 8745 1225 8761 1225 1225 1225
    0 1225 8888 8888 1225 1225 1225 1225 2077 1225 1225 2077 2077 9644
 1708 8745 2077 2077 8103 2077 2077  651 2077  651 2077 7159 2077 7159
 9644 9208 9644 2077 9644 4090 4090 4090 4090 9644 6258 9644 7299 5125
 5125    0    0    0    0 4912    0    0    0    0    0  239  239  239
  239 4912 4912 5318 5318 5318 5318    0 5318 5318 5318    0 8103 5318
 9912 9912 9912 8241 8241 5062 1096 7299 1096    0    0    0    0    0
    0    0    0    0 1096    0    0    0    0 1096 1096    0 1096    0
    0    0 9912 9912 9912    0    0    0 9735 4738 4738    0 9912 9912
 9912 9912 9644 9644 9644 9735 4914 4914 4914 4914 4914 4914 4914 4914
 4914 4914 4914 4914 4914 4914 4914 4914 4914 4914 4914 4914 4914 9644
 9644 9644 9644 9644 9578    0    0 9735 1253 1253 9644 9644    0  239
 4914 4914 4914 4914 4914 4914 7187 9644 9644 9644 7187 7187 7187 7187
 1096 7187 7187 7187 7187 7187    0    0 9644 1096 1096 8940 8940 8940
 8940 8940 4660 4660 4660 9912 9912 9912 9031    0    0    0    0    0
    0 9644 9644 9644 9644 9644    0    0 8387 8387 8387 8387 8387 8387
 8387 4912 4912 4912 4912 4912 4912 4912 1096 1096 4912 4912 4912 4912
 4912    0    0    0    0    0    0    0 1096 1096 1096 1096]","[  13   13    0    0    0    0 1829 1829    0 1829    0 1829 1829 1829
    0 1829    0    0 1829 1829 1829 1829 2383 1829 1829 2383 2383    0
    0    0 2383 2383    0 2383 2383    0 2383    0 2383    0 2383    0
    0 6682    0 2383    0    0    0    0    0    0 3704    0 3322 3711
 3711    0    0    0    0    0    0    0    0    0    0   48   48   48
   48    0    0  651  651  651  651    0  651  651  651    0    0  651
    0    0    0    0    0 2328    0 3322    0    0    0    0    0    0
    0    0    0    0    0    0    0    0    0    0    0    0    0    0
    0    0    0    0    0    0    0    0    0    0    0    0    0    0
    0    0    0    0    0    0    0    0    0    0    0    0    0    0
    0    0    0    0    0    0    0    0    0    0    0    0    0    0
    0    0    0    0    0    0    0    0 1022 1022    0    0    0   48
    0    0    0    0    0    0    0    0    0    0    0    0    0    0
    0    0    0    0    0    0    0    0    0    0    0    0    0    0
    0    0   82   82   82    0    0    0    0    0    0    0    0    0
    0    0    0    0    0    0    0    0    0    0    0    0    0    0
    0    0    0    0    0    0    0    0    0    0    0    0    0    0
    0    0    0    0    0    0    0    0    0    0    0    0]","[388970 388970      0      0      0      0      0      0      0      0
      0      0      0      0      0      0      0      0      0      0
      0      0      0      0      0      0      0      0      0      0
      0      0      0      0      0      0      0      0      0      0
      0      0      0      0      0      0      0      0      0      0
      0      0      0      0      0      0      0      0      0      0
      0      0      0      0      0      0      0 411372 411372 411372
 411372      0      0      0      0      0      0      0      0      0
      0      0      0      0      0      0      0      0      0      0
      0      0      0      0      0      0      0      0      0      0
      0      0      0      0      0      0      0      0      0      0
      0      0      0      0      0      0      0      0      0      0
      0      0      0      0      0      0      0      0      0      0
      0      0      0      0      0      0      0      0      0      0
      0      0      0      0      0      0      0      0      0      0
      0      0      0      0      0      0      0      0      0      0
      0      0      0      0      0      0      0 411372      0      0
      0      0      0      0      0      0      0      0      0      0
      0      0      0      0      0      0      0      0      0      0
      0      0      0      0      0      0      0      0      0      0
      0      0      0      0      0      0      0      0      0      0
      0      0      0      0      0      0      0      0      0      0
      0      0      0      0      0      0      0      0      0      0
      0      0      0      0      0      0      0      0      0      0
      0      0      0      0      0      0      0      0      0      0]","[ 0  0  0  0  0  0  0  0  0  0  0  0  0  0  0  0  0  0  0  0  0  0  0  0
  0  0  0  0  0  0  0  0  0  0  0  0  0  0  0  0  0  0  0  0  0  0  0  0
  0  0  0  0  0  0  0  0  0  0  0  0  0  0  0  0  0  0  0  0  0  0  0  0
  0  0  0  0  0  0  0  0  0  0  0  0  0  0  0  0  0  0  0  0  0  0  0  0
  0  0 24  0  0  0  0  0  0  0  0  0  0  0  0 12 15 15  0  0  0 15 15 15
  5  0  0 15  0  0  0  0  0  0  0  5 26 26 26 26 26 26 26 26 26 26 26 26
 26 26 26 26 26 26 26 26 26  0  0  0  0  0  7 15 15  5  0  0  0  0 15  0
 26 26 26 26 26 26  0  0  0  0  0  0  0  0  0  0  0  0  0  0 21 21  0  0
  0  0  0  0  0  0  0  0  0  0  0  0 15 21 21 21 21 21 21  0  0  0  0  0
  4  4  0  0  0  0  0  0  0  0  0  0  0  0  0  0  0  0  0  0  0  0  0  0
  0 15 15 15 15 15  0  0  0  0]","[91098 91098     0     0     0     0     0     0     0     0     0     0
     0     0     0     0     0     0     0     0     0     0     0     0
     0     0     0     0     0     0     0     0     0     0     0     0
     0     0     0     0     0     0     0     0     0     0     0     0
     0     0     0     0     0     0     0     0     0     0     0     0
     0     0     0     0     0     0     0    -1    -1    -1    -1     0
     0     0     0     0     0     0     0     0     0     0     0     0
     0     0     0     0     0     0     0     0     0     0     0     0
     0     0 63250     0     0     0     0     0     0     0     0     0
     0     0     0     0     0     0     0     0     0     0     0     0
     0    -1    -1     0     0     0     0     0     0     0     0     0
     0     0     0     0     0     0     0     0     0     0     0     0
     0     0     0     0     0     0     0     0     0     0     0     0
     0     0     0     0     0     0    -1    -1     0     0     0    -1
     0     0     0     0     0     0     0     0     0     0     0     0
     0     0     0     0     0     0     0     0     0     0     0     0
     0     0     0     0     0     0     0     0     0     0     0     0
 45139     0     0     0     0     0     0     0     0     0     0     0
     0     0     0     0     0     0     0     0     0     0     0     0
     0     0     0     0     0     0     0     0     0     0     0     0
     0     0     0     0     0     0     0     0     0     0]","[  0   0   0   0   0   0   0   0   0   0   0   0   0   0   0   0   0   0
   0   0   0   0   0   0   0   0   0   0   0   0   0   0   0   0   0   0
   0   0   0   0   0   0   0   0   0   0   0   0   0   0   0   0   0   0
   0   0   0   0   0   0   0   0   0   0   0   0   0   0   0   0   0   0
   0   0   0   0   0   0   0   0   0   0   0   0   0   0   0   0   0   0
   0   0   0   0   0   0   0   0   1   0   0   0   0   0   0   0   0   0
   0  84   0 151 110 110   0   0   0 110 144 110  92   0   0 110   0   0
   0   0   0   0   0  92 110 110 110 110 110 110 110 110 110 110 110 110
 110 110 110 110 110 110 110 110 110   0   0   0   0   0  42 110 110  92
   0   0   0   0 110   0 110 110 110 110 110 110   0   0   0   0   0   0
   0   0   0   0   0   0   0   0 151 151   0   0   0   0   0   0   0   0
   0   0   0   0   0   0  83 151 151 151 151 151 151   0   0   0   0   0
  51  51   0   0   0   0   0   0   0   0   0   0   0   0   0   0   0   0
   0   0   0   0   0   0   0 110 110 110 110 110   0   0   0   0]","[   0    0    0    0    0    0    0    0    0    0    0    0    0    0
    0    0    0    0    0    0    0    0    0    0    0    0    0    0
    0    0    0    0    0    0    0    0    0    0    0    0    0    0
    0    0    0    0    0    0    0    0    0    0    0    0    0    0
    0    0    0    0    0    0    0    0    0    0    0    0    0    0
    0    0    0    0    0    0    0    0    0    0    0    0    0    0
    0    0    0    0    0    0    0    0    0    0    0    0    0    0
  171    0    0    0    0    0    0    0    0    0    0 3791    0  168
 1798 1798    0    0    0 1798 3704 1798  313    0    0 1798    0    0
    0    0    0    0    0  313 1798 1798 1798 1798 1798 1798 1798 1798
 1798 1798 1798 1798 1798 1798 1798 1798 1798 1798 1798 1798 1798    0
    0    0    0    0 1853 1798 1798  313    0    0    0    0 1798    0
 1798 1798 1798 1798 1798 1798    0    0    0    0    0    0    0    0
    0    0    0    0    0    0  168  168    0    0    0    0    0    0
    0    0    0    0    0    0    0    0 1720  168  168  168  168  168
  168    0    0    0    0    0 3649 3649    0    0    0    0    0    0
    0    0    0    0    0    0    0    0    0    0    0    0    0    0
    0    0    0 1798 1798 1798 1798 1798    0    0    0    0]","[   0    0    0    0    0    0    0    0    0    0    0    0    0    0
    0    0    0    0    0    0    0    0    0    0    0    0    0    0
    0    0    0    0    0    0    0    0    0    0    0    0    0    0
    0    0    0    0    0    0    0    0    0    0    0    0    0    0
    0    0    0    0    0    0    0    0    0    0    0    0    0    0
    0    0    0    0    0    0    0    0    0    0    0    0    0    0
    0    0    0    0    0    0    0    0    0    0    0    0    0    0
    0    0    0    0    0    0    0    0    0    0    0    0    0 2329
 2265 2265    0    0    0 2265 3790 2265 1066    0    0 2265    0    0
    0    0    0    0    0 1066 1129 1129 1129 1129 1129 1129 1129 1129
 1129 1129 1129 1129 1129 1129 1129 1129 1129 1129 1129 1129 1129    0
    0    0    0    0 6962 2265 2265 1066    0    0    0    0 2265    0
 1129 1129 1129 1129 1129 1129    0    0    0    0    0    0    0    0
    0    0    0    0    0    0  318  318    0    0    0    0    0    0
    0    0    0    0    0    0    0    0    0  318  318  318  318  318
  318    0    0    0    0    0    0    0    0    0    0    0    0    0
    0    0    0    0    0    0    0    0    0    0    0    0    0    0
    0    0    0 2265 2265 2265 2265 2265    0    0    0    0]","[     0      0      0      0      0      0      0      0      0      0
      0      0      0      0      0      0      0      0      0      0
      0      0      0      0      0      0      0      0      0      0
      0      0      0      0      0      0      0      0      0      0
      0      0      0      0      0      0      0      0      0      0
      0      0      0      0      0      0      0      0      0      0
      0      0      0      0      0      0      0      0      0      0
      0      0      0      0      0      0      0      0      0      0
      0      0      0      0      0      0      0      0      0      0
      0      0      0      0      0      0      0      0 223390      0
      0      0      0      0      0      0      0      0      0 109141
      0  70720      0      0      0      0      0      0  42492      0
 229104      0      0      0      0      0      0      0      0      0
      0 229104  82399  82399  82399  82399  82399  82399  82399  82399
  82399  82399  82399  82399  82399  82399  82399  82399  82399  82399
  82399  82399  82399      0      0      0      0      0 198789      0
      0 229104      0      0      0      0      0      0  82399  82399
  82399  82399  82399  82399      0      0      0      0      0      0
      0      0      0      0      0      0      0      0  16985  16985
      0      0      0      0      0      0      0      0      0      0
      0      0      0      0  38718  16985  16985  16985  16985  16985
  16985      0      0      0      0      0 139140 139140      0      0
      0      0      0      0      0      0      0      0      0      0
      0      0      0      0      0      0      0      0      0      0
      0 203162      0      0      0      0      0      0      0      0]","[1772158689 1771943968 1771120276 1771083796 1770854834 1770854813
 1770854701 1770308416 1770305429 1770305323 1770305318 1770305291
 1770305286 1770305135 1770305099 1769941126 1769781894 1769781318
 1769780370 1769779576 1769779514 1769325297 1769279597 1768922061
 1768921921 1768722885 1768722745 1768722697 1768218727 1768141909
 1767949814 1766911911 1766911668 1766353785 1766194637 1766194626
 1765676329 1765676253 1765626812 1765626743 1765625987 1765553089
 1765461719 1765118511 1765067596 1765066001 1764470707 1764418741
 1764169552 1763808547 1763807915 1763734427 1763734367 1763734240
 1763734145 1763734010 1763733922 1763733790 1763733775 1763733728
 1763165863 1762556887 1762556868 1762556770 1762555738 1762529022
 1762523879 1762403834 1762360114 1762359949 1762347610 1762233700
 1762233587 1762233506 1761961908 1761961776 1761961728 1761961624
 1761961586 1761961551 1761914017 1761913499 1761913440 1761910117
 1761871050 1761870836 1761694261 1761694118 1761388841 1761211073
 1760871291 1760871281 1760871217 1760871098 1760871059 1760871045
 1760871043 1760870983 1760837248 1760837035 1760835882 1760835736
 1760233969 1759724908 1759724901 1759706327 1759452356 1759366227
 1759366226 1759366225 1759366191 1759366190 1759366189 1759366187
 1759366158 1759366121 1759366120 1759366119 1759366070 1759366069
 1759366068 1759366010 1759366009 1759365733 1759365730 1759365654
 1759365609 1759365604 1759365551 1759365550 1759365517 1759365274
 1759365272 1759365235 1759365199 1759365107 1759365104 1759364976
 1759364975 1759364968 1759364945 1759364922 1759364914 1759364910
 1759364848 1759364603 1759364602 1759364598 1759364546 1759364510
 1759364508 1759364471 1759364465 1759364423 1759075571 1759075464
 1759075464 1759075437 1758800768 1758763561 1757602842 1757602834
 1757518100 1757517787 1757457679 1757457255 1757173960 1757173798
 1755815667 1755815400 1755815380 1755815159 1755575489 1755531469
 1755314969 1755304011 1755303830 1755303761 1755303731 1754804424
 1754447197 1754203853 1754201821 1754130426 1754124332 1754121699
 1754120544 1754112381 1754023111 1754015284 1754010786 1754010480
 1753972176 1753800346 1753672088 1753634949 1753634761 1753633917
 1752981099 1752980873 1752980724 1752980311 1752927393 1752901343
 1752899586 1752899453 1752899290 1752898682 1752898000 1752858950
 1752858937 1752850948 1752848087 1752847950 1752847193 1752247769
 1751639110 1751638834 1751558054 1751557773 1751556004 1751555983
 1750937643 1750937094 1750567146 1750566715 1750558384 1750511976
 1750510728 1750470676 1750470666 1750430560 1750429797 1750258472
 1750255523 1750254733 1750173998 1750169070 1750093202 1750092750
 1750022282 1750002273 1749999592 1749396072 1749395471 1749395457
 1749384616 1749384598 1749299690 1749299661 1749285007 1749284999
 1749284991 1749284411 1749282898 1749282893 1749254359 1749253640
 1749253582 1749252104 1749251770 1749251047 1749250091 1749137070
 1749046779 1748961406 1748961406 1748787503 1748787499 1748782777
 1748782724 1748782379 1748762816 1748762812 1748753755 1748753716
 1748751822 1748751816 1748751747 1748746165 1748746082 1748745955
 1748745955 1748744909 1748744868 1748740886 1748740609 1748740601
 1748740098 1748740083 1748739224 1748739207 1748738233 1748738122
 1748738101 1748738095 1748738055 1748738051 1748737882 1748737876
 1748737837 1748737645 1748737638 1748737244 1748737194 1748736890
 1748736808 1748736789 1748736786 1748736692 1748736680 1748736571
 1748720527 1748720512 1748720487 1748720479 1748653137 1748653033
 1748652829 1748652745 1748652243 1748652176 1748652108 1748651510
 1748651509 1748651463 1748651448 1748650776 1748650774 1748648489
 1748648420 1748648198 1748648120 1748645269 1748168440 1748168265
 1748167887 1748167882 1748167005 1748167001 1748154848 1748154843
 1748154691 1748152509 1748152505 1748152371 1748088568 1748010541
 1748010521 1747991478 1747928110 1747928103 1747820018 1747526342
 1747526336 1747526250 1747526245 1747526240 1747526235 1747523986
 1747523802 1747523722 1747523619 1747523438 1747501295 1747500908
 1747492731 1747151553 1747151545 1746848938 1746848875 1746626921
 1746626909 1746545312 1746244723 1746195683 1746070834 1746070669
 1746025413 1746024397 1746024360 1745937242 1745816649 1745816046
 1745815649 1745815604 1745814367 1745744236 1745744207 1745741877
 1745591371 1745107485 1745015072 1744989232 1744728081 1744728070
 1744556271 1744556261 1744525665 1744524711 1744497330 1744497113
 1744497095 1744497075 1744497015 1744496980 1744383569 1744383566
 1743814461 1743814385 1743811291 1743811252 1743808857 1743808491
 1743807848 1743807835 1743807800 1743807718 1743807658 1743807612
 1743807510 1743806881 1743806875 1743728064 1743725659 1743725166
 1743433323 1743432839 1743432248 1743432208 1743432094 1743432087
 1743432084 1743432080 1743432079 1743432077 1743432076 1743432075
 1743432074 1743432071 1743432070 1743432069 1743432046 1743432035
 1743432013 1743432006 1743431796 1742826477 1742826197 1742826192
 1742219883 1741960979 1741779259 1741779257 1741779254 1741619394
 1741619389 1741500848 1741499086 1741497326 1741494786 1741494770
 1740880533 1740748919 1740748904 1740622877 1740622441 1740273951
 1740273943 1739798392 1739797880 1739627113 1739618249 1739190315
 1739125594 1739060457 1738666567 1738243675 1738239201 1738238417
 1738238117 1738238049 1738237999 1738237990 1738237985 1738237915
 1738237641 1738237535 1738237324 1738096730 1737779211 1737297227
 1737296806 1737128078 1736869702 1736783550 1736779475 1736001001
 1736000348 1735992984 1735643752 1735231390 1735231378 1735032482
 1734864521 1734824755 1734448589 1733841000 1733456348 1732887912
 1732623457 1732189506 1731891373 1731157724 1730383953 1730383271
 1729426281 1729426246 1729426237 1729335645 1729335624 1729166826
 1729166821 1729166819 1729166793 1728733501 1728732838 1728670176
 1728567757 1727937124 1727931561 1727931560 1727931555 1727931547
 1727931504 1727776784 1727776700 1727776669 1727675745 1727675736
 1727675722 1727526268 1727235728 1726215640 1725676964 1725676080
 1725676076 1725606859 1725606851 1725604851 1725251452 1725162412
 1725069461 1725021433 1725021426 1724664328 1724660153 1724653948
 1724556365 1724555744 1724051126 1724050742 1724050659 1724050625
 1724037941 1723919214 1723825246 1723813839 1723645437 1723645386
 1723476571 1723344663 1723342867 1723285308 1723264519 1723258979
 1723258699 1723256524 1723256508 1723255691 1723255051 1723254005
 1723253370 1722841834 1722814073 1722736613 1722735993 1722649526
 1722649452 1722648116 1722255767 1722251880 1722246303 1722180966
 1722180958 1722171703 1722132417 1722079059 1722078843 1722077859
 1722077766 1722077435 1722075533 1722074357 1722074284 1722073480
 1722073352 1722073144 1722048589 1722047614 1722047603 1722014105
 1722013454 1722008255 1722008041 1721759405 1721758727 1721549147
 1721549125 1721548844 1721537432 1721537184 1721536737 1721536653
 1721536600 1721536482 1721535337 1721405833 1721331798 1721330590
 1721329903 1721312623 1721148753 1721148718 1721043348 1721026392
 1721015963 1721015831 1721011586 1721011514 1721011508 1721011352
 1720970499 1720902776 1720902535 1720900020 1720899874 1720899394
 1720899185 1720898542 1720887835 1720812659 1720805824 1720805765
 1720805345 1720805218 1720804695 1720800110 1720799873]","[31 31 31 62 31 31 31 62 31 31 31 31 31 31 31 31 31 31 31 31 31 31 31 10
 31 10 31 31 31 31 31 10 31 31 29 29 31 31 31 31 31 31 31 31 10 31 31 29
 31 31 31 31 31 31 31 31 31 31 31 31 31 31 31 31 31 31 31 31 65 31 31 31
 31 31 31 31 31 31 31 31 31 31 31 31 65 31 10 31 29 31 10 10 31 31 31 31
 31 31 29 29 31 31 31 29 31 31 31 29 29 29 29 29 29 29 31 29 29 29 29 29
 29 29 29 29 29 29 29 29 29 29 29 29 29 29 29 29 29 29 29 31 29 29 29 31
 29 29 29 31 29 29 29 29 29 29 10 31 31 31 31 29 10 31 10 31 72 31 31 31
 31 31 31 31 31 31 31 31 31 31 31 31 31 31 29 29 31 31 29 29 29 29 10 31
 29 31 62 31 31 29 31 31 31 31 62 31 31 31 31 31 31 31 31 31 31 31 31 31
 31 31 31 31 31 31 10 31 10 31 31 10 31 62 31 10 31 31 10 31 10 31 10 31
 31 10 31 31 31 31 62 31 31 31 31 31 31 31 62 31 31 31 31 31 31 31 31 31
 31 31 31 62 31 29 31 31 62 31 31 31 62 31 31 31 62 31 31 31 31 62 62 31
 62 62 62 62 62 62 62 31 62 31 62 31 31 62 31 31 31 31 31 62 31 31 31 31
 62 62 31 31 31 31 31 31 31 31 31 62 62 31 31 62 31 31 31 31 31 31 31 31
 62 31 62 31 31 31 31 62 31 31 31 62 31 31 31 31 31 62 31 62 31 62 31 31
 31 31 31 31 31 31 31 10 31 31 31 62 31 31 31 31 31 31 31 31 31 31 62 31
 31 31 31 62 31 31 31 31 31 31 31 31 31 31 31 31 31 31 31 31 31 31 10 31
 10 31 59 31 62 31 31 31 31 31 31 31 31 62 31 31 31 31 31 10 31 31 10 29
 10 29 29 29 29 29 29 29 29 29 29 31 31 31 31 65 31 31 31 31 31 31 31 10
 31 31 31 31 31 31 31 31 31 65 31 62 31 31 31 31 31 31 31 31 31 31 31 31
 31 31 31 31 62 31 31 31 31 31 31 65 31 31 31 31 31 62 31 31 31 31 31 31
 31 31 31 31 31 31 31 31 31 31 65 31 31 62 31 31 31 62 62 31 31 62 31 31
 31 31 31 31 31 31 31 31 31 31 31 31 31 31 31 31 31 10 31 10 31 31 31 31
 31 10 31 31 31 31 62 31 10 10 31 31 31 62 31 31 39 31 31 31 31 31 31 31
 31 31 31 31 31 62 31 31 31 62 31 62 31 31 31 62 31 62 31 31 31 62 31 10
 31 31 62 31 31 31 31 31 52 31 31 62 31 10 31 62 31 10 10 31 31 31 10 31
 31 31 31 31 31 62 31 31 31 31 31 31 31 31 10 10 31 31 31 31 31 31 31 31
 62 31 31 31 31 31 62 31 31 31 31]","[1183186 4259064 1238873 1772434 1772434 1772434  901470 2966935 4218921
 2966935 2966935 2966935 3713653 5240203 5240203 1480500 2482671 2482671
 1834534 3331691 3331691 6179598 4899926 3049386 3049386 2317191  694308
 2317191  805291 1893267 5789709 3663432 3663432 4160850 1913334 3493782
 1674723 1674723 5706687 1674723 3731981 3140920 4547193 5961349 6005456
 6005456 2896823 2781768  447767 2852377 2852377 3940953 2440420 2440420
 6221216 2440420 2440420 2440420 6221216 2440420 2917934 3264802 5179988
 5179988 5179988 1167252 3912150 6265880 2118366 2118366 3545808 4855799
 4855799 4855799 3767581 3767581 2844700 3767581 1246178 5794767 3198244
 3198244 2320844 3722603 1022791 1022791 3153478 3153478 1633473 4341641
 5262804 5989323  108450 5989323 5249530 5249530 5262804 5655674 5876752
   73649 1965957 1965957 4341641 1148255 1148255 4849236 2821307 5533189
 1523564 4214750 4946892 1405859 5019507 5019507 1405859 4390124 4183097
 7620610 1991220   11781 2942964 2196443 1475760 3399629 5063971  668420
 2195361 5747233 2683280  668420 2759989 4140991 1816240 1442900 4759413
 5185044 2189292 5758716 8007321 8007321  386096  841034 1283237 1283237
   57304 5340856 8139829 8139829 3103530   89144 5074182 2510188 1129257
  686337 1590069 1590069 1590069 1590069 5142697 3120915  229763  229763
  811604  811604 6116106 6116106 3592177 5082291 5408728 1074038 4743273
 4341641 1470296 2121158 2121158 1129257 6201235 4743273 2121158  546490
 2434505 3661749 4756637 2246455   64198   64198 5877897 3109258 3577386
 2234115 2763367 2763367  940266 3331691 2318675 2318675 6150801 1073498
 5193515 3261566 5752435 5735546 2318675  859063 3786819  859063 1300661
 5444276 2238367  859063 2318675 5444276 1165762 3275848 1300661  160019
  859063 4341641 4124113  842941 1221343 1221343 2606328 2606328  560645
  560645 4620854 2171104 2171104 3522284 3522284  704273  704273 1183425
 1183425 1183425 2737436 2737436 2684451 2684451 5167865 2979082 2979082
 5894441 4566284 4566284  844135  844135 5940350 5040645 6222434 6222434
 6222434 6222434 5234003 5234003  500241 1586816 1061428 1586816 3261566
 3261566 4566284 4566284 1029239 3643890 3643890 1314164 1314164 5624825
 5624825 1149815   21481   21481 6011992 3282359 4918321 4918321  931259
 5416766 5481907 5416766 5481907 5519483 5416766  809582  779087  779087
 5099886 4814452 4452068 4452068  416380 4162640 4962979 4962979  416380
  416380  416380  416380  701127 5481907 5481907  701127 5234003 1656559
 4698357 2780615 2780615  859063 4997537 4613356 3755596 5477794 3755596
 5477794 1314164 1314164  486825 5481907 5481907  486825 5481907 5481907
 5481907 5481907 5481907 4791687 4791687  859063  859063 5674605 4909697
 5873396 1801991 1801991 1011284 1011284 1659870 1659870 3770701 3770701
  701127 5805537 5805537 2577684 4284496 3502179 3502179 3738595 3011538
 3011538  895784 2780615 2780615 3571574 3571574 2780615 2780615 3044317
 4092167 4092167 5644166  442697 5597372 4566284 2586182 1670260 1670260
  514122 2507929 5093956 5093956  716999 4710690   16906 5644166  469561
  442697 3853842 3853842 1415880 2876203 2876203  442697 1061428 5280182
 5341852 5341852 4673128 4874894 5865893 2134308 4312668 6228049 6228049
  860030  860030 5674605 2652174  442697 2998191 2998191 2998191 2965588
 2965588 4538527 4538527 5024745 5024745 5664630 5664630 4817779 4817779
  442697 5301125  500241  500241  500241 6069694 6069694 2365520 2365520
 5865893 5301125  453247  814533 4237249 4237249 1133495 6177471 5595355
 3573693 3887983 3382077  282854 2269863 4533694  909710 3745384 1474056
 1901724 2013027  853146 6177471 3573693 1141906  326938  326938  326938
 1734340  412567  907487  907487  907487  348995  348995 1893223 5244650
 1890435 4437048 4437048 3520806 3392936 3392936  907487  907487 4934072
 4934072 2005511 3925154 5783012 5783012 1804239 1037527 1341863  460408
 3374447 2866152 2540818 4972338 5978964 5978964 5978964 6102530 2866152
 5978964 3846859 6102530 5645049 5481695  714047  714047 4784689 2609717
 1433968 4086972 2155029 2155029  747092 1125441 4079458 4079458 6137319
 2753871  881209 5377502 2139343 5887767 1723623 1638301 4008050 3988932
 4792523 4086972 4086972 4313463 4313463 4313463 5083835 5083835  814326
 2799665  814326 2799665 5457434 5457434  931776 2019400  171652 4122050
 4122050 4122050 4122050 4122050   92039  197552  197552 2328284 2328284
 2328284 5091710 4950867 6189823 5396755 5396755 5396755 2137726 2137726
 4099768 3932414 3926562 4731410  393502  393502 4449365 5557445 2455169
  228426  228426 4615875 3436083 4615875 3436083 1537568 4666858 1554660
 4347976  776022  776022 6005931 5529501 3203442 1732749 4011759 5803895
 5803895 5803895 5803895  633299 2501803 5523173 5523173 3568282 1277643
 5682597 5682597 2982117 2982117 5682597 2977310 2982117 2982117 4728814
 4728814 5278295 1994985  526250  526250 3805868 3805868 1299840 2982117
 2982117 2982117 2982117 2982117 2982117  826036  826036 2558262 5552136
 5552136 2921316 2921316   94211   94211 3465667 1402329 1402329 2333888
 3472932 3230250  927810 3230250 2491337 2718936 4533779 2982117 1630172
 1630172 1207146   61637   33727 6237229 3766964 1647482 3159434 4442841
 5155280 5155280 4442841 1861621 4385470 1222004 4654997 2083073 4654997
 4571579 4571579  165762 1409496 4085324 4085324 4533779 4533779 4533779
 3410835 3410835]","[439 316 474 656 656 656 656 326 656 326 326 326 106 656 656 386 631 631
 326 796 796 631 518 656 656 851 106 851 744 318 744 323 323 517 323 656
 642 518 569 518 828 642 368 631 824 824 326 824 729 326 106 517 316 316
 316 316 316 316 316 316 656  64 326 326 106 316 316 439 106 106 518 316
 316 316 326 326 316 106 316 316 344 344 595 326 196 196 323 323 111 518
 323 323 316 323  64  64 323  90  92  92 316 316 518 123 123 111 196 531
 319 323 246 439 259 259 439 246 259 439 111 458 323 851 824 319 196 188
 813 323 813 188 323  70  90 323 323 625 323  97 323 323 439 625 439 439
 824 319 439 439 439  92 323  70 842 323 323 323 323 323 326 813 323 323
 439 439 569 569 316 642 642 656 326 518  64 656 656 842 154 326 656 196
 196 656 259 466  92  92 824 824 316 670 439 439 824 656 518 518 656 259
 154 656 348 569 518 656 386 656 316 802 151 656 518 326 316 842 316 677
 656 326 316 544 518 518 259 259 259 259 729 123 123 196 196   0   0 123
 123 123 123 123 123 123  81 123 123 348 656 656 196 196 386 656 656 656
 656 656 316 316 729 196 151 196 656 656 656 656 196  64  64 316 316 123
 123 595 316 316 196  91 316 316 316 386 316   0 316 316   0 316 316 316
 316 316 316 316 316 316 316 316 316 316 316 316 656 316 316 656 316 316
 348 316 316 656 151 326 106 196 106 196 316 316 316 316 316 316 316 316
 316 316 316 154 154 656 656 151 518 348 656 656 316 316 316 316 316 316
 656 316 316  81 316 154 154 106 575 575  81 316 316 316 316 316 316 323
 439 439 326 656 154 656  64 323 323  42  42 595 595 729  91 569 326 656
 656 656 656 575 316 316 656 151 656 629 629 106  64 729 517 348 799 799
 799 799 635 656 656 348 348 348 656 656 323 323  92  92  52  52 656 656
 656 159 729 729 729 729 729 151 151 729 159 476 348 319 319  92 670 319
 813 319 824 824 851 824 319  70   0 824 824 123 670 813 431 196 196 196
 196 799  64  64  64 323 323 656 810 159  64  64 154 196 196  64  64 154
 154  42  42 810 810 106 810 517  97 323 544 235 316 235 235 235 326 544
 235 656 326 196 693 196 196 656 326 729 196 386 386 316 196 386 386 326
 810 569 729 693 106 323 196 323  42 326 106 106 595 595 595 780  91  91
 318  91 318 348 348 106 196 106 154 154 154 154 154 316 348 348 196 196
 196   0 810  64 323 323 323 323 323 316 196 154  42 439 439  91 316 386
 154 154 851 259 851 259  64 656 656 810 154 154 386 196 220 655  91 316
 316 316 316 154  42 154 154 348 196 154 154 621 621 154 106 266 266 154
 154 154 154 714 714 259 259 259 621 621 621 361 361 621  14  14 651 106
 106 670 670 154 154  71 217 217 259 824 147 651 147 651 187 154 266 154
 154  91 621 621 196 196  14 256 259 439 439 259 196  64 316 154 326 196
 154 154 802 518 386 518 154 154 154  42  42]","[   0    0 3149    0    0    0    0  190    0  190  190  190 4416    0
    0    0    0    0  236    0    0    0    0    0    0    0 3299    0
    0    0    0    0    0    0    0    0    0    0    0    0    0    0
    0    0    0    0 4480    0    0 2609  315    0    0    0    0    0
    0    0    0    0    0 2161 2801 2801  522    0    0    0 1561 1561
    0    0    0    0 5394 5394    0 3299    0    0    0    0    0 6418
 5403 5403    0    0 1464    0    0    0    0    0 2648 2648    0    0
 5466 5466    0    0    0    0    0 1464 5403    0    0    0    0    0
    0    0    0    0    0    0    0    0    0    0    0    0 5041    0
 6788    0 4200    0    0    0    0    0    0    0    0 5731    0    0
    0    0    0    0    0    0    0    0    0    0    0    0    0    0
    0    0    0    0 3188    0    0    0    0    0    0    0    0    0
    0    0  245    0 3132    0    0    0    0 6404    0 5403 5403    0
    0 3390 5935 5935    0    0    0    0    0    0    0    0    0    0
    0    0 5196    0    0    0    0    0 3022    0    0 6161    0    0
    0 5786    0    0    0    0    0 6404    0    0    0    0    0    0
    0    0    0    0    0    0    0    0    0    0    0    0    0    0
    0    0 2614    0    0    0    0    0 4686 4686 3077    0    0    0
    0    0    0    0    0 5403    0 5403    0    0    0    0 3785  466
  466    0    0 2097 2097 1581    0    0  713    0    0    0    0 3228
    0    0    0    0    0    0    0    0    0    0    0    0    0    0
    0    0    0    0    0    0    0    0    0    0    0    0 6729    0
    0    0    0 2672 1811  604 1811  604    0    0    0    0    0    0
    0    0    0    0    0  611  611    0    0    0    0    0    0    0
    0    0    0    0    0    0    0    0    0 6637    0 5196 5196 4707
    0    0  974    0    0    0    0    0    0    0    0    0 6679    0
 5865    0  466    0    0    0    0 5390 5390    0    0    0 6789    0
    0    0    0    0    0    0    0    0    0   -1   -1 3262 3695    0
    0    0    0    0    0    0    0    0    0 4929 4929 4929    0    0
    0    0    0    0    0    0    0    0    0    0    0    0    0    0
    0    0    0    0    0 5536    0  323  323 6704    0  323    0  323
    0    0 3041    0  323    0    0    0    0    0    0    0 3107    0
    0    0    0    0 6298 6298 6298    0    0    0    0    0 3024 3024
    0 4407 4407 1599 1599  611  611    0    0    0    0 3262    0    0
 6573    0    0    0    0    0    0    0 2507    0    0    0 2507 5403
    0  604  604    0  151    0    0 6367 6367    0 1528 1158 1158 2441
    0    0    0    0    0    0    0    0    0 2276    0    0    0    0
    0    0    0    0    0    0    0   -1   -1    0    0    0 4729 4729
 4729 4729 4729    0    0    0    0    0    0    0    0  466    0    0
    0    0    0    0  713    0    0    0    0    0    0   57    0    0
    0 1994    0 1994 3218    0    0    0   -1   -1 3077  713    0    0
    0    0    0    0    0    0    0    0    0    0 5403   -1   -1    0
    0   -1 4707    0    0 3576 3576 3206 3206  532  532    0    0    0
    0    0    0    0    0    0    0    0 5674 3299 3299 1741 1741    0
    0    0    0    0    0 4536    0 5674    0  284 5636    0    0    0
    0    0    0    0 5393 5403 1957    0    0    0    0    0 1719 4531
    0 5394 2233    0    0    0 2872    0 5746    0    0    0    0    0
    0]","[5 5 2 5 5 5 5 5 5 5 5 5 5 5 5 2 2 2 5 5 5 2 5 2 2 2 2 2 2 2 2 5 5 2 2 2 5
 5 5 5 5 5 2 2 2 2 5 2 2 5 5 5 5 5 5 5 5 5 5 5 5 5 5 5 5 5 5 5 2 2 5 5 5 5
 5 5 5 5 5 5 5 5 5 5 2 2 2 2 2 5 5 5 5 5 5 5 5 5 2 2 5 5 5 2 2 2 2 2 2 2 2
 2 2 2 2 2 2 2 2 2 2 2 2 2 2 2 2 2 2 2 2 2 2 2 2 2 2 2 2 2 2 2 2 2 2 2 2 2
 2 2 2 2 2 2 2 2 2 2 2 2 2 2 2 2 5 5 5 5 5 5 5 5 2 5 5 5 5 5 5 2 2 5 2 2 2
 2 2 2 2 2 2 2 2 5 5 5 5 2 5 5 5 5 5 5 5 5 5 5 5 5 5 5 5 5 5 5 5 5 5 5 5 5
 2 2 2 2 2 2 2 5 5 2 2 2 2 2 2 2 2 2 1 2 2 5 5 5 5 5 5 5 5 5 5 5 5 5 5 5 5
 5 5 5 5 5 2 2 2 5 5 2 2 2 5 5 5 5 5 5 5 5 5 5 5 5 5 5 5 5 5 5 5 5 5 5 5 5
 5 5 5 5 5 5 5 5 5 5 5 5 5 5 5 5 5 5 5 5 5 5 5 5 5 5 5 5 5 5 5 5 5 5 5 5 5
 5 5 5 5 5 5 5 5 5 5 5 5 5 5 5 5 2 2 2 2 5 5 5 5 5 5 5 5 5 5 5 5 5 2 2 2 2
 2 5 5 2 2 5 5 5 5 5 5 2 5 5 5 5 5 5 5 2 2 2 5 5 2 2 2 2 5 5 5 5 5 5 5 5 2
 2 2 2 2 2 5 5 5 5 5 5 5 5 5 5 5 2 5 5 5 2 2 2 2 2 2 2 2 2 2 2 2 2 2 2 2 2
 2 2 2 2 2 2 2 2 2 2 2 2 2 5 5 5 5 5 5 2 2 2 2 5 5 1 1 2 2 2 2 5 2 5 5 5 5
 5 5 5 5 5 5 5 5 2 2 2 2 5 5 2 2 1 1 5 2 2 2 2 2 5 2 2 2 2 2 2 5 2 2 2 5 5
 5 5 5 5 5 5 5 1 1 2 2 2 2 2 2 2 2 5 5 5 2 2 2 2 2 2 2 2 2 2 2 5 2 5 1 2 2
 5 5 5 5 5 2 2 2 2 2 5 5 2 2 2 5 2 5 5 5 5 5 5 5 5 5 5 5 5 2 5 5 5 5 5 5 5
 5 5 5 2 2 2 2 2 2 2 5 5 5 5 5 5 2 2 2 5 5 2 2 5 5 2 2 2 2 2 2 2 2 2 2 5 5
 5 5 2 5 5 2 2 2 2 2 2 2 2 2 5 5 5 5 5 5 5 2 5 5 5 5 5 5 5 5]","[1 1 1 1 1 1 1 1 1 1 1 1 1 1 1 1 1 1 1 1 1 1 1 1 1 1 1 1 1 1 1 1 1 1 3 3 1
 1 1 1 1 1 1 1 1 1 1 3 1 1 1 1 1 1 1 1 1 1 1 1 1 1 1 1 1 1 1 1 1 1 1 1 1 1
 1 1 1 1 1 1 1 1 1 1 1 1 1 1 3 1 1 1 1 1 1 1 1 1 3 3 1 1 1 3 1 1 1 3 3 3 3
 3 3 3 1 3 3 3 3 3 3 3 3 3 3 3 3 3 3 3 3 3 3 3 3 3 3 3 3 1 3 3 3 1 3 3 3 1
 3 3 3 3 3 3 1 1 1 1 1 3 1 1 1 1 1 1 1 1 1 1 1 1 1 1 1 1 1 1 1 1 1 1 3 3 1
 1 3 3 3 3 1 1 3 1 1 1 1 3 1 1 1 1 1 1 1 1 1 1 1 1 1 1 1 1 1 1 1 1 1 1 1 1
 1 1 1 1 1 1 1 1 1 1 1 1 1 1 1 1 1 1 1 1 1 1 1 1 1 1 1 1 1 1 1 1 1 1 1 1 1
 1 1 1 1 1 1 1 1 1 1 3 1 1 1 1 1 1 1 1 1 1 1 1 1 1 1 1 1 1 1 1 1 1 1 1 1 1
 1 1 1 1 1 1 1 1 1 1 1 1 1 1 1 1 1 1 1 1 1 1 1 1 1 1 1 1 1 1 1 1 1 1 1 1 1
 1 1 1 1 1 1 1 1 1 1 1 1 1 1 1 1 1 1 1 1 1 1 1 1 1 1 1 1 1 1 1 1 1 1 1 1 1
 1 1 1 1 1 1 1 1 1 1 1 1 1 1 1 1 1 1 1 1 1 1 1 1 1 1 1 1 1 1 1 1 1 1 1 1 1
 1 1 1 1 1 1 1 1 1 1 1 1 1 1 1 1 1 1 1 1 1 1 1 1 3 1 3 3 3 3 3 3 3 3 3 3 1
 1 1 1 1 1 1 1 1 1 1 1 1 1 1 1 1 1 1 1 1 1 1 1 1 1 1 1 1 1 1 1 1 1 1 1 1 1
 1 1 1 1 1 1 1 1 1 1 1 1 1 1 1 1 1 1 1 1 1 1 1 1 1 1 1 1 1 1 1 1 1 1 1 1 1
 1 1 1 1 1 1 1 1 1 1 1 1 1 1 1 1 1 1 1 1 1 1 1 1 1 1 1 1 1 1 1 1 1 1 1 1 1
 1 1 1 1 1 1 1 1 1 1 1 1 1 1 1 1 1 1 1 1 1 1 1 1 1 1 1 1 1 1 1 1 1 1 1 1 1
 1 1 1 1 1 1 1 1 1 1 1 1 1 1 1 1 1 1 1 1 1 1 1 1 1 1 1 1 1 1 1 1 1 1 1 1 1
 1 1 1 1 1 1 1 1 1 1 1 1 1 1 1 1 1 1 1 1 1 1 1 1 1 1 1 1 1 1]","[ 240042 1128807   16797  336954  336954  336954  336954  347433  778122
  347433  347433  347433  170690  170690  347433   16797  956826  956826
  655871  552051  552051  956826   68135  956826  956826  592187  592187
  592187  956826  956826  956826  896472  896472  956826   16797   16797
  619740  223812  559200  959727  351597 1181528  956826  956826  592187
  592187  259834   16797  956826  424657  424657 1035034  729294  729294
  729294  729294  729294  729294  729294  729294  512452  666210  666210
  666210  666210  851430 1119662  959060  789853  789853   41647   41647
   41647   41647  823543  823543  269314  823543  823543  823543 1239720
 1977961 1353688 1180279  789853  789853  956826  956826   16797  949029
  141335  623385  925801  623385   80551  546340  141335  805368   16797
   16797  949029  213048  595321   16797   16797   16797  789853   16797
   16797   16797   16797   16797   16797   16797   16797   16797   16797
   16797   16797   16797   16797   16797   16797   16797   16797   16797
   16797   16797   16797   16797   16797   16797   16797   16797   16797
   16797   16797   16797   16797   16797   16797   16797   16797   16797
   16797   16797   16797   16797   16797   16797   16797   16797   16797
   16797  789853  789853  789853  789853  956826   16797  956826  956826
  789853  789853  912330  912330  415788  415788  437626  219067  243342
  243342  956826  914777  273547  273547  273547  273547  888318  789853
  789853  781879   16797   16797   16797   16797   16797   16797   16797
   16797  956826  956826   16797  360964  259837  259837  259837   16797
  467536  467536  467536  467536  336954  336954  932459  932459 1085999
  932459  336954  336954  336954  442180  932459  932459  932459  688737
  790077  921120  921120  362639  174646  503250  956826  956826  956826
  956826  789853  956826  956826  921120  921120  956826  956826  956826
  956826  956826  956826  956826  956826  956826 1097024  956826  956826
  921120  921120  921120  789735  789735  225774  780361 1080602 1080602
 1080602 1080602  790077  790077  986479 1021843 1021843 1080602  810148
  810148  503443 1148627  956826  789853  789853  467536  467536   16797
   16797  956826  688737  688737  553582  553582  467536  467536  669529
  546787  114712  546787  114712  114712  546787  467536  467536  467536
  467536  467536  467536  467536  467536  467536  467536  467536  467536
  467536  467536  467536  467536  401758  401758  467536  544851  467536
  467536  467536  467536  467536  467536  467536   82746  892788   82746
  892788 1119662 1119662 1119662 1119662 1119662 1119662 1119662 1119662
 1119662 1119662 1119662 1055776 1055776  909322  909322  909322  909322
  412886 1269523 1269523 1269523 1269523 1182834 1182834 1182834  833657
  185599  854726  854726  854726 1269523  892173  892173  956826  789853
  789853  956826 1146908 1146908  777601  777601 1146908 1146908  602611
  602611  602611  834910  602611  726584  726584  789853   47432   47432
   16797  592187  127200  127200  789853   16797  273162 1148555 1148555
  948255  948255  948255  789853  311248  311248 1137664 1137664  174646
  791924  791924  789853  789853  956826  793813  313570  789853  789853
  789853  789853  415788  146381 1165141 1165141 1165141 1165141 1165141
 1165141   47432   47432   16797   16797  123150  123150   19987   19987
  875108  875108  407938  407938  407938  407938  407938  503250  503250
  956826  547986  547986  656153   16797   16797   16797   16797   16797
   16797   16797   16797   16797   16797   16797   16797   16797   16797
   16797   16797   16797   16797   16797   16797  789853  789853  789853
  789853  789853  956826  956826  956826   47432   47432  146381   87244
 1910737  423177  423177  309342  789853  789853  789853  789853  873854
  873854  737227  636845  956826  956826  789853  956826  463873   16797
  574251  339980  111539  664457  664457  664457  664457 1120561  664457
  664457 1127988 1120561  956826  789853  789853  789853 1117273 1133995
  789853  789853  235932  235932  912330  956826  789853  789853  956826
  956826  258468  789853  789853  956826   47432  789853   47432  509175
  956826  789853  789853  947851  300618  300618  923780  163602  831007
  513121  831007  513121  234005  234005  789853  789853  789853  789853
  789853  789853  789853  789853  252079  252079  252079  789853  789853
  789853  956826  956826  789853  956826  956826  956826  956826  956826
  119311  956826  237664  636845  956826  956826 1039056 1183147  940623
  919204  919204  270887   16797  270887   16797  789853  119311  119311
  956826  956826  956826  500358  956826  553784  839514  225391  216449
  216449  216449  119311 1116168 1116168  216449  216449 1041382  789853
  119311  119311  119311  119311  739961  739961  119311  119311  119311
  119311  789853  789853  270887  270887  270887  270887  270887  623241
  623241  623241   36750   36750  340063   16797   16797   16797  606742
  606742  270887  270887 1031332 1031332  270887   16797   16797   16797
   16797   16797  270887   16797   16797   16797    3594  238458 1141735
 1141735  956826  923780  923780  956826  789853   16797  592187  270887
  270887  270887  270887  956826  270948  270948  317065 1126812 1126812
  803533  803533  789853  384340 1126812  592662  803533  384340  803533
 1124109  955738]","[ 359    0 1700    0    0    0  530 2366    0 2366 2366 2366 2771    0
    0  956  966  966 2366  926  926  966 2869  530  530 1311 1154 1311
 1190  996 1190 1593 1593 1024  314  530 2571 2070    0 2869 1421 2571
 2586  966 2752 2752 2071 2752 2646 2889 1154 1024 1706 1706 1706 1706
 1706 1706 1706 1706    0 1539 2366 2366 1154    0    0  619 1518 1518
 2070    0    0    0 2366 2366    0 1154    0    0  589    0   17 2366
 1504 1504 1049 1049 1868 2869 1265  314    0  314 1539 1539 1265 2234
 2170 2170    0    0 2869 2732 2732 1868 1504 2089  517 1362  723 1737
 2033 2033 1737  723 2033 2605  965 2073 1922 1311 2752  517 1504 1682
 1161 1265 1161 1682  314 1589 2318  541 1922 1427 1158 1162 1593 1593
  619  730  619  619 2752 1047   48   48 1737 2170 1265 1589 2231  314
 1922 1922 1922 1922 2366 1161  541  541  283  283    0    0    0 1506
 1506    0  697 2869  478    0    0 2231   46 2366    0 1504 1504    0
 2033 1004 2170 2170 2752 2752 1706  168 1183 1183 2752    0 2070 2070
    0 2033 1987    0  247    0 2070    0 1325    0    0  955 2403    0
 2070  892    0 2231    0 2150    0 2366    0    0 2869 2869 2033 2033
 2033 2033 2646 2732 2732 1504 1504    0    0 2732 2732 2732 2732 2732
 2732 2732 2801 2732 2732 1225    0    0 1480 1480 2813 1233 1233 1233
 1233 1233    0    0 2759 1504 2403 1504    0    0    0    0 1504 1539
 1539    0    0 2732 2732   17    0    0 1504 1392    0    0    0 2653
    0    0    0    0    0    0    0    0    0    0    0    0    0    0
    0    0    0    0    0    0    0    0    0    0    0    0  108    0
    0    0 2403 2630 1154 1480 1154 1480    0    0    0    0    0    0
    0    0    0    0    0   46   46    0    0 2403 2070  247 1233 1233
    0    0    0    0  395  395    0    0    0 2801    0 1987 1987 1154
  189  189 2801    0    0    0    0    0    0    0  619  619 2203    0
   46    0 1539 1922 1922 2430  818 2756 2756 2646    0    0 2366    0
    0  530  530  189  395  395    0 2403    0 2757 2757 1154 1539 2646
 1017  247 2105 2105 2105 2105 2873    0    0  191  191  191    0    0
  314  314 2170 2170  665  665    0    0    0 2897 2759 2759 2759 2759
 2759 2403 2403 2646 2897 1241  247  517  517 2170  168  517 2394  517
 2752 2752 1311 2752  517 1589    0 2752 2752 2732  168 2394   44 2017
 2017 2017 2017 2105 1539 1539 1539    0    0    0 2697 2897 1539 1539
   46 1504 1504 1539 1539   46   46  818  818 2697 2697 1154 2697 1024
  800   74    0 1930    0 1930 1930 1930 2366    0 1930    0 2366 1504
 2734 1480 1480    0 2534 2646 2017 1670 1670    0 1504 2653 2653 1540
 2697    0 2759  306    0 1049 1504 1049 2430 2366    0    0 2507 2507
 2507    0 1392    0 1308    0 1308   40   40    0 2017    0 2711 2711
 2711 2711 2711    0  247  247    0    0    0    0 2697 1539  314  314
  314 1049 1049    0 1504   46  818  359  359    0    0 1325   46   46
 1311 2033 1311 2033 1539    0    0 1237   46   46 2813 1504 1595    0
    0    0    0    0    0   46  818   46   46  247 1504   46   46    0
    0   46 1154  134  134  839  839 1987 1987 2428 2428    0    0 2033
    0    0    0 1470 1470    0 1481 1481 1352 1154 1154  168  168   46
   46   97  126  126 2033 2752  362 1352  362 1352 2330   46  134   46
   46 1392    0    0 1504 1504 1481 1709 2033 1737 1737 2033 1504 1539
    0  839  892 1812   46   46  116 2070 1670 2070   46   46   46  872
  872]","[ 584174  643942  908007  446280  446280  446280   14934  146844  323133
  146844  146844  581263   51369  323133  323133  479543       0       0
  234264       0       0       0       0       0       0 1046287  153799
 1046287       0       0       0  353421  353421       0  195621       0
  496240  302880       0       0  712178  496240       0       0  623114
  623114       0  357961       0       0  325885  680212  767838  767838
  767838  767838  767838  767838  767838  767838  745408       0       0
       0       0       0       0  492036       0       0       0       0
       0       0  322213  322213       0  137740       0       0       0
       0       0       0       0       0  743294  743294  511966       0
  969971  250977       0  250977       0       0  969971       0 1023059
 1023059       0       0       0  601444  601444   33869       0  531646
  286187  771936  735384  628019  773714  773714  628019  952801  180858
   43430  523329  871437  306926    4742  631189   45838  184427  369502
  965205  779764  648785  369502   60683  717007       0  450465  653476
  797249  647248   53476  836811  836811  367457  350448  968513  968513
  709956  884225  896574  896574  306478  263913  381223  993982       0
  712050  616715  616715  616715  616715  113705  480050  450465  450465
  218351  218351       0       0       0       0       0  323133       0
       0       0  416955  416955       0  311595       0  416955  994235
  161213       0       0  105914  182223  182223  226267  879956  767838
  101433  745044  745044  528724  323133       0       0  416955  730722
  575578  699321  298708       0       0  699321  702535  699321       0
  154400       0  699321       0       0       0       0       0  950879
  699321  709470       0       0       0       0  284336  284336  986044
  986044       0  305100  305100       0       0       0       0  284258
  284258  284258  140865  140865  925407  925407  743001  256582  256582
       0  416955  416955  221932  221932  663377  206808  206808  206808
  206808  206808       0       0  841800  964311       0  331344  699321
  699321  416955  416955  447069  483964  483964       0       0   93742
   93742       0       0       0       0  946211       0       0       0
  164323       0       0       0       0       0       0       0       0
       0       0       0       0       0       0       0       0       0
       0       0       0  745408       0       0  745408       0       0
  100513       0       0  699321       0       0       0  548295       0
  548295       0       0       0       0       0       0       0       0
       0       0       0 1026023 1026023  699321  699321       0       0
   34974  206808  206808       0       0       0       0  606473  606473
  745408       0       0  607111  184112  863535  863535 1007974  579599
  579599  758367       0       0       0       0       0       0       0
  548422  548422    5718  699321  913870  416955   49027 1009879 1009879
       0       0  365117  365117       0       0       0  499624  416955
  699321   14934   14934  579599  606473  606473  699321       0  446280
  209912  209912  949263  333711  151322  669979   34974  859270  859270
  859270  859270       0  745408  699321  248501  248501  248501  745408
  745408  892109  892109  623641  623641  575207  575207  745408  745408
  699321       0  841800  841800  841800  841800  841800       0       0
  151322       0  246478  395555  908429  908429   12137  969232  908429
 1054612  908429  685425 1028377  926118  207296  908429  308977       0
  781163  517691  843693  969232 1054612  618872 1030693 1030693 1030693
  712894  859270       0       0       0       0       0  745408       0
       0  688302  688302  935814  687425  687425       0       0       0
       0       0       0       0       0 1041663       0  256192  506728
  680125   92548  674705  184112  674705  674705  674705       0   92548
  674705  699321       0       0       0       0       0       0 1003601
  151322  572464  984061  984061  602603   67781  174088  174088  926908
       0       0  841800       0       0  626204       0  626204       0
  787112       0       0  458549  458549  458549       0  946211  938473
       0  938473       0  803886  803886       0  712894       0  660728
  660728  660728  660728  660728 1064246  957193  957193       0       0
       0       0       0  325070  112704  112704  112704  888141  888141
  606473  170120       0       0  207643  207643  938473  606473  129622
 1018516 1018516  755192  332020  755192  332020  796303  416955  745408
       0   49257   49257  165840  170120  991447       0  938473 1064246
 1064246 1064246 1064246       0       0  598289  598289  457651  285122
  535432  535432       0       0  535432  171731  302625  302625  408292
  408292  471542  471542  587155  587155  512130  512130  804225       0
       0       0       0       0       0       0       0  254993  846522
  846522  131385  131385 1061685 1061685       0  411732  411732  681398
 1050939  813266  563143  813266  243142  528092       0       0  545038
  545038  946211       0       0  173464 1006261  266130       0  856326
  189625  189625  856326  804277  321298       0  836887  806239       0
  927573  927573  624933  920897  868555  920897       0       0       0
       0       0]","[4392    0 1908    0    0    0 7390 4947    0 4947 4947 4947 2423    0
    0 7453 1995 1995 4947    0    0 1995 7941 7390 7390 8187 6380 8187
    0 5422    0 7321 7321 3215 2579 7390 3242 4837    0 7941    0 3242
    0 1995 9354 9354 3263 9354  562  385 6850 7299 6252 6252 6252 6252
 6252 6252 6252 6252    0 3159 4429 4429 8787    0    0 8952 9529 9529
 4837    0    0    0 9603 9603    0 6380    0    0    0    0 8306 4947
 2802 2802  993  993  652 7941 5999 5667    0 5667 3452 3452 5999    0
 9598 9598    0    0 7941 3960 3960  652 2802 8947 8886 3818 8844 6323
 1521 1521 6323 8844 6913  799 8961  901 4354 8187 9354 2337 8050    0
 6677 5999 5135    0 5667 3817    0 7061  363 1263 5100 6089 7321 7321
   45 5119 8952 8952 9354 3916 7645 7645 1945  180 5999 3817 4899 5667
  363  363  363  363 9603 4571 7061 7061 2117 2117    0    0    0 6920
 6920    0 2448 7941 5606    0    0 4899 6730 8158    0 2802 2802    0
 6913 6721  180  180 9354 9354 6252 6955  908  908  545    0 8280 8280
    0 1521 8457    0 4809    0 8280    0 4708    0    0 4212    0    0
 8280  420    0 4899    0 1640    0 8158    0    0 7941 7941 6913 6913
 6913 6913  562 3960 3960 3043 3043    0    0 3960 3960 3960 3960 3960
 3960 3960  614 3960 3960   69    0    0 7459 7459 7285 7442 7442 7442
 7442 7442    0    0    0 2802    0 2802    0    0    0    0 2538 3159
 3159    0    0 3960 3960 8437    0    0  445 6890    0    0    0 6085
    0    0    0    0    0    0    0    0    0    0    0    0    0    0
    0    0    0    0    0    0    0    0    0    0    0    0  811    0
    0    0    0  827 6850 3676 6850 3676    0    0    0    0    0    0
    0    0    0    0    0 3454 3454    0    0    0 8280  993 7442 7442
    0    0    0    0 1656 1656    0    0    0  614    0 8457 8457 6784
 7589 7589  614    0    0    0    0    0    0    0 7485 7485 4496    0
 3454    0 3159 2172 2172    0 4073 3513 3513  562    0    0 4429    0
    0 7390 7390 7589 1656 1656    0    0    0   -1   -1 6784 4698 1000
 1883  993 7009 7009 7009 7009 7597    0    0 2609 2609 2609    0    0
 3651 3651  180  180 5218 5218    0    0    0 5155    0    0    0    0
    0    0    0 1000 5155 7505  993 9160 9160  180 6955 9160 5613 9160
 9354 9354 8187 9354 9160 3817    0 9354 9354 2571 6955 5613 3022 5105
 5105 5105 4799 7009 3159 3159 3159    0    0    0    0 5155 8495 8495
 3783 2802 2802 3159 3159 3454 3454 9049 9049    0    0 6784    0 8169
 2915 5703    0    0    0    0    0    0 9603    0    0    0 9603 2802
 6985 3676 3676    0 5435 1000 4799 6108 6108    0 3043 7040 7040 9465
    0    0    0 8100    0  993    0  993    0 4947    0    0 5910 5910
 5910    0 6890    0 9567    0 9567 4752 4752    0 4799    0  756  756
  756  756  756    0  993  993    0    0    0    0    0 3159 5667 5667
 5667 3727 3727    0  445 2809 4073 4392 4392    0    0 1853 2457 2457
 8187 6913 8187 6913 3159    0    0    0 2128 2128 7285  445 3986    0
    0    0    0    0    0 2457 9049 2457 2457 4852 2802 2457 2457    0
    0 2457 6380    7    7 1130 1130 8457 8457 3675 3675    0    0 6913
    0    0    0 4064 4064    0 4512 4512 8599 6380 6380 1333 1333 2457
 2457 9077 7611 7611 6913 9212 1728 8599 1728 8394 5443 2457    7 2457
 2457 6890    0    0 2538 2802 6582    0 6913 6323 6323 6913 2538 3159
    0 1130 3321 3139 2128 2128 3086 4837 7242 4837 2457 2457 2457 2272
 2272]","[ 12072613  55984509  43748929  34785657  34785657  34785657 266832994
  51981783  83125483  51981783  51981783 204775030  28007205  61101153
  61101153  76812854  16263278  16263278  35409671   5089060   5089060
  49591013  98908824 105108042 105108042  61601832  33647112  61601832
  98609009  30854500  30708212  86832270  86832270  82269387 108969034
  94775322 108465920  99945336  91217670 106440707  93032619  18173169
  75625421  90007374  41691109  41691109 257520629   6025798  18496186
   2060471 273380158  60595164 164946961 202518695  60006883  18300320
  72966878  72966878  60006883  36133350  24662729 143142775  74849135
  82684532 141341758  18688837  19172614 259121451  70886351  70886351
  25565092  26128113  26128113  26128113  83616561  83616561 104945006
  24449680  68994636     48573  17418728  20539498  26922068 256223467
  58760167  58760167 105805814 105805814  57596650   3126739 107037181
  46350772  38936554  46350772  60077231  60077231 107037181  61585064
  90354491  24265701  58118959  58118959  79005641  73752262  73752262
  51872759 101903951  44974612  54759274 269506969  24363763  77976028
  32996044  32996044  77976028 106892702  55784739 134058377  84598754
  96184790  92859235  31327581  51393959  96341917  52057805  53928696
  98777688  43229576  67729725  53928696 161865536  71404326  95532270
 129134907  13525999  88477617 101020758  34274168 154732845 154732845
 109095212  66300836  61477354  61477354  83006798  48603683 277048155
 277048155 106149499  51494866  97909035  50636089  50919805  72688691
    681112    681112    681112    681112  17293137  48989644  98313077
  98313077  17775850  17775850  26172174  26172174  98118730   4252138
 131937067 275425221   5730638  77249312  43491482  30053047   3271889
 102332418 249764202  36342227  28064803  49887480  29211184 210743775
  87392223  18861548  11753504  16321701  64138568 103191449  37987199
  69772489 105160538 105160538  84950256  12772911  58672968  58672968
 102612353  73448550 194730402   1409635  54969217  37146775 241823773
  71048807  36172225  67876512  84863157 217416634   4188631 111035238
 241823773 272215189  84276531  39944456 189568567  68267309  97475771
  85944009  41885694  23139638 102860082 102860082  95394472  95394472
  12842891  12842891  42990778  18262587  18262587  37937846  37937846
  51080796  51080796 214874263 214874263 214874263  86531008  86531008
  69230031  69230031  37466937   1415525   1415525  35739359  49781619
  35380744  96320505  96320505  88582922  35483310  62402470  62402470
  62402470  47729476  82169976  82169976  95718424  30903274 161617267
  85456483 177046133 153782701  81063752  49781619  52393069   2064709
   2064709  33177234  33177234  11620085  11620085   3363387  41402386
  41402386  33461039  29130256 109926333 109926333  29307922  44399230
  70108055  16071321  70108055  36007095  16071321  79714917  78517753
  78517753  95208592  35337464  35497559  35497559  67957778   4889137
  31745304  31745304  67957778  67957778  67957778  67957778  62679633
  74577216  74577216  62679633 234677468  59849983 147910151  13305671
  13305671  24589771  40728737  99850048  11696382  81255878  11696382
  81255878  90249577  90249577  44935473  74577216  35543433  48365938
  74577216  74577216  74577216  74577216  74577216  92185340  92185340
  68552356  90197645 125442598   7325124  76352383  12591660  67761305
 106574709 106574709  42757590  42757590  78991194 102344845   5509898
  44434946  44434946  40150072 100485582  99519232  99519232  65996029
  28232001  28232001  33980971  67385355  67385355 105887412 105887412
  67385355  67385355  51221413  41417159  41417159  84481876  83911227
  37414358 100386989  63750331  94850716  94850716  34395943  79631454
  75276032  75276032  60169299 225761779  96675470 102821283  31439945
  48158114  98018553  98018553 161991335  11267929  11267929 107243071
  41260006  47348423  57633562  57633562 104205099  82084345  65724005
 141579940   4266929   3525863   3525863  99491417  99491417   5895275
 207663206  93548583  63668781  63668781  63668781   4271682   4271682
  16127041  16127041  60841007  60841007 107867279 107867279  63722156
  63722156  99616701  33915648  94560387 104339067 104339067 101205225
  65429134 103493835 103493835  65724005  78021082 152785179 110535563
  32021810  32021810  13714929  96399923  10233162  58370035  22715058
  74198415  34261426  49359689  27588581  67120175   9231876  44205760
  40579123  84958059  83454517  96399923  58370035   6111823  97696617
  97696617  97696617  18568219  52003721  27563862  27563862  27563862
  77216190  77216190  99861148   4060054  66236457 101787891 101787891
  80549027  35723149  35723149  69497268  69497268  38822661  38822661
  54247366  91334672  65871337  65871337    263999 170936227  18221459
  57218804  29224433  33229874 108154627  79348957  64234555  64234555
  64234555  57779112   2404378  64234555  68081162  57779112 107435486
  75871974  33968075  33968075  11800657  25025582  46642480  88876427
  15492585  15492585 241620127  28349185   7513435   7513435  79276422
  17617071 177942875   3569030  62573914 102871107  79830103  94938376
   3701677  87469954  56453828  53550417  53550417 105092403 105092403
 105092403  52733658  43570820  24584345 110794370  24584345 110794370
  54326704  54326704  56895962  83535260  52642506   5757992   5757992
   5757992   5757992   5757992  79927523  87304477  87304477  17903727
  17903727  17903727  34504576 142851054   1095667  19330839  19330839
  19330839  37036282  37036282 125299916   2240235  22051549  73749178
  93192094  93192094  69355949  16937298 209272372  71409998  71409998
  45592562    142943  45592562    142943  54527461  54727285  42131752
  56788373  34222826  34222826  28137407  26810883  36076832 225990620
   1207288  56973960  56973960  56973960  39970229  30107185 185686461
  54748330  54748330  39100489  78287215  61433244  61433244  24936194
  24936194 165468747  10301077 152624831 152624831 180199913 180199913
  87901089  23361954  67411633  67411633  97656109  97656109  20350466
    564699    564699  17353148   6186698   6186698  92064775     54336
     54336 108457716  88993961  88993961  13349453  13349453  46152265
  46152265  55080995  23907279  23907279  73660440  33914439  51669090
  79197842  51669090  21720174  81159520 165747988  20604794  11984868
  11984868  75703806 154425034  68742149  77032811  28275101  66941680
  59845015  20595970  17046623  17046623  20595970  61302371  79452701
  61169075  34965668  32935645  93811489  50160759  50160759  87928321
 250994071 211992126 274421237 179047423 230632712 179047423  75721689
  75721689]","[3 3 3 3 3 3 3 3 3 3 3 3 3 3 3 3 3 3 3 3 3 3 3 3 3 3 3 3 3 3 3 3 3 3 3 3 3
 3 3 3 3 3 3 3 3 3 3 3 3 3 3 3 3 3 3 3 3 3 3 3 3 3 3 3 3 3 3 3 3 3 3 3 3 3
 3 3 3 3 3 3 3 3 3 3 3 3 3 3 3 3 3 3 3 3 3 3 3 3 3 3 3 3 3 3 3 3 3 3 3 3 3
 3 3 3 3 3 3 3 3 3 3 3 3 3 3 3 3 3 3 3 3 3 3 3 3 3 3 3 3 3 3 3 3 3 3 3 3 3
 3 3 3 3 3 3 3 3 3 3 3 3 3 3 3 3 3 3 3 3 3 3 3 3 3 3 3 3 3 3 3 3 3 3 3 3 3
 3 3 3 3 3 3 3 3 3 3 3 3 3 3 3 3 3 3 3 3 3 3 3 3 3 3 3 3 3 3 3 3 3 3 3 3 3
 3 3 3 3 3 3 3 3 3 3 3 3 3 3 3 3 3 3 3 3 3 3 3 3 3 3 3 3 3 3 3 3 3 3 3 3 3
 3 3 3 3 3 3 3 3 3 3 3 3 3 3 3 3 3 3 3 3 3 3 3 3 3 3 3 3 3 3 3 3 3 3 3 3 3
 3]","[256 899  33 256 899 882 256 200 732 899 899 843 256 650 193 899 476  53
 256 882 476 567 882 476 114 273 273 802 256 256   0 658 256 256 899 256
 899 256 256 368 256 481 193  67 650 256 899 899  82 256  82 256 256 650
 899 899 256 899 256 256 193 650 256 720 882 256  67 256 968 899 256 273
 253 807 256 256 899 899 256 256 882 899 899 193 899 899 919 450 899 256
 899 899 899 882 882 899 256 256 256 256 671 899 193 256 383 899 899 256
 256 899 882   0 378 899 882 899 899 256 899 807 899 556 256 256 256 193
 650 919   0 256 968 899 256 899 256 256 256 218 193 671 899 373 899 882
 650 256 256 899 256 256 899 256 256 256 476 256 256 256 383 253 968 256
 294 256 256 481 256 882 256 368 882  53 256  67 256 256 193 256 643 193
 643 256 256 256  18 256  67  67 193 256 256   0 899 899 256 256 650 256
 899 256 882 256 899 193 193 899 256 256 256 256 256 256 256 899  33 256
 256 481 481 899 256 481 256 256 481 256 256 256 256 256 256 256 481 256
 256 256 256 256 256 256 256 567 899 422 476 748 882 378 256 256 567 732
 193 807 256 200 256 843 256  67 256 256 919 476 658 273  24  24 193 193
 256 256 193 256 256 899 256 193 368 241 256 899 899 200 383 256 256 256
 256 256 256 650 256 368 256 899 193]","[ 982    0 2095  395    0 1411  416 1413 1343    0 2924 1249  395  437
    0    0 2699   20  416 1411 2699   92 1411 2699  100 1989 1989 1505
  395 1878    0 1404  395  395  173  982 1247  982  416 2966  416 2835
    0 2500 3272  416 1247 1247  609    0  609  416  416  979 1247 1247
  676  173 2414  395 1927  979  416    0 1411  416  630  416 2507 2924
  416 2527  313 2483  982 3277 1423 1423    0  395 2565 1247 2298    0
  173 2195 2460 3382 2195    0    0    0    0 1411 1411    0  982  982
  982  416  537 1247    0  416 1932 2195 1247  416  982 1247 1447    0
 3070 1482 3026 1247 1247  982 1247    0    0 2622  416  982  982  190
 3272 2458    0  416 2507 1247  416 2298  416  416  982 1461    0   99
    0 2863    0 1411 3272  416  982    0  416  416 2298  416  982  416
 2295  982  395  416   70  313 2507  416 2659  851  416 2835  416 1447
    0 1556 1411   20  982 2500  676  416    0  416 1498    0 1498 3035
  416  416 1586    0 3045 3045    0  416  416    0    0    0    0    0
 1627    0    0  982 1411  982 1247    0    0 1247  982  416  982    0
    0  982    0    0 1514  982  982 2835 2835 1247  416 2835  416  416
 2835  416  416  416  416  416  416  416 2835  416  416  416  416  416
  416  416  416 1285 2298 1869 2295 2384 1411 2332  416  416 1285 2327
    0    0  416 1413  416 1249  416    0  416  416 1830 2295 2906 2393
  364  364    0    0  416  416    0  416    0    0  416  257 1126 2021
  416 1247 3050  299 1932 2414  416  416 2414  416  416 3272  489 1797
  416  552    0]","[    0     0  6235     0     0 11073     0  7319     0     0     0     0
     0     0     0     0  4188 10255  9185  1250  4188  2104  4050  4188
  3280  3893  3893  9431     0     0     0     0     0     0  4866  7389
  6342     0     0  5238     0     0     0     0     0  9185     0     0
     0     0     0     0     0     0  5463  5463   486  4866 10691     0
     0     0     0     0  8466     0     0     0  8230     0     0  4199
     0     0     0  8543     0     0     0  4375  6835  5463     0     0
     0     0   487     0     0     0     0     0     0  8466  8466     0
     0     0     0  9185     0     0     0  9185     0     0  6342  9185
     0     0     0     0  3680  9708  4844  6342  6342     0  6342     0
     0   380     0     0     0     0     0 10225     0     0  8230  5463
     0     0     0     0     0  2322     0     0     0  5285     0  8466
     0     0     0     0  9185  9185     0     0  7389     0  1336     0
     0     0     0     0  8230     0  1297     0  9185     0  9185     0
     0  6713     0 10255     0     0     0     0     0     0     0     0
     0     0     0     0  7244     0     0     0     0     0  9185     0
     0     0     0     0     0     0     0     0     0   904  6342     0
     0     0     0     0     0     0     0     0     0     0  1969     0
     0     0     0  6342     0     0     0  9185     0     0     0     0
  9185     0     0     0     0     0     0     0     0     0     0     0
     0     0     0 10431  5306     0     0  5593     0     0   555  6370
     0     0  9185  1341     0     0  9185     0  9185  9185  6155  5306
 10462 10462     0     0     0     0  9185     0     0     0     0     0
  9185     0 11215  6517     0  5463     0     0     0     0     0     0
     0  9185  9185     0     0  5148  9185  7999     0]","[   0    0    0    0    0  349    0  973    0    0    0    0    0    0
    0    0    0    0    0 2564    0    0    0    0    0  282  282    0
    0    0    0    0    0    0    0    0    0    0    0    0    0    0
    0    0    0    0    0    0    0    0    0    0    0    0    0    0
    0    0    0    0    0    0    0    0    0    0    0    0    0    0
    0    0    0    0    0    0    0    0    0    0 2678    0    0    0
    0    0    0    0    0    0    0    0    0    0    0    0    0    0
    0    0    0    0    0    0    0    0    0    0    0    0    0    0
    0    0    0    0    0    0    0    0    0 1994    0    0    0    0
    0    0    0    0    0    0    0    0    0    0    0    0    0    0
    0    0    0    0    0    0    0    0    0    0    0    0    0    0
    0    0    0    0    0    0    0    0    0    0    0    0    0    0
    0 4024    0    0    0    0    0    0    0    0    0    0    0    0
    0    0    0    0    0    0    0    0    0    0    0    0    0    0
    0    0    0    0    0    0    0    0    0    0    0    0    0    0
    0    0    0    0    0    0    0    0    0    0    0    0    0    0
    0    0    0    0    0    0    0    0    0    0    0    0    0    0
    0    0    0    0    0    0    0    0    0    0    0    0    0 3172
    0    0    0 4386    0    0    0    0    0    0    0    0    0 4942
    0    0    0    0    0    0    0    0    0    0    0    0    0 1035
    0    0    0    0    0    0    0    0    0    0    0    0    0    0
    0    0    0]","[     0      0      0      0      0      0      0      0      0      0
      0      0      0      0      0      0      0      0      0      0
      0      0      0      0      0      0      0      0      0      0
      0      0      0      0      0      0      0      0      0      0
      0      0      0      0      0      0      0      0      0      0
      0      0      0      0      0      0      0      0      0      0
      0      0      0      0      0      0 341500      0      0      0
      0      0      0      0      0 427919      0      0      0      0
      0      0      0      0      0      0      0      0      0      0
      0      0      0      0      0      0      0      0      0      0
      0      0      0      0      0      0      0      0      0      0
      0      0      0      0      0      0      0      0      0 364708
      0      0      0      0      0      0      0      0      0      0
      0      0      0      0      0      0      0      0      0      0
      0      0      0      0      0      0      0 278632      0      0
      0      0      0      0      0      0      0      0      0      0
      0      0      0      0      0      0      0      0      0      0
      0      0      0      0      0      0      0      0      0      0
      0      0      0      0      0      0      0      0      0      0
      0      0      0      0      0      0      0      0      0      0
      0      0      0      0      0      0      0      0      0      0
      0      0      0      0      0      0      0      0      0      0
      0      0      0      0      0      0      0      0      0      0
      0      0      0      0      0      0      0      0      0      0
      0      0      0      0      0 130412      0      0      0      0
      0  84540      0 206468      0      0      0      0      0      0
      0      0      0      0      0      0      0      0      0      0
      0      0      0      0      0      0      0      0      0      0
      0      0      0      0      0      0      0      0      0      0
      0      0      0      0      0      0      0]","[180661 289210 557858 615514 233370 422752 383261 131800 493824 615997
 111874 586886 499280 486851 175898 240817 341133 330425 415304 352880
 538652 621112 285672 341133 358191 426141 426141 300670 443090 401874
 308406      0 499438 499438 169473 373572 290672 180661  37083 138926
 260831      0 381086  87493 128879 260831 499438 499438 435365 155189
 435365 383261 383261 212956 383261 383261 395342 379599 146894 466051
 220698 212956 240817   1801 344443 383261 604451 383261 397916 467631
 383261 270472 142015 415031      0 336496 615997 615997 389151 615514
 263863 499438 134734 381086 327976 443090 275431 368941 232746 240817
 134734 515746 134734 344443 344443 615997 180661 180661 180661 260831
 398244 169483 290672 383261  49501 443090 290672 134734 113835 383261
 507727 352008 382874  18099 116269 290672 290672 180661 290672 206869
  49367      0 383261 134734 134734 429865 123601  64454 499438 383261
  67809 240817 136458      0 134734 134734 130536 420461 288798 316042
 233370  11640 389151 344443 513927 383261 180661 240817 260831 260831
 351210 260831 180661 383261 511369 180661 111874 615997 179180 142015
  17484 383261 504849 490966 220698      0 383261 434085 499438 191126
 168666 495916 180661 333728 271808 290672 381086 290672 338828 381086
 338828 499438 383261 383261 322670 499438  43646  43646 290672 383261
 260831 585947 391394 391394 134734 134734   2742 134734 240817 180661
 591971 180661 260831 614633  34256 130536 388324 615997 615997 164700
 164700 180661 164700 240817  16871 180661 180661      0      0 290672
  96714      0 383261  96714      0 383261  96714 383261  96714 383261
 383261 383261      0  96714 383261 383261  96714 383261 383261 383261
 383261 331330 180661 198176 349884 452671   2791 114018 164700 164700
      0 150968 290672 612692 383261      0 383261  26284 260831 419902
 260831 260831 595824 537353 396442 339688 296654 296654 175898 175898
 260831 260831 492798 260831 389151 240817 260831 288798 616083 495770
  37083 383261 139868 507145  49432 327976 499438      0 327976 260831
 260831 417575 531467      0 383261  91011   7723]","[  0 306  67 548 102 465 548 548 548   0   0 548 548   0 548 548 306 548
 548  67 548 548 548 548 548 548 102 548 548   0 548 548 511 511 548 548
 548 548   0 548   0 566   0 548 548 102   0 465   0   0 511 548 231 548
   0   0 231   0 511   0 548   0   0 548 566  67 276   0 548 102 511 548
 548 465   0 511 306 130 102   0 231 102   0   0 465 548 548 548 102  67
 102   0 130 566 276 102   0   0 548 465 548 102   0 548 548   0 548   0
 548   0 511 548  67 548 548 548 102 548 511  67 102   0 102   0 548   0
 548  67 548 102 548 548 465 548 548   0   0 548 548 548 511 548 102  67
 548   0 566 548 102   0   0  67 548 231   0   0   0 511 548 548 566   0
 102 548 102 548 548 548 548 548 566 548 306   0 102 102   0  67 511   0
 511 548 548 548 276 231 276 231 548 548 548 548   0 102   0   0 548   0
   0 548   0   0   0   0   0   0   0   0   0   0 276 276 511 511   0   0
 548 276 548 548 548 548 231   0 511   0   0 548 548 548 548 548 548 548
 548 548 548 548 548 102 548 548 102 548 548 548 306 548 548 130 548 548
 102 548 548 548 102 548   0 548 102 102 548 548 548 548 548 102  67  67
 548 548   0 102 511 548 130 566 548   0   0 548 548 548 548 465   0   0
 231   0   0 548 548 548   0   0 130]","[ 2 11 11  2  7 13  7  8 12 14 13 11  7  2  2  7 10  2  2 10  2 11 10 12
  8  2  8 14  8 14  7  8 10  2 11 12 11  7  0  7  2  7 11 12 11  7 10 11
  2  2  2  7  7  8 10 13  8  2 14 10  2  2 12  2 14  8 10 11 14  7  8  7
 14 13 11  8  0  7  7  2 10  7  2  2  7  7  2  2  7 11  8  2 11  2 14  7
  0  0  7 11  2  7 11  7  2 14  7 13  7  2 13 14  2  7 12  7  7  7 14 10
  7 10  7 10  7 13 12  2  8  7 12  7 14  7  7  8 11 11  7  2 12  2  7 10
  2  2  7  7  7 14  2 11  7  2 10 11 13 10  2 14 11  2 11  7 11  7  7  2
  7  2 14  2 12  2  7  7  2 11 13 13 11  2  8  8 11  2 13 14  2  2  8 14
  2  7  2  0 11  2 13  7 10  2  2 10  2 13 13 13 11  0  7  7  8  2  2  2
  7 12  2  2  2 10 14  2 13  2  2  2  2  2  2  2  2  2  2  2  2  2  2  2
  8  2  2  8 14 11 10  2  7  7 12 11  7 12  2 12  7  7  2  8  2  7 14 12
 11  7 12  2 10 11  7  7  2  7 12  7 11  7  8 13 14  8  2 11 12 11 10 13
  7 13 14  2  7  2 13  0  7]","[1772725200 1772725140 1772724960 1772724960 1772724960 1772724960
 1772723940 1772723940 1772722920 1772646420 1772645940 1772645460
 1772645100 1772645100 1772644320 1772644020 1772643300 1772642520
 1772642400 1772640960 1772640720 1772640060 1772639100 1772638500
 1772638320 1772638320 1772637060 1772636940 1772634240 1772634240
 1772634240 1772624580 1772623800 1772622960 1772622600 1772622480
 1772622480 1772622300 1772376240 1772375880 1772294040 1772294040
 1772293440 1772212380 1772212380 1772211600 1772210640 1772210520
 1772210280 1772210280 1772210220 1772209800 1772209500 1772208720
 1772208540 1772208540 1772208540 1772208540 1772208480 1772208480
 1772208240 1772207760 1772198880 1772198820 1772195040 1772194740
 1772194320 1772194320 1772194020 1772192640 1772191680 1772191620
 1772166360 1772166360 1772166060 1772165580 1772120340 1772120280
 1772120100 1772109180 1772108220 1772108220 1771948080 1771947900
 1771947900 1771875840 1771874940 1771874160 1771873980 1771872420
 1771848720 1771848720 1771848540 1771848240 1771848000 1771847940
 1771834380 1771833840 1771826160 1771825320 1771825320 1771672740
 1771557540 1771516620 1771514940 1771514580 1771514340 1771512360
 1771511760 1771511460 1771385280 1771385100 1771384500 1771384140
 1771383540 1771383540 1771383000 1771382220 1771382220 1771381020
 1771380900 1771379940 1771379820 1771379400 1771379340 1771379340
 1771378800 1771378800 1771378740 1771378740 1771377960 1771377960
 1771377960 1771377060 1771348200 1771346400 1771346100 1771297080
 1771296840 1771296300 1771295280 1771295040 1771295040 1771295040
 1771241040 1771174320 1771158840 1770994140 1770988500 1770988200
 1770987720 1770987720 1770987600 1770971820 1770971220 1770971220
 1770954300 1770954300 1770954300 1770954180 1770954120 1770954060
 1770954060 1770954060 1770953280 1770953280 1770952620 1770952620
 1770951780 1770951240 1770951060 1770951000 1770951000 1770951000
 1770950820 1770949920 1770949320 1770949320 1770949320 1770949200
 1770949200 1770825780 1770825000 1770824700 1770823920 1770823920
 1770823800 1770823740 1770823620 1770823320 1770822960 1770822600
 1770820980 1770817140 1770734820 1770734640 1770734580 1770734580
 1770734400 1770731100 1770731100 1770731100 1770731100 1770731100
 1770731100 1770731100 1770731100 1770729720 1770651660 1770649200
 1770648480 1770648480 1770647640 1770647400 1770647340 1770647340
 1770646620 1770558960 1770558180 1770558180 1770558000 1770558000
 1770557940 1770557880 1770557880 1770557880 1770557880 1770557760
 1770557760 1770557760 1770557580 1770557460 1770557400 1770557280
 1770557160 1770557100 1770557100 1770556860 1770556620 1770556440
 1770556260 1770555360 1770553260 1770553140 1770552240 1770552240
 1770552060 1770552000 1770551280 1770550740 1770550380 1770303480
 1770303000 1770302700 1770302100 1770302100 1770302100 1770301320
 1770300960 1770223020 1770222720 1770222540 1770221580 1770221580
 1770221580 1770221280 1770220680 1770218100 1770216180 1770215760
 1770215520 1770139380 1770138180 1770138120 1770138120 1770130800
 1770130800 1770129960 1770129960 1770090600 1770090600 1770049140
 1770049140 1770048720 1770048720 1770047040 1770047040 1770047040
 1770046500 1770041040 1770040980 1770040860 1770040680 1770039900
 1770024480 1769883060 1769865120]"
3971927,82207201,1,1772725701,1772725385,4,572.0,45.0,[115 842 562 535 153],92.0,1.0,1.0,56.0,22.0,403.0,1987.0,19.0,1394.0,57.0,2.0,10.0,,[9 4 6],[27 15 45],[39 25 42 50  2],[322 189  89 206],[ 310 1039  155  589],[12],20.0,,[0 9 9 2 2 8 2 3 3 8],[0 9 2 5 4 3 3 2 4 9],[0 4 9 3 5 4 6 9 5 2],,30.0,,,,,,,,,,,,,,,,,"[ 1.15318984e-01  9.28310975e-02  9.85503942e-02  2.66246889e-02
 -3.96198593e-02  4.58689481e-02  1.10285841e-02  6.92395642e-02
 -4.37457301e-02  8.22453722e-02 -5.37207052e-02  1.33088501e-02
 -6.81656227e-02 -7.63789415e-02  9.77201015e-02 -4.44443263e-02
  6.45878315e-02  2.27240957e-02 -1.44948391e-02 -1.08524278e-01
  2.26512970e-03 -5.16473576e-02  2.75074374e-02 -1.94594078e-02
 -7.51631632e-02 -6.81416541e-02 -6.57675415e-02 -5.11017069e-03
  1.19490668e-01 -4.46633026e-02 -1.20572455e-01  1.43038660e-01
  8.81680623e-02  1.17821964e-02  6.29659966e-02  1.00050174e-01
 -1.10100083e-01  4.59293649e-03 -1.81806758e-02  4.47760895e-03
 -2.17359737e-02 -8.39719400e-02 -6.54407069e-02  3.96508165e-02
 -1.24447737e-02 -1.78333949e-02 -4.41235257e-03  5.74947633e-02
 -6.09971136e-02  1.27396703e-01 -3.41480635e-02  8.63846298e-03
  1.98754445e-02 -2.65842564e-02  7.96457082e-02 -1.87796131e-02
  4.26951274e-02  5.76121584e-02 -8.80686939e-02  7.33925700e-02
  5.61911166e-02 -5.97839057e-02 -1.34049118e-01 -8.42293948e-02
  3.45095471e-02 -1.76024456e-02  4.89838123e-02  3.76104563e-02
 -1.05037287e-01  1.20425999e-01 -3.72334681e-02  1.92924738e-02
 -1.34251356e-01  9.45817307e-02 -4.61639725e-02  1.13359541e-01
  7.68394247e-02  6.16805255e-02  2.36414303e-03 -3.22780274e-02
 -1.15471207e-01 -4.29464318e-02  9.67763737e-02 -1.55725535e-02
 -2.16548215e-05 -8.48603621e-02  4.76694033e-02 -6.35174215e-02
  3.03625762e-02  1.05123401e-01  4.74320725e-02  2.94769881e-03
  6.39451668e-03 -3.95668820e-02 -3.33502963e-02 -4.90679406e-02
  2.67900135e-02  5.56849735e-03 -1.70280449e-02 -3.73747125e-02
 -1.27254695e-01 -8.77185315e-02 -3.29703167e-02  3.10184862e-02
  6.54819906e-02 -5.87566644e-02 -2.21527237e-02  3.57959084e-02
  1.46602681e-02 -4.61795740e-02 -3.28110834e-03 -1.35733150e-02
  1.18309885e-01  1.26211271e-01 -6.64912984e-02  8.47351849e-02
 -7.15057657e-04  9.73996986e-03 -6.84048794e-03  7.45524615e-02
 -5.13258064e-03 -8.42720922e-03 -1.29482662e-03  1.51220158e-01
 -8.03188682e-02 -3.00688222e-02 -1.05966873e-01 -2.14635814e-03
 -1.19236531e-02 -1.18280081e-02  6.00973628e-02  4.61979620e-02
 -1.29617983e-02 -1.10095382e-01 -2.19166409e-02 -1.52273580e-01
  3.06999367e-02 -4.80976962e-02 -4.53544296e-02 -8.50470364e-03
 -2.62419619e-02  8.47022049e-03 -8.95751715e-02  6.23585060e-02
  1.59317199e-02 -4.22066972e-02  9.97453649e-03  1.74205843e-02
  7.77657609e-03  1.05618211e-02  8.62203017e-02 -1.30599543e-01
  3.59321460e-02 -3.55433673e-02 -7.26333866e-03 -8.71160068e-03
  4.65373322e-02 -2.20491141e-02  6.47979556e-03 -4.12921198e-02
  7.78575540e-02  3.59975658e-02 -2.64404174e-02  7.66575104e-03
 -3.54366004e-02  2.29553804e-02 -5.55570349e-02 -5.65560870e-02
  1.24676712e-01 -7.49791786e-02  7.64662027e-02 -4.61488590e-02
  3.32098827e-02 -1.03112310e-02 -3.76244709e-02 -3.31553631e-02
  9.65735689e-03 -1.08093187e-01 -9.65926647e-02 -5.67581542e-02
 -8.04772042e-03  6.14254959e-02  9.04547423e-02  9.22187120e-02
 -5.66836260e-02 -3.14666033e-02 -2.70015281e-02 -5.16019948e-02
 -6.62685698e-03 -1.10422568e-02 -1.02299429e-01  5.11655807e-02
  4.16468866e-02  8.10556486e-02  7.00524226e-02 -1.05080560e-01
 -7.56870732e-02  7.64115229e-02  3.75838056e-02 -6.29819259e-02
 -1.15378145e-02 -5.09207286e-02  3.23919877e-02  3.38150449e-02
 -9.59404628e-04  6.15760405e-03  1.17793523e-01  4.80805786e-04
 -8.00401345e-02 -1.12937458e-01  6.80087274e-03 -3.26327011e-02
  7.35546090e-03 -8.81812274e-02  1.84848867e-02  7.35472590e-02
  2.87849139e-02 -1.31797850e-01  6.84364587e-02  1.07354159e-02
  4.70872521e-02 -6.23022839e-02  5.74485101e-02  7.96102732e-03
 -5.51373400e-02 -4.27235141e-02  3.55929434e-02  6.43872693e-02
 -2.20071466e-04  1.36098564e-01 -1.36238234e-02  6.72313012e-03
  8.78892243e-02 -3.63810062e-02 -4.07746993e-03 -4.71816212e-02
 -4.19041961e-02 -8.63574371e-02  3.57937557e-03 -6.87404051e-02
 -6.12594597e-02  8.96735291e-04 -5.00157923e-02  7.41532892e-02
  8.20484981e-02 -1.37338201e-02 -6.31132573e-02 -5.86988172e-03
 -7.53024593e-02  3.15417908e-02 -3.87627142e-03 -1.03347868e-01
  8.46675411e-03 -2.70624794e-02 -5.56671945e-03  3.16848513e-03]",[10534.5  2832.   1077. ],[10534.5  2832.   1077. ],[26402.   7287.   4224.5  2832.   1077. ],[26402.   7287.   4224.5  2832. ],[26402.   7287.   4224.5  2832. ],"[ 0.0967  0.1046 -0.0114 -0.2044  0.1483  0.1097  0.0245  0.2121  0.0026
  0.0161  0.0437  0.008  -0.062  -0.0277  0.1012  0.0646  0.0505  0.2892
 -0.3063  0.1486 -0.0315  0.1269 -0.0797 -0.2517  0.2896 -0.0742 -0.1539
 -0.2324 -0.4054 -0.1837 -0.2397  0.3541  0.1075 -0.0396 -0.1324  0.1778
  0.0377 -0.1173  0.0775 -0.298  -0.2222 -0.1619  0.2557  0.3262 -0.3644
  0.0559  0.0128 -0.0299  0.0148  0.1603 -0.0237 -0.01    0.0156  0.1301
 -0.1602 -0.201   0.0363 -0.3886 -0.0653 -0.0268 -0.1865 -0.3014 -0.175
 -0.1415  0.1551  0.0798  0.1529  0.1017  0.0122 -0.0983  0.0284 -0.3746
  0.1247 -0.1495 -0.1625 -0.0159 -0.1872  0.0363  0.0419  0.2031  0.2278
  0.4167 -0.0921 -0.1307 -0.1357 -0.1137 -0.023  -0.3291  0.2794 -0.0559
 -0.1509  0.2594 -0.1871  0.0845  0.1775 -0.069   0.0468 -0.1088  0.003
 -0.0732  0.1727  0.2257 -0.0557  0.2106 -0.0546  0.1609  0.0623  0.2628
 -0.1654  0.0139 -0.0844  0.0361  0.1175  0.2157 -0.2169  0.0357  0.17
  0.0226 -0.1358 -0.2633  0.2984 -0.136  -0.0021 -0.0347 -0.3201 -0.4379
 -0.1655  0.2418 -0.0449  0.0265 -0.0048 -0.0347  0.2669 -0.0599 -0.0194
  0.1061  0.1059  0.0392  0.068   0.2064 -0.0101  0.2053  0.0302  0.1813
  0.3564  0.2868 -0.1153 -0.1779 -0.0285  0.1136 -0.0993 -0.307   0.1211
  0.2052 -0.2733 -0.264  -0.3833 -0.1756 -0.1149  0.0969  0.      0.
  0.      0.      0.      0.      0.      0.      0.      0.      0.
  0.      0.      0.      0.      0.      0.      0.      0.      0.
  0.      0.      0.      0.      0.      0.      0.      0.      0.
  0.      0.      0.      0.      0.      0.      0.      0.      0.
  0.      0.      0.      0.      0.      0.      0.      0.      0.
  0.      0.      0.      0.      0.      0.      0.      0.      0.
  0.      0.      0.      0.      0.      0.      0.      0.      0.
  0.      0.      0.      0.      0.      0.      0.      0.      0.
  0.      0.      0.      0.      0.      0.      0.      0.      0.
  0.      0.      0.      0.      0.      0.      0.      0.      0.
  0.      0.      0.      0.      0.      0.      0.      0.      0.
  0.      0.      0.      0.      0.      0.      0.      0.      0.
  0.      0.      0.      0.      0.      0.      0.      0.      0.
  0.      0.      0.      0.      0.      0.      0.      0.      0.
  0.      0.      0.      0.      0.      0.      0.      0.      0.
  0.      0.      0.      0.      0.      0.      0.      0.      0.
  0.      0.      0.      0.      0.      0.      0.      0.      0.
  0.      0.      0.      0.      0.    ]","[-0.0057 -0.2379 -0.4786 -0.4384  0.3558  0.5955  0.2022  0.0089 -0.0027
  0.0006]","[-5.800e-03 -2.354e-01 -4.759e-01 -4.445e-01  3.528e-01  5.947e-01
  2.057e-01  1.000e-02 -2.600e-03  5.000e-04]","[ 0.0032 -0.3504 -0.4359  0.5552  0.4299  0.2599 -0.3322 -0.1264 -0.0129
  0.0098]",146.0,34.0,713.0,547.0,14.0,131.0,,366.0,8.0,14303.0,1.0,,,,"[     0      0      0      0      0      0      0      0      0      0
      0      0      0 458584      0      0      0      0      0      0
      0      0      0      0      0      0      0      0      0      0
      0      0      0      0      0      0      0      0      0      0
 783854      0      0      0      0      0      0      0      0 198552
      0      0      0      0      0      0      0      0      0      0
      0      0      0      0      0      0      0      0      0      0
      0      0      0      0      0      0      0      0      0      0
      0      0      0      0      0      0      0      0      0      0
      0      0      0      0      0      0      0      0      0      0
      0      0      0      0      0      0      0      0      0      0
      0      0      0      0      0      0      0      0      0      0
      0      0      0      0      0      0      0      0      0      0
      0      0      0      0      0      0      0      0      0      0
      0      0      0      0      0      0      0      0      0      0
      0      0      0      0      0      0      0      0      0      0
      0      0      0      0      0      0      0      0      0      0
      0      0      0 109277      0      0      0      0      0 225455
      0      0      0      0      0      0      0      0      0      0
      0      0      0      0      0      0      0      0      0      0
  96304  96304      0      0      0      0      0      0      0      0
      0      0      0      0      0      0      0      0      0      0
      0      0      0      0      0      0      0      0      0      0
      0      0      0      0      0      0      0      0      0      0
      0      0      0      0      0      0      0      0      0      0
      0      0      0      0      0      0      0      0      0      0
      0      0      0      0      0      0      0      0      0      0
      0      0      0      0      0      0      0      0      0      0
      0      0      0      0      0      0      0      0      0      0
      0      0      0      0      0      0 666393      0      0      0
      0      0      0      0      0      0      0      0      0      0
      0      0      0      0      0      0      0      0      0      0
      0      0      0      0      0      0      0      0      0      0
      0      0      0      0      0      0      0      0      0      0
      0      0      0      0      0      0      0      0      0      0
      0      0      0      0      0      0      0  22678      0      0
      0      0      0      0      0      0      0      0      0      0
      0      0      0      0      0      0      0      0      0      0
      0      0      0      0      0      0      0      0      0      0
      0      0      0      0      0      0      0      0     -1      0
      0      0      0      0      0      0      0      0      0      0
      0      0 467225      0      0      0      0      0      0      0
      0      0      0      0      0      0      0      0      0      0
      0      0      0      0 581713      0      0      0      0      0
      0      0      0      0      0      0      0      0      0      0
      0      0      0      0      0      0      0      0 495650      0
      0      0      0      0      0      0      0      0      0      0
      0      0 793051 495650 721487 729117  64194      0      0      0
      0]","[1772606280 1772606220 1772358857 1772358850 1772328960 1771887291
 1771745160 1771743540 1771739280 1771739100 1771121460 1771115220
 1771114620 1771053558 1770892680 1770819060 1770685140 1770685020
 1770685020 1770684960 1770684840 1770684802 1770684779 1770684774
 1770655440 1770639900 1770506940 1770481860 1770397380 1770396960
 1770396240 1770393840 1770392760 1770392640 1770370920 1770309720
 1770309600 1770304560 1770303300 1770303240 1770302302 1770187500
 1770187402 1770116460 1770114720 1770113340 1770097860 1770097740
 1770097620 1770097596 1769998140 1769929020 1769915460 1769912580
 1769833500 1769827260 1769826780 1769650560 1769518500 1769493540
 1769493480 1769493420 1769493360 1769453700 1769401320 1769400960
 1769383320 1769383260 1769383230 1769348520 1769343960 1769337060
 1769330220 1769294820 1769237640 1769237280 1769237100 1769236920
 1769235840 1769219100 1769219040 1769218980 1769212020 1769079120
 1769077920 1769077560 1769077440 1769077200 1769069580 1768870140
 1768870044 1768870042 1768726140 1768723500 1768723440 1768702020
 1768701900 1768701840 1768664340 1768474500 1768442640 1768438260
 1768436100 1768435980 1768434840 1768384140 1768383600 1768258200
 1768230360 1768230120 1768230060 1768229940 1768229700 1768229640
 1768229400 1768229280 1768229160 1768096980 1768089635 1768054920
 1768054860 1768054800 1768054560 1768054440 1768054320 1768054080
 1768054020 1768053960 1768038780 1768038480 1768038240 1768038120
 1768038060 1768037880 1768037820 1768037760 1768037280 1768037220
 1768037100 1768032420 1768010280 1767982800 1767952740 1767925140
 1767925020 1767924960 1767924840 1767924540 1767924480 1767924360
 1767914220 1767792180 1767792060 1767792000 1767791940 1767791880
 1767791820 1767608580 1767608460 1767608100 1767607860 1767391800
 1767341820 1767318000 1767310800 1767156480 1767143640 1767140280
 1767140220 1767057060 1767019740 1767019260 1767018600 1767017216
 1767000360 1766992380 1766991120 1766961420 1766952060 1766951924
 1766949780 1766910840 1766905080 1766904840 1766896260 1766895060
 1766894700 1766894640 1766837040 1766763840 1766763780 1766763699
 1766759820 1766759100 1766746260 1766719680 1766674440 1766674260
 1766668320 1766668200 1766667241 1766667195 1766665260 1766556300
 1766520240 1766498760 1766497980 1766497920 1766497860 1766497800
 1766497260 1766497260 1766485620 1766484960 1766484780 1766475840
 1766474280 1766459580 1766459340 1766459280 1766459220 1766423280
 1766423220 1766421600 1766358960 1766326920 1766287980 1766287800
 1766286360 1766285580 1766285460 1766237700 1766235960 1766235540
 1766234700 1766234040 1766233260 1766232900 1766232840 1766232600
 1766231820 1766211840 1766141760 1766141520 1766128920 1766124540
 1766091120 1766030580 1765942380 1765940220 1765937760 1765930740
 1765930680 1765920420 1765799760 1765799580 1765757460 1765728060
 1765689000 1765677060 1765677000 1765676940 1765645020 1765644960
 1765644900 1765636140 1765636080 1765635960 1765635840 1765635780
 1765635720 1765635660 1765614000 1765613940 1765613880 1765605000
 1765589700 1765589640 1765589580 1765589400 1765589280 1765589220
 1765589160 1765589100 1765589040 1765588980 1765588920 1765588860
 1765588800 1765588740 1765588620 1765552620 1765552560 1765512960
 1765512840 1765473300 1765473247 1765265640 1765265424 1765106400
 1765089000 1765084740 1764980880 1764980160 1764980040 1764979680
 1764932820 1764932520 1764932460 1764932340 1764921960 1764921960
 1764921840 1764921840 1764921780 1764899535 1764804120 1764769140
 1764758460 1764723044 1764598915 1764583860 1764583140 1764582480
 1764553284 1764496800 1764356820 1764251059 1764239022 1764233607
 1764142648 1764128880 1764085080 1763953860 1763941200 1763911920
 1763911320 1763911080 1763911020 1763910900 1763910720 1763910060
 1763910000 1763909940 1763909573 1763907659 1763824080 1763791591
 1763738991 1763737920 1763737320 1763637180 1763635080 1763633711
 1763632920 1763544300 1763536740 1763536614 1763536558 1763454360
 1763454300 1763454180 1763454060 1763441220 1763441160 1763440740
 1763440620 1763434269 1763429220 1763429220 1763372044 1763367300
 1763366401 1763330580 1763330520 1763209124 1763180245 1763121725
 1763056800 1763031631 1763031609 1762975680 1762974600 1762701660
 1762669260 1762669020 1762594320 1762484220 1762437180 1762437060
 1762434420 1762433480 1762407423 1762355880 1762250100 1762243740
 1762229700 1762218960 1762144620 1762141620 1762119780 1762119642
 1762081500 1762079640 1761981480 1761955500 1761780840 1761749640
 1761748393 1761728880 1761709380 1761691500 1761691438 1761614700
 1761493080 1761492840 1761405180 1761405000 1761401768 1761398460
 1761364800 1761363780 1761363480 1761361200 1761360780 1761289140
 1761278880 1761278580 1761278520 1761278280 1761187080 1761130140
 1761128400 1761128220 1760991029 1760957040 1760794260 1760788380
 1760706000 1760689080 1760689020 1760688840 1760686860 1760686800
 1760686680 1760686560 1760686500 1760686380 1760686320 1760686200
 1760686140 1760682060 1760681940 1760673806 1760660700 1760617440
 1760613060 1760612340 1760512428 1760512096 1760510580 1760510220
 1760453760 1760422260 1760415060 1760403960 1760267710 1760102241
 1759913040 1759869720 1759793940 1759495440 1758957207 1758175625
 1758175595 1753596836 1751782112 1737820799 1736265599 1735833599
 1735833599]","[ 2  2  7  7  2  7  2  2  2  2  2  2  2  7  2  2  2  2  2  2  2  7  7  7
  2  2  2  2  2  2  2  2  2  2  2  2  2  2  2  2 13  2  7  2  2  2  2  2
  2 13  2  2  2  2  2  2  2  2  2  2  2  2  2  2  2  2  2  2 13  2  2  2
  2  2  2  2  2  2  2  2  2  2  2  2  2  2  2  2  2  2  7  7  2  2  2  2
  2  2  2  2  2  2  2  2  2  2  2  2  2  2  2  2  2  2  2  2  2  2  7  2
  2  2  2  2  2  2  2  2  2  2  2  2  2  2  2  2  2  2  2  2  2  2  2  2
  2  2  2  2  2  2  2  2  2  2  2  2  2  2  2  2  2  2  2  2  2  2  2  2
  2  2  2  2  2 13  2  2  2  2  2 13  2  2  2  2  2  2  2  2  2  2  2 13
  2  2  2  2  2  2  2  2 13 13  2  2  2  2  2  2  2  2  2  2  2  2  2  2
  2  2  2  2  2  2  2  2  2  2  2  2  2  2  2  2  2  2  2  2  2  2  2  2
  2  2  2  2  2  2  2  2  2  2  2  2  2  2  2  2  2  2  2  2  2  2  2  2
  2  2  2  2  2  2  2  2  2  2  2  2  2  2  2  2  2  2  2  2  2  2  2  2
  2  2  2  2  2  2  2  2 13  2  7  2  2  2  2  2  2  2  2  2  2  2  2  2
  2  2  2  1  2  2  2  1  1  2  2  2  1  2  2  1  1  1  1  2  2  2  2  2
  2  2  2  2  2  2  2  2  1  1  2  1  1  2  2  2  2  1  2  2  2  7  7  2
  2  2  2  2  2  2  2  1  2  2  7  2  1  2  2  7  1  1  2  7  7  2  2  2
  2  2  2  2  2  2  2 13  7  2  2  2  2  2  2  2  2 13  2  2  2  2  2  2
  1  2  2  2 13  2  2  2  2  2 13  2  2  2  2  2  2  2  2  2  2  2  2  2
  2  2  7  2  2  2  2  2  2  2  2  2  2  2  2  2  2  2  2  2  2 10  2  2
  2  2 13  7  2  2  2  2  2  2  1  1  2  2  2  2 13 13 13 13 13 13 13 13
 13]","[ 6  6 11 11  6 11  6  6  6  6  6  6  6 11  6  6  6  6  6  6  6 11 11 11
  6  6  6  6  6  6  6  6  6  6  6  6  6  6  6  6 10  6 11  6  6  6  6  6
  6 10  6  6  6  6  6  6  6  6  6  6  6  6  6  6  6  6  6  6 10  6  6  6
  6  6  6  6  6  6  6  6  6  6  6  6  6  6  6  6  6  6 11 11  6  6  6  6
  6  6  6  6  6  6  6  6  6  6  6  6  6  6  6  6  6  6  6  6  6  6 11  6
  6  6  6  6  6  6  6  6  6  6  6  6  6  6  6  6  6  6  6  6  6  6  6  6
  6  6  6  6  6  6  6  6  6  6  6  6  6  6  6  6  6  6  6  6  6  6  6  6
  6  6  6  6  6 10  6  6  6  6  6 10  6  6  6  6  6  6  6  6  6  6  6 10
  6  6  6  6  6  6  6  6 10 10  6  6  6  6  6  6  6  6  6  6  6  6  6  6
  6  6  6  6  6  6  6  6  6  6  6  6  6  6  6  6  6  6  6  6  6  6  6  6
  6  6  6  6  6  6  6  6  6  6  6  6  6  6  6  6  6  6  6  6  6  6  6  6
  6  6  6  6  6  6  6  6  6  6  6  6  6  6  6  6  6  6  6  6  6  6  6  6
  6  6  6  6  6  6  6  6 10  6 11  6  6  6  6  6  6  6  6  6  6  6  6  6
  6  6  6  4  6  6  6  4  4  6  6  6  4  6  6  4  4  4  4  6  6  6  6  6
  6  6  6  6  6  6  6  6  4  4  6  4  4  6  6  6  6  4  6  6  6 11 11  6
  6  6  6  6  6  6  6  4  6  6 11  6  4  6  6 11  4  4  6 11 11  6  6  6
  6  6  6  6  6  6  6 10 11  6  6  6  6  6  6  6  6 10  6  6  6  6  6  6
  4  6  6  6 10  6  6  6  6  6 10  6  6  6  6  6  6  6  6  6  6  6  6  6
  6  6 11  6  6  6  6  6  6  6  6  6  6  6  6  6  6  6  6  6  6  4  6  6
  6  6 10 11  6  6  6  6  6  6  4  4  6  6  6  6 10 10 10 10 10 10 10 10
 10]","[800 800 644 644 559 695 401 149 401 401 559 149 149 644 665 149 401 401
   0 401 401 398 398   0 149 665 149 149 149 149 149 149 149 149 149 149
 149 149 149 149 648 149   0 149 149 149 149 149 149 843 149 149 149 149
  24 149 149 840 149 839 839 839 839 149 840 840 149 149 648 149 149 149
 840 149 840 840 840 840 840 840 840 840 149 840 840 840 840 840 840 840
 800 800 149 149 149 800 800 800 149 665 800 800 326 800 326 819 819 149
 800 800 800 800 800 800 800 800 800 840   0 840 840 840 840 840 840 840
 840 149 800 800 800 800 800 800 800 800 800 800 800 840 800 149 800 840
 840 840 840 840 840 840 800 800 800 800 800 800 800 149 149 149 149 559
 149 149 149 149 149 149 149 149 149 149 149 737 559 149 149 149 149 648
 149 149 149 149 149 149 149 149 149 149 149 306 149 149 149 149 149 149
 149 149 648 648 149 559 149 840 840 840 840 840 559 840 665 665 665 559
 559 559 559 559 559 149 149 149 149 149 149 149 149 149 149 149 149 149
 149 149 149 149 149 149 149 203 840 840 800 149 149 840 800 149 149 149
 149 149 149 149 800 840 800 800 800 800 800 800 800 800 800 800 800 800
 800 800 800 800 800 800 800 800 800 800 800 800 800 800 800 800 800 800
 800 800 800 149 149 800 800 149 648 559   0 800 149 149   0 326 326 149
 840 840 840 840  41   0  41   0  41 439 149 149 840 439 439 840 840 840
 439 665 149 644   0   0 644 149 149 401 149 800 800 800 800 800 800 800
 800 800 439   0 149 439 439 800 800 665 665 439 665 398 834 834   0 559
 559 559 559 559 187 840 840 439 187 840   0 149 439 149 149 176 439 439
 149 343 343 149 149 149 800 800 149 149 149 149 149 648 721 149 149 149
 149 559 559 149 149 648 665 665 149 800 149 149 439 559 840 149 648 149
 149 149 149 149 648 149 665 665 665 149 665 840 429 429 429 429 559 840
 840 840 731 665 559 149 149 559 559 559 559 559 559 559 559 559 559 559
 559 559 559 974 149 149 149 149 758   0 326 326 187 326 149 326   0 439
 559 149 149 149 648 762 762 762 215   0   0   0   0]","[1044 1044  638  638    0    0 3379    0 3379 3379    0    0    0  638
 3145    0    0    0    0    0    0  376  376    0    0 3145    0    0
    0    0    0    0    0    0    0    0    0    0    0    0 2138    0
    0    0    0    0    0    0    0 1499    0    0    0    0 1332    0
    0 1365    0  670  670  670  670    0 2046 2046    0    0 1098    0
    0    0  555    0 2415 2415 2415 2415 2415 2415 2415 2415    0 2415
 2415 2415 2415 2415 2415 1365 2017 2017    0    0    0 1044 1044 1044
    0 3145 1044 1044 3093 1044 3093  162  162    0 1044 1044 1044 1044
 1044 1044 1044 1044 1044 2415    0 2415 2415 2415 2415 2415 2415 2415
 2415    0 1044 1044 1044 1044 1044 1044 1044 1044 1044 1044 1044 2415
 1044    0 1044 1066 1066 1066 1066 1066 1066 1066 1044 1044 1044 1044
 1044 1044 1044    0    0    0    0 1894    0    0    0    0    0    0
    0    0    0    0    0  904    0    0    0    0    0  305    0    0
    0    0    0    0    0    0    0    0    0 3242    0    0    0    0
    0    0    0    0 2138 2138    0    0    0 2415 2415 2415 2415 2415
 1894 2415 3145 3145 3145 1894 1894 1894 1894 1894 1894    0    0    0
    0    0    0    0    0    0    0    0    0    0    0    0    0    0
    0    0    0 1268 1260 1260 1044    0    0 2415 1044    0    0    0
    0    0    0    0 1044  555 1044 1044 1044 1044 1044 1044 1044 1044
 1044 1044 1044 1044 1044 1044 1044 1044 1044 1044 1044 1044 1044 1044
 1044 1044 1044 1044 1044 1044 1044 1044 1044 1044 1044    0    0 1044
 1044    0  731    0    0 1044    0    0    0 3093 3093    0  555  555
  555  555 1510    0 1510    0 1510   93    0    0  555   93   93  555
  555  555   93 3145    0  638    0    0  638    0    0 3379    0 1044
 1044 1044 1044 1044 1044 1044 1044 1044   93    0    0   93   93 1044
 1044 3145 3145   93 3145  376    0    0    0    0    0    0    0    0
 2476 2415 2415   93 2476  555    0    0   93    0    0  766   93   93
    0  384  384    0    0    0 1044 1044    0    0    0    0    0  731
 1359    0    0    0    0    0    0    0    0  731 3145 3145    0 2759
    0    0   93 1894 2415    0 1671    0    0    0    0    0  731    0
 3145 3145 3145    0 3145  555 1405 1405 1405 1405    0 3117 3117 3117
 1117 3145 1894    0    0 1894 1894 1894 1894 1894 1894 1894 1894 1894
 1894 1894 1894 1894 1894    0    0    0    0    0 2725    0 3093 3093
 2476 3093    0 3093    0   93    0    0    0    0  731 1146  717  717
  583    0    0    0    0]","[    0     0  3204  3204     0     0     0     0     0     0     0     0
     0     0     0     0     0     0     0     0     0     0     0     0
     0     0     0     0     0     0     0     0     0     0     0     0
     0     0     0     0 11712     0     0     0     0     0     0     0
     0 11325     0     0     0     0     0     0     0  6953     0  7083
  7083  7083  7083     0  9579  9579     0     0  8343     0     0     0
  8829     0   938   938   938   938   938   938   938   938     0   938
   938   938   938   938   938  6953  7677  7677     0     0     0     0
     0     0     0     0     0     0     0     0     0     0     0     0
     0     0     0     0     0     0     0     0     0   938     0   728
   728   728   728   728   728   728   728     0     0     0     0     0
     0     0     0     0     0     0     0   938     0     0     0  1907
  1907  1907  1907  1907  1907  1907     0     0     0     0     0     0
     0     0     0     0     0 12072     0     0     0     0     0     0
     0     0     0     0     0  9243     0     0     0     0     0  4299
     0     0     0     0     0     0     0     0     0     0     0  9396
     0     0     0     0     0     0     0     0 12083 12083     0     0
     0   938   938   938   938   938 12072   938     0     0     0  4408
  4408  4408  4408  4408  4408     0     0     0     0     0     0     0
     0     0     0     0     0     0     0     0     0     0     0     0
     0  4717  1518  1518     0     0     0   728     0     0     0     0
     0     0     0     0     0  8829     0     0     0     0     0     0
     0     0     0     0     0     0     0     0     0     0     0     0
     0     0     0     0     0     0     0     0     0     0     0     0
     0     0     0     0     0     0     0     0 12556     0     0     0
     0     0     0     0     0     0  5395  5395  5395  5395  2141     0
  2141     0  2141     0     0     0  5395     0     0  5395  5395  5395
     0     0     0     0     0     0     0     0     0     0     0     0
     0     0     0     0     0     0     0     0     0     0     0     0
     0     0     0     0     0     0     0     0     0     0     0     0
     0     0     0     0 10003   728   728     0 10003  8829     0     0
     0     0     0     0     0     0     0  4747  4747     0     0     0
     0     0     0     0     0     0     0 10419 10290     0     0     0
     0     0     0     0     0 12556     0     0     0  7074     0     0
     0  4408   728     0 10612     0     0     0     0     0  4839     0
     0     0     0     0     0  8829  7329  7329  7329  7329     0     0
  1747  1747  7776     0 12072     0     0  4408  4408  4408  4408  4408
  4408  4408  4408  4408  4408  4408  4408  4408  4408     0     0     0
     0     0 10231     0     0     0 10609     0     0     0     0     0
     0     0     0     0 11963 10559 13039  1408  4389     0     0     0
     0]","[   0    0    0    0    0    0    0    0    0    0    0    0    0    0
    0    0    0    0    0    0    0    0    0    0    0    0    0    0
    0    0    0    0    0    0    0    0    0    0    0    0 4346    0
    0    0    0    0    0    0    0    0    0    0    0    0    0    0
    0    0    0    0    0    0    0    0    0    0    0    0 7670    0
    0    0    0    0    0    0    0    0    0    0    0    0    0    0
    0    0    0    0    0    0    0    0    0    0    0    0    0    0
    0    0    0    0    0    0    0    0    0    0    0    0    0    0
    0    0    0    0    0    0    0    0    0    0    0    0    0    0
    0    0    0    0    0    0    0    0    0    0    0    0    0    0
    0    0    0    0    0    0    0    0    0    0    0    0    0    0
    0    0    0    0    0    0    0    0    0    0    0    0    0    0
    0    0    0    0    0    0    0    0    0    0    0 5070    0    0
    0    0    0    0    0    0    0    0    0 6077    0    0    0    0
    0    0    0    0    0    0    0    0    0    0    0    0    0    0
    0    0    0    0    0    0    0    0    0    0    0    0    0    0
    0    0    0    0    0    0    0    0    0    0    0    0    0    0
    0    0    0    0    0    0    0    0    0    0    0    0    0    0
    0    0    0    0    0    0    0    0    0    0    0    0    0    0
    0    0    0    0    0    0    0    0    0    0    0    0    0    0
    0    0    0    0    0    0    0    0    0    0    0    0    0    0
    0    0 7487    0    0    0    0    0    0    0    0    0    0    0
    0    0    0    0    0    0    0    0    0    0    0    0    0    0
    0    0    0    0    0    0    0    0    0    0    0    0    0    0
    0    0    0    0    0    0    0    0    0    0    0    0    0    0
    0    0    0    0    0    0    0    0    0    0    0    0    0    0
    0    0    0    0    0    0    0    0    0    0    0    0    0    0
    0    0    0    0    0    0    0    0    0    0    0    0    0 7669
    0    0    0    0    0    0    0    0    0 7579    0    0    0    0
    0    0    0    0    0    0 7787    0    0    0    0    0 3335    0
    0    0    0    0    0    0    0    0    0    0    0    0    0    0
 3196    0    0    0    0    0    0    0    0    0    0    0    0    0
    0    0    0    0    0    0    0    0    0    0    0    0    0    0
    0    0    0    0    0    0    0    0    0    0 7932    0    0    0
 6300    0    0    0    0]","[16  1  0  0 12  0 12  1  1  1  1 14 14  0 11  1  1 16 17 14 14  0  0  0
 12 11 12 16  1 12  1  1 16 14 14  1  1  1 16  1 17 14  0  1 16 16 16 16
 14 17  1 16 16 14 16 14 17  1 17 14  1  1  1 12 14  1  1 16 17 16 17 12
 12  1 14  2 14 12  1 14  1 16 12  1 11  1 16 16 16  1  0  0 14 14 16 14
  1 16 14 11  1  1 16  1 14  1 14 14 12  1  2  2  1  2  1 14 16 14  0 14
  1 14  1  2  1  1 16 17 14 14 14 16 14 14 16 14 14 14  1 16 14  1  1 14
  1 14 14  1  1 14 16 16 14 14 16  1  1 17 12 16 12 14  1 12 14 12 16 12
 17 16  1 14 16 17  1 17  1 14 14 17  1  1  1 16 12 14 14  1  1 12  1 17
 14 16  1 12 16 12  1  1 17 17  1 12  1  1  1  1 14 14 12  1 11 12 11 12
  1 12 16  1  1  1 16 14 16 16 17 12 12  1  1 14 16  1 14  1  1  1  1  1
 16 12  2 14 16 12 16  1 14 12 14  1  1 16 14 16  1  1  1 16  1  1 16  1
 14  1 14  2 16  1  1  1 12  1  1 14 16  1  1  1  1  1  1  1  1  1  1 12
  1 14  1 14 16  1 14  1 17 14  0 16  1 12 14  2 11  1  1  1 14 16 14 12
 14  1  1  0 16  1  1  0  0  1  1  1  0  2  1  0  0  0  0 12 16  1 14 16
 17 16  1 16  2  1 17  1  0  0 14  0  0  1 14  2  2  0 11 17  1  0  0 16
 14 14  1  1 14 12 14  0  1  1  0 12  0 12 16  0  0  0 12  0  0 16 12 17
 16 14  1 16 16 17  1 17  0 14  1 16  1 12 16 16 14 17  1  2 16 12  1  1
  0  1  1 16 17 12  1  1 16  2 17 16  1  2  1 12 14 14  1 14 11 14  1 16
  1 16  0 11 12 12 12 14 14 16 14  1 14 14 16 14 14  1  1 16 16  0  1  1
  1 12 17  0 12 14 16  1  1 14  0  0 12  1  1  1 17 17 17 17 17 17 17 17
 17]","[1772269727 1771989390 1771846866 1771846803 1771846647 1771752511
 1771752057 1771743434 1771743429 1771743425 1771743421 1771712937
 1771682165 1771592496 1771582725 1771207946 1771207905 1771128383
 1771115218 1771115018 1771114408 1770818985 1770818952 1770818931
 1770647003 1770506840 1770506832 1770396926 1770396914 1770396217
 1770396205 1770396205 1770396201 1770396199 1770396193 1770396189
 1770396185 1770396183 1770396178 1770396177 1770396176 1770396172
 1770396168 1770396164 1770396156 1770396151 1770396148 1770392698
 1770392693 1770392680 1770392673 1770392671 1770392659 1770392633
 1770392632 1770392605 1770392602 1770392592 1770392592 1770392566
 1770392566 1770367985 1770304491 1770304480 1770304469 1770304469
 1770302301 1770302250 1770302243 1770302238 1770302213 1770302201
 1770302193 1770302193 1770302188 1770302174 1770302165 1770222568
 1770186158 1770116385 1770113251 1770097744 1770097732 1770097715
 1770097596 1770097584 1770028871 1769998001 1769928914 1769908293
 1769827179 1769826716 1769822048 1769822019 1769584418 1769453654
 1769383229 1769365900 1769343874 1769294705 1769246406 1769211934
 1768880420 1768723533 1768723475 1768723427 1768723385 1768723370
 1768723356 1768723330 1768723318 1768723312 1768721851 1768108295
 1768095468 1767958233 1767940058 1767929911 1767921961 1767875108
 1767617145 1767617029 1767535713 1767486421 1767435103 1767259589
 1767017216 1767017182 1766996740 1766951924 1766951920 1766933079
 1766900717 1766763775 1766763753 1766763743 1766763699 1766763692
 1766763687 1766757639 1766757407 1766757374 1766673145 1766673134
 1766673124 1766669653 1766667241 1766667194 1766664967 1766625239
 1766542754 1766532342 1766519430 1766423193 1766423191 1766423172
 1766423152 1766423132 1766423121 1766423098 1766421523 1766421509
 1766421497 1766363074 1766325745 1766287876 1766287760 1766287719
 1766266144 1766266135 1766237149 1766236745 1766236525 1766236525
 1766235250 1766235167 1766235162 1766234810 1766233576 1766232989
 1766232625 1766232605 1766232584 1766124420 1765887222 1765551921
 1765551869 1765549718 1765473247 1765318536 1765147214 1765146355
 1765146219 1764831722 1764804024 1764767906 1764747575 1764747382
 1764315115 1764061296 1763986325 1763941169 1763696379 1763604068
 1763277169 1763258336 1763166379 1763012580 1762996536 1762975680
 1762974600 1762974494 1762974180 1762938065 1762827060 1762823640
 1762701660 1762675402 1762669260 1762669020 1762604280 1762597920
 1762595760 1762595520 1762594320 1762586943 1762558860 1762558802
 1762484220 1762477761 1762437360 1762437180 1762437120 1762437060
 1762434420 1762433480 1762433394 1762433385 1762433365 1762388700
 1762250100 1762250040 1762243740 1762229700 1762229356 1762218960
 1762172859 1762144860 1762144620 1762141620 1762119642 1762119560
 1762081500 1762079640 1761981480 1761750036 1761749640 1761747600
 1761728880 1761709740 1761709380 1761691500 1761691437 1761691404
 1761684616 1761614700 1761614589 1761605100 1761604980 1761493080
 1761492840 1761405480 1761405180 1761405000 1761402480 1761401759
 1761398460 1761367620 1761364800 1761363780 1761363480 1761361200
 1761361054 1761360780 1761289500 1761289140 1761278880 1761278880
 1761278580 1761278580 1761278520 1761278280 1761260040 1761187080
 1761130140 1761128400 1761128220 1760794260 1760706000 1760686860
 1760686800 1760686680 1760686560 1760686500 1760686380 1760686320
 1760686200 1760686140 1760682060 1760681940 1760681940 1760660700
 1760660611 1760617440 1760613060 1760612340 1760611806 1760611475
 1760453100 1760424060 1760422260 1760415060 1760415060 1760403960
 1760005436 1759913160 1759913040 1759907520 1759869720 1759832520
 1759793940]","[ 6  6  6  6  6  6  6 25 24 24 25  6  6  6 22  6  6  6 25 25 25 25 25 24
  6 25 24 24 25 24 24 25 25 24 25 24 24 25 24 25 24 25 24 25 25 25 24 24
 24 25 24 25 25 25 24 25 24 24 25 25 24  6 25 24 25 24  1 24 24 24 24 25
 24 25 25 25 25  6 25 25 25 24 25 27  1 24  6 24 24  6 24 24 24 24  6 24
  1 24 24 24  6 24  6 24 24 24 24 24 24 24 24 24  6  6  6  6  6  6  6  6
  6  6 24  6  6  6  1 24  6  1 24  6  6 24 24 24  1 24 24 24 24 24 24 24
 24  6  1  1 24  6  6 24 24 24 24 24 24 24 24 24 24 24 24  6 24 24 24 24
 24 24 24 24 24 24 24 24 24 24 24 24 24 24 24 24 24 24 24  6  1  6  6  6
  6  6 24 24  6  6  6  6  6  6  6  6  6  6  6 19  6 19 19 24 19  6 19 19
 19  6 19 19 19 19 19 19 19  6 19 24 19  6 19 19 19 19 19  1 24 24 24 19
 19 19 19 19 24 19  6 19 19 19  1 24 19 19 19 24 19 19 19 19 19 19  1 24
  6 19 24 19 24 19 19 19 19 19 19  1 19 19 19 19 19 19 24 19 19 19 19 19
 19 19 19 19 19 19 19 19 19 19 19 19 19 19 19 19 19 19 19 19 19 19 19 19
 24 19 19 19 24 24 19 19 19 19 19 19 24 19 19 19 19 19 19]","[  6160867  73307317  78459501  44031090  44031090  39412908  39412908
  68503349  68503349  84527234  84527234  58919098  81017880  41959468
  37440848 135464282   9919481  13360662     71424     71424  55611354
  30682674  30682674  30682674  73673635  18888907  18888907  60688117
  60688117  18029026  28201849  18029026  28201849   9444370   9444370
  65743567  15067755  65743567  73223338  15067755  46739526  73223338
  24942584  46739526  24942584  42739102  42739102  73928584  43302134
  73928584   5745104  43302134   5745104  17163298  17163298   3953641
   3953641  32939914  32939914  47171953  47171953  25798236  16422565
  16422565  72152344  72152344  38316483  36333756   5547124  62787115
  30855059  36333756  30855059   5547124  62787115  30855059  30855059
  25183280  18492054  74334383  40150576  48708881  48708881  48708881
  48708881  48708881 117273056   6318898  50712914  44207732  70282101
  70282101   4649323  32799034  56510110  37017732  51660479  36658160
  12323348  51660479   1438424  51660479 131505132  41877486   3415048
  73779058  55049548  18110884   8655057  35302417   1461278  15843165
   7994441  82191057  75157255  21128943  32939603 140129261  59259557
  49756222  99005332  99005332  35785648  49391299  22786427 141222640
  28004624  28004624  53357529  43028477  43028477  11496882  46042188
  68273856  14198810  25747074  21940579  21940579  51176337  26625930
  20829316  47482492  20829316  77114756  77114756  28609811  72525860
  72525860  20829316  13679384  40156156  20829316   7940670  21940579
  22883855  68273856  19590312  21733673  14528643  14528643  75303167
  27656729  44325611  68859012  21853568  89148072  89148072  36678468
  11536051  73825460  64461967  53736690  77491208    467111  26672855
  29845739  71296296  15408729  11824767  15734942  71296296   6893813
  32996042  60030820  26780244   9750823  48455860  61136657  32480232
  28773315  28361134   8435608   8435608  32188425  56269070  36659056
  71478717  71478717  58523813  68053942 140228548   9059350  52193450
  64023639  64351772  64351772  18783360  28291196  37569268   3922986
   3922986  10911178   3922986  29655246  63397733  63397733   3922986
   7172672  21596484  21596484   3922986  54668214   3922986   3922986
   3922986   3505040   3922986  53556984   3922986  58038107   3922986
   3922986   3922986   3922986   3922986  30733844   7595530  30733844
  30733844   3922986   3922986   3922986   3922986   3922986  66920285
  63397733  64354461  20397989  20397989   3922986  63556409  63556409
  67399972  67399972   3922986  49767001   3922986   3922986  66002453
  44415779  44415779   3922986  51089167  51089167  34847257   3922986
  26440501   3922986  51089167   3922986   3922986   3922986   3922986
   3922986   3922986  42395233   3922986  67399972  67399972  67399972
  67399972   3922986  56367674  67399972  14967552  14967552  32403355
   1810648  32403355   1810648  32403355  32403355   3922986  63397733
  51734667  36447902  36447902  20150559   3922986  66002453  66002453
  66002453  66002453  66002453  66002453  66002453  66002453  66002453
  66002453  58945892  66002453   3922986  60699612   3922986   3922986
   3922986  43812582  65016640  72379073  30004866  30004866   3922986
  20150559  30004866  52647933  72024273  72024273  72024273  54668214
  23858207   3922986]","[123 383 383 383 383  71  71 517 517 517 517 732 383 383 162 351  71 249
 400 400 400 628 628 628 254 705 705 628 628 628 628 628 628 628 628 628
 628 628 628 628 628 628 628 628 628 628 628 628 628 628 628 628 628 628
 628 628 628 628 628 628 628 123 367 367 367 367 628 628 726 628 628 628
 628 726 628 628 628 555 367 107 367 400 400 400 400 400 704 628 231 123
 628 628 628 628 383 152 628 628 628 628 728 628  74 367 367 367 705 367
 367 705 367 367 383 351 486 555 249 123 383 180 238 238 705 383 351 586
 107 107 586 628 628 586 383 180 180 180 180 180 180 180 628 367 628 628
 628 246 628 628 628 123 180 628 180 180 180 180 180 180 180 180 367 180
 180 383 180 180 180 180 180 180 180 180 180 180 180 180 180 180 180 231
 180 180 180 180 180 180 367 619 628 619 472 619 619 123 628 628 383 383
   0 695 472 123 586 383 383 383 383 351 383 385 385 367 385 383 351 351
 385 383 555 555 385 385 385 385 385 123 385 628 385 358 385 385 385 385
 385 628 628 628 628 385 385 385 385 385 367 351 704 351 351 385 628 628
 431 431 385 628 385 385 351 472 472 385 628 628 432 385 367 385 628 385
 385 385 385 385 385 628 385 431 431 431 431 385 705 431 472 472 687 472
 687 472 687 687 385 351 472 472 472 351 385 351 351 351 351 351 351 351
 351 351 351 472 351 385 107 385 385 385 231 231 619 447 447 385 351 447
 628 351 351 351 385 472 385]","[2687  869  869  869  869    0    0 1945 1945 1945 1945    0  869  869
 1060    0    0  546 2602 2602 2602 1389 1389 1389  871   12   12 1389
 1389  508  508  508  508  508  508  508  508  508  508  508  508  508
  508  508  508  508  508 1389 1389 1389 1389 1389 1389 1389 1389 1389
 1389 1389 1389 1389 1389 2687  521  521  521  521 1313 2003  839 2003
 1315 2003 1315  839 2003 1315 1315 1341  521  939  521  296  296  296
  296  296 1159 2003 1698 2687 1732 1732 1389 1389  869  717 1732 1732
 1732 1732    0 1732 2595   48  521  521   12  521  521   12  521  521
  869  208    0 1341 1451 2687  869 2484    0    0   12  869  208 2023
 1785 1785 2023 1722 1722 2590  869 2484 2484 2484 2484 2484 2484 2484
  282  521  282  282  282    0 1313 1313  282 2687  818  282 2484 2484
 2484 2484 2484 2484 2484 2484  521 2484 2484  869 2484 2484 2484 2484
 2484 2484 2484 2484 2484 2484 2484 2484 2484 2484 2484 1698 2484 2484
 2484 2484 2484 2484  521 2428 1389 2428 2644 2428 2428 2687  282  282
  869  869    0 2247 2644 2687 2023  869  869  869  869    0  869    0
    0  521    0  869    0    0    0  869 1341 1341    0    0    0    0
    0 2687    0 1389    0    0    0    0    0    0    0 1389 1389 1389
 1389    0    0    0    0    0 1092    0 1159    0    0    0 1389 1389
 2006 2006    0  282    0    0 1121  831  831    0  282  282    0    0
  521    0  282    0    0    0    0    0    0 1389    0 2006 2006 2006
 2006    0   12 2006 1191 1191   68 1191   68 1191   68   68    0    0
 2078 2078 2078 1121    0 1121 1121 1121 1121 1121 1121 1121 1121 1121
 1121 1677 1121    0 1785    0    0    0 1698 1698  349  550  550    0
 1121  550 1389    0    0    0    0 1191    0]","[ 9194     0     0     0     0     0     0  6868  6868  6868  6868     0
     0     0  4293     0     0     0 10164 10164 10164  8110  8110  8110
     0   815   815  8164  8164  6314   278  6314   278  6314  6314  6314
 10355  6314  6314 10355 10355  6314 10355 10355 10355 10355 10355  8110
  1498  8110  4459  1498  4459  8110  8110  4459  4459  8110  8110 10027
 10027     0  8309  8309  8309  8309  7567  8856  5562  8856  6700  8856
  6700  5562  8856  6700  6700     0  7490  5680  7490  3480  3480  3480
  3480  3480   670  8856  3580  9194  5042  5042  1498  1498     0  8096
  5042  5042  8693  5042     0  5042  6795  6062  1280  8309  8520  3060
  8309  8520  8309  3060     0     0     0     0     0  9194     0  1376
     0     0  8520     0     0  7647  1532  1532  7647  2087  2087     0
     0  4948  4948  4948  4948  4948  4948  4948 10046  8309 10046 10046
 10046     0  1463  1463 10046  9194     0 10046  4948  4948  4948  4948
  4948  4948  4948  4948  8309  4948  4948     0  4948  4948  4948  4948
  4948  4948  4948  4948  4948  4948  4948  4948  4948  4948  4948  3580
  4948  4948  4948  4948  4948  4948  8309   779  4459   779     0   779
   779  9194 10046 10046     0     0     0     0     0  9194  7647     0
     0     0     0     0     0     0     0  8309     0     0     0     0
     0     0     0     0     0     0     0     0     0  9194     0  7936
     0     0     0     0     0     0     0  1438  1638  1438  1438     0
     0     0     0     0   842     0  9348     0     0     0  4459  4459
     0     0     0 10046     0     0  1972  6719  6719     0 10046 10046
     0     0  8309     0 10046     0     0     0     0     0     0  7517
     0     0     0     0     0     0  8520     0  3215  3215  9108  9501
  9108  9501  9108  9108     0     0     0  4914  4914  9735     0  1972
  1972  1972  1972  1972  1972  1972  1972  1972  1972  8517  1972     0
  1532     0     0     0  3580  3580 10155     0     0     0  9735     0
  1498     0     0     0     0  3215     0]","[   0    0    0    0    0    0    0    0    0    0    0    0    0    0
    0    0    0    0    0    0    0 5038 5038 5038    0 6568 6568    0
    0  587 3642  587 3642 3355 3355  587 3199  587  587 3199 2590  587
 2590 2590 2590  332  332 5038  536 5038 3369  536 3369 1255 1255 3369
 3369 5038 5038    0    0    0 6911 6911  569  569 2998 3809    0  262
 5202 3809 5202    0  262 5202 5202    0 1981    0 1981    0    0    0
    0    0    0 3809    0    0 5468 5468 3614 3614    0    0 5468 5468
 4890 5468    0 5468    0 6363 5606 2300  945 2370 2300  945  569 1722
    0    0    0    0    0    0    0    0    0    0  945    0    0    0
    0    0    0 3691 3691    0    0 5716 5716 5716 5716 5716 5716 5716
 3335 2300 3335 3335 3335    0    0    0 3335    0    0 3335 5716 5716
 5716 5716 5716 5716 5716 5716 2300 5716 6848    0 5716 5716 5716 6848
 5716 5716 6848 6848   82   82 5716 5716 6848 6848   82    0 6848 6848
 6848 5716 5716 5716 2300    0 3369    0    0    0    0    0 6685  397
    0    0    0    0    0    0    0    0    0    0    0    0    0    0
    0  569    0    0    0    0    0    0    0    0    0    0    0    0
    0    0    0    0    0    0    0    0    0    0    0 1463    0 1463
 1463    0    0    0    0    0    0    0    0    0    0    0 5674 5674
    0    0    0 3335    0    0    0    0    0    0 3335 3335    0    0
 2300    0 3335    0    0    0    0    0    0 5733    0    0    0    0
    0    0  945    0    0    0    0    0    0    0    0    0    0    0
    0    0    0    0    0    0    0    0    0    0    0    0    0    0
    0    0    0    0    0    0    0    0    0    0    0    0    0    0
    0    0 3828    0    0    0    0    0    0]","[     0      0      0      0      0      0      0  54395  54395  54395
  54395      0      0      0      0      0      0      0 226585 226585
 264830      0      0      0      0      0      0      0      0      0
      0      0      0      0      0 370953 469348 370953      0 469348
 205249      0      0 205249      0      0      0      0      0      0
 444529      0 444529      0      0      0      0      0      0      0
      0      0      0      0      0      0 158811      0  22263 153551
 332274      0 332274  22263 153551 332274 332274      0      0      0
 221836  54395  54395  54395  54395  54395      0 168980  82162      0
 214635 214635      0      0      0      0      0      0  29830      0
      0      0      0  43533      0 370246      0 413907      0 167358
 142058      0      0      0      0      0      0      0      0      0
      0      0      0      0      0      0 479423 479423      0  96946
  96946      0      0      0      0      0      0      0      0      0
      0      0      0 237588 237588      0 338604 338604      0      0
      0      0      0      0      0      0      0      0 125776 125776
      0      0      0      0      0      0      0      0 431895      0
      0      0      0      0 489369      0      0      0      0      0
      0      0 210956      0      0      0      0      0 432495      0
      0      0      0      0  10881 210233      0      0      0      0
      0      0      0      0      0      0      0      0      0      0
      0 456938      0      0      0      0      0      0      0      0
      0      0      0      0      0      0      0      0      0      0
      0      0      0      0      0      0      0      0      0      0
      0      0      0      0  59055      0      0     -1     -1      0
      0      0      0      0      0  13951      0      0      0      0
      0      0  13951  13951      0      0      0      0  13951      0
      0      0      0      0      0      0      0      0      0      0
      0      0      0      0      0      0      0      0      0      0
      0      0      0      0      0      0      0      0      0      0
      0      0      0      0      0      0      0      0      0      0
      0      0      0      0      0      0      0      0      0      0
      0      0      0      0  16987      0      0      0      0      0
      0]","[15  5  5  5  5  6  6  0  0  0  0  6  5  5  0  5  6 15  0  0  0  0  0  0
 11  0  0  0  0  0  0  0  0  0  0  0  0  0  0  0  0  0  0  0  0  0  0  0
  0  0  0  0  0  0  0  0  0  0  0  0  0 15  0  0  0  0  0  0  0  0  0  0
  0  0  0  0  0 15  0  0  0  0  0  0  0  0 10  0  0 15  0  0  0  0  5  0
  0  0  0  0  6  0  5  0  0  0  0  0  0  0  0  0  5  5  6 15 15 15  5 15
  6  6  0  5  5 15  0  0 15  0  0 15  5  0  0  0  0  0  0  0  0  0  0  0
  0 15  0  0  0 15 15  0  0  0  0  0  0  0  0  0  0  0  0  5  0  0  0  0
  0  0  0  0  0  0  0  0  0  0  0  0  0  0  0  0  0  0  0 26  0 26 26 26
 26 15  0  0  5  5  0 15 26 15 15  5  5  5  5  5  5 15 15  0 15  5  5  5
 15  5 15 15 15 15 15 15 15 15 15  0 15  6 15 15 15 15 15  0  0  0  0 15
 15 15 15 15  0  5 10  5  5 15  0  0 11 11 15  0 15 15  5 26 26 15  0  0
  6 15  0 15  0 15 15 15 15 15 15  0 15 11 11 11 11 15  0 11 26 26 15 26
 15 26 15 15 15  5 26 26 26  5 15  5  5  5  5  5  5  5  5  5  5 26  5 15
  0 15 15 15  0  0 26  1  1 15  5  1 15  5  5  5 15 26 15]","[     0      0      0      0      0      0      0     -1     -1     -1
     -1      0      0      0      0      0      0      0 130360 130360
  35896  37167  37167  37167      0  71781  71781  92695  92695  38960
  38960  38960  38960  38960  38960  38960  38960  38960  38960  38960
  38960  38960  38960  38960  38960  38960  38960  37167  37167  37167
  37167  37167  37167  37167  37167  37167  37167  37167  37167  37167
  37167      0 121742 121742     -1     -1     -1     -1     -1 135798
     -1     -1     -1     -1 135798     -1     -1      0  62676     -1
  62676  23553  23553  23553  23553  23553      0     -1     -1      0
  62001  62001  37167  37167      0     -1     -1 113195     -1     -1
      0     -1      0     -1     -1     -1     -1     -1     -1     -1
     -1     -1      0      0      0      0      0 116591      0      0
      0      0  59689      0      0      0     -1     -1      0     -1
     -1      0      0     -1     -1     -1     -1     -1     -1     -1
     -1     -1     -1     -1     -1      0   2925   2925     -1      0
      0     -1     -1     -1     -1     -1     -1     -1     -1     -1
     -1     -1     -1      0  17478     -1     -1     -1     -1     -1
     -1     -1     -1     -1     -1     -1     -1     -1     -1     -1
     -1     -1     -1     -1     -1     -1     -1      0 108698      0
      0      0      0      0     -1     -1      0      0      0      0
      0      0      0      0      0      0      0      0      0      0
      0     -1      0      0      0      0      0      0      0      0
      0      0      0      0      0      0      0  37167      0      0
      0      0      0      0      0 108572 108572 108572 108572      0
      0      0      0      0  71381      0      0      0      0      0
  38834  38834      0      0      0     -1      0      0      0 134386
 134386      0     -1     -1      0      0   2117      0     -1      0
      0      0      0      0      0     -1      0      0      0      0
      0      0  75381      0      0      0      0      0      0      0
      0      0      0      0      0      0      0      0      0      0
      0      0      0      0      0      0      0      0      0      0
      0      0  96346      0      0      0  25503     -1  55625      0
      0      0      0      0      0      0      0      0      0      0
      0]","[123 151 151 151 151   0   0   0   0   0   0 110 151 110   0 151   9   0
   0   0   0   0   0   0  86   0   0   0   0   0   0   0   0   0   0   0
   0   0   0   0   0   0   0   0   0   0   0   0   0   0   0   0   0   0
   0   0   0   0   0   0   0 117   0   0   0   0   0   0   0   0   0   0
   0   0   0   0   0  57   0   0   0   0   0   0   0   0   4   0   0 151
   0   0   0   0 151   0   0   0   0   0  26   0  62   0   0   0   0   0
   0   0   0   0 110 151 151  41 110 110 150  87  86  86   0 150 110 151
   0   0 150   0   0   4 151   0   0   0   0   0   0   0   0   0   0   0
   0 151   0   0   0 150 151   0   0   0   0   0   0   0   0   0   0   0
   0 151   0   0   0   0   0   0   0   0   0   0   0   0   0   0   0   0
   0   0   0   0   0   0   0 132   0 132   9 132 132 151   0   0 151 151
 151  60 151 151 151 151 151 151 150 151 151 110 110   0 110 150 151 151
 110 150  57  57 110 110 110 110 110 151 110   0 110 152 110 110 110 110
 110   0   0   0   0 110 110 110 110 110   0 151   4 110 110 110   0   0
 109 109 110   0 110 110 151 152 152 110   0   0   6 110   0 110   0 110
 110 110 110 110 110   0 110 109 109 109 109 110   0 109 153 153 109 109
 109 109 109 109 110 151 151 110 110  92 110 151 151 151 151 151 151 151
 151 151 151 152 151 110   0 110 110 110   0   0  44 103 103 110  92 103
  25 151 151 151 110 151 110]","[4297 1242  555  555  555    0    0    0    0    0    0  355  555  355
    0 2676 1279    0    0    0    0    0    0    0 2747    0    0    0
    0    0    0    0    0    0    0    0    0    0    0    0    0    0
    0    0    0    0    0    0    0    0    0    0    0    0    0    0
    0    0    0    0    0 2084    0    0    0    0    0    0    0    0
    0    0    0    0    0    0    0  818    0    0    0    0    0    0
    0    0    0    0    0  555    0    0    0    0 3547    0    0    0
    0    0  169    0 1998    0    0    0    0    0    0    0    0    0
  355  555 2091  297  355  355  450 3208 3999 3999    0  450  355 4094
    0    0  450    0    0 3216 3547    0    0    0    0    0    0    0
    0    0    0    0    0  863    0    0    0  450 1905    0    0    0
    0    0    0    0    0    0    0    0    0  555    0    0    0    0
    0    0    0    0    0    0    0    0    0    0    0    0    0    0
    0    0    0    0    0 2575    0 2575 1279 2575 2575 3547    0    0
 3547 3547 3547  852  555 3547 3547 3547  555  555  450  168 3547 1798
 1798    0 1798  450  168  168 1798  450 1353 1353 1798 1798 1798 1798
 1798 1531 1798    0 1798 2017 1798 1798 1798 1798 1798    0    0    0
    0 1798 1798 1798 1798 1798    0  168 3216 1795 1795 1798    0    0
  943  943 1798    0 1798 1798 3946 2017 2017 1798    0    0  978 1798
    0 1798    0 1798 1798 1798 1798 1798 1798    0 1798  943  943  943
  943 1798    0  943    0    0 2326 2326 2326 2326 2326 2326 1798  168
  168 1798 1798  313 1798 3946 3946 3946 3946 3946 3946 3946 3946 3946
 3946 2017 3946 1798    0 1798 1798 1798    0    0 2437  416  416 1798
  313  416 2617 3213 3213 3213 1798  168 1798]","[11048  6009 10565 10565 10565     0     0     0     0     0     0  2418
 10565 11580     0  3648     0     0     0     0     0     0     0     0
  3151     0     0     0     0     0     0     0     0     0     0     0
     0     0     0     0     0     0     0     0     0     0     0     0
     0     0     0     0     0     0     0     0     0     0     0     0
     0  1018     0     0     0     0     0     0     0     0     0     0
     0     0     0     0     0     0     0     0     0     0     0     0
     0     0     0     0     0 10565     0     0     0     0  5426     0
     0     0     0     0     0     0  4915     0     0     0     0     0
     0     0     0     0  9601 10565  3380     0     0  9601  9244  4088
 11278 11278     0  9244  9601  1941     0     0  9244     0     0  3072
  5426     0     0     0     0     0     0     0     0     0     0     0
     0  6889     0     0     0  9244     0     0     0     0     0     0
     0     0     0     0     0     0     0 10565     0     0     0     0
     0     0     0     0     0     0     0     0     0     0     0     0
     0     0     0     0     0     0     0 10374     0 10374  9185 10374
 10374  5426     0     0  5426  5426  5426     0 10565  5426  5426  5426
 10565 10565  9244  2329  5426  2265  2265     0  2265  9244  2329  2329
  2265  9244     0     0  2265  1129  2265  2265  2265     0  2265     0
  2265  8639  2265  2265  2265  2265  2265     0     0     0     0  2265
  2265  2265  2265  2265     0  2329  3072     0     0  2265     0     0
     0     0  2265     0  2265  2265     0     0     0  2265     0     0
  8992  2265     0  2265     0  2265  2265  2265  2265  2265  2265     0
  2265     0     0     0     0  2265     0     0     0     0  8631     0
  8631     0  8631  8631  2265  2329  2329  1129  1129  1066  2265     0
     0     0     0     0     0     0     0     0     0  6608     0  2265
     0  2265  2265  2265     0     0     0     0     0  2265  1066     0
  3864     0     0     0  1129  2329  2265]","[234105  72758      0      0      0      0      0      0      0      0
      0 159955      0      0      0      0      0      0      0      0
      0      0      0      0      0      0      0      0      0      0
      0      0      0      0      0      0      0      0      0      0
      0      0      0      0      0      0      0      0      0      0
      0      0      0      0      0      0      0      0      0      0
      0  39854      0      0      0      0      0      0      0      0
      0      0      0      0      0      0      0 188242      0      0
      0      0      0      0      0      0      0      0      0 211442
      0      0      0      0  21762      0      0      0      0      0
      0      0  65794      0      0      0      0      0      0      0
      0      0  81613      0  53618 188242      0      0  72758      0
      0      0      0      0  81613  73380      0      0 115732      0
      0 100266  21762      0      0      0      0      0      0      0
      0      0      0      0      0 156555      0      0      0 115732
  21762      0      0      0      0      0      0      0      0      0
      0      0      0      0      0      0      0      0      0      0
      0      0      0      0      0      0      0      0      0      0
      0      0      0      0      0      0      0 147782      0 147782
      0 147782 147782 211442      0      0  72758  72758      0 130019
      0 115732 115732      0      0      0      0  70720      0      0
      0      0      0  72758  86027  86027      0      0 188331 188331
      0      0      0      0      0  21762      0      0      0      0
      0      0      0      0      0      0      0      0      0      0
      0      0      0      0      0  86027 100266      0      0      0
      0      0 181624 181624      0      0      0      0  44340 101619
 101619      0      0      0      0      0      0      0      0      0
      0      0      0      0      0      0      0 181624 181624 181624
 181624      0      0 181624 134998 134998  59259 126842  59259 126842
  59259  59259      0  86027  86027  82399  82399 229104      0  44340
  44340  44340  44340  44340  44340  44340  44340  44340  44340  30026
  44340      0      0      0      0      0      0      0 204115 194947
 194947      0 229104 194947  44881  68999  68999  68999      0  86027
      0]","[1772587337 1772060430 1771586565 1771586062 1771586052 1771582791
 1771582209 1771232104 1771232074 1771198093 1770186153 1770113232
 1770037545 1769822181 1769818351 1769790550 1769641847 1769522705
 1769348387 1769100370 1768691855 1768324810 1768014027 1767982702
 1767874823 1767535196 1767316672 1767018115 1766990251 1766961308
 1766949630 1766910725 1766896059 1766894878 1766673352 1766358801
 1766285482 1766285446 1766285434 1766285361 1766232392 1766231640
 1765800154 1765620825 1765473275 1765473191 1765370547 1764804243
 1764157215 1764128429 1763941171 1763891092 1763851246 1763367183
 1763331159 1763331150 1763330485 1763330421 1763202989 1762974066
 1762698933 1762596031 1762585783 1762504425 1762388571 1762352298
 1761426915 1761401834 1761401772 1761401596 1759869586 1759416480
 1759028291 1758959743 1758871043 1758870948 1758742065 1758594306
 1757904276 1757561519 1757561207 1757543085 1757486668 1757486658
 1757482110 1757482074 1757250876 1757250788 1757250270 1757250237
 1757249304 1757249244 1757249118 1757249060 1757249030 1757249020
 1757248927 1757217476 1757217235 1757217088 1757217032 1755924733
 1755864023 1755721125 1755387156 1755255533 1754992877 1754472579
 1753965202 1753691106 1753683510 1753512543 1753488807 1753355177
 1752832993 1751723449 1751723413 1751686822 1751686753 1751586035
 1751563077 1751550750 1751292284 1751069244 1750692287 1750419178
 1749867725 1749686513 1749686504 1749686485 1749480903 1749357497
 1749263222 1749023556 1748997293 1748905308 1748744165 1748744142
 1748551103 1748515540 1748503865 1748162191 1748073527 1748014652
 1747961253 1747810654 1747720305 1747713614 1747643194 1747524934
 1747487923 1747398497 1747397678 1747397256 1747397175 1747397141
 1747397056 1747397037 1747397027 1747226214 1747197820 1747065270
 1747065260 1746583210 1746583200 1746583194 1746221649 1745700633
 1745699566 1745365784 1744900646 1744807481 1744658876 1744644756
 1744512182 1744448668 1744448655 1744001472 1743511426 1743505943
 1743505829 1743505342 1743417430 1743245160 1743245157 1743245152
 1743223150 1743213724 1743213698 1743207095 1742510484 1742510461
 1742400828 1742278898 1741921773 1741777659 1741581927 1741581816
 1741351858 1741351798 1741351597 1741347265 1740181941 1739893988
 1739893962 1739683240 1738848818 1738636540 1738565794 1738393603
 1738369979 1738369977 1738278149 1738278143 1738249201 1738249199
 1737708659 1736844252 1736119316 1736037599 1736037595 1735598738
 1735598733 1735285744 1735001379 1735001311 1734888106 1734614509
 1734561962 1734532011 1734419822 1734419816 1734098510 1733726526
 1732926030 1732926025 1732600074 1732547896 1732490354 1732316239
 1732239249 1732129204 1732129190 1732129181 1732129175 1732099677
 1731889727 1731595868 1731540855 1731478999 1731284758 1731224064
 1731223999 1731223960 1730946209 1730946001 1730945990 1730945985
 1730945982 1730945855 1730887328 1730800892 1730716436 1730714932
 1730712634 1730712280 1730616058 1730280313 1730280288 1730251604
 1730194227 1730194210 1730194173 1730194102 1730193995 1730082733
 1729603244 1729570846 1729551239 1729141149 1729058115 1728611044
 1728462511 1726641324 1726155979 1726006806 1725895368 1725615171
 1725615167 1725576236 1724651906 1724626167 1724626162 1724626143
 1724090993 1723860195 1723698923 1723569158 1723463179 1723267322
 1723245088 1722840204 1722131704 1722131632 1721866972 1721757391
 1721610007 1721481927]","[31 31 31 31 31 10 31 53 31 31 31 31 31 31 31 31 53 31 31 31 31 31 31 31
 31 31 31 31 31 31 31 31 31 31 31 31 31 31 31 31 31 31 31 53 65 31 31 31
 31 31 31 31 31 31 31 31 31 31 31 31 31 31 31 31 31 31 31 31 65 31 31 31
 31 31 31 31 31 31 31 31 31 31 31 31 31 31 31 31 31 65 31 31 31 31 31 31
 31 65 31 31 31 31 31 31 31 31 31 31 31 31 31 31 31 31 31 31 31 31 31 31
 31 31 31 31 31 31 31 31 31 31 31 31 31 31 31 31 31 31 31 31 31 31 31 31
 31 31 31 31 31 31 31 31 62 31 31 31 31 31 31 31 31 31 31 31 31 31 31 31
 31 31 31 31 31 31 31 31 31 31 31 31 31 31 31 31 31 31 31 31 31 31 31 31
 31 31 31 31 10 31 31 31 31 31 31 31 31 31 31 31 31 31 10 31 62 31 31 31
 31 31 31 62 31 62 31 31 31 31 31 31 31 31 62 31 31 31 62 31 31 31 31 31
 31 31 31 31 31 31 31 31 31 31 31 31 20 31 62 31 31 31 31 31 31 31 31 31
 62 31 31 31 31 31 31 54 31 31 31 31 31 31 31 31 31 31 31 31 31 31 31 62
 31 31 31 31 31 31 31 31 31 31 31 31 31 31 10 31 31 31 31 31]","[2143480   90915 5859426 5300713 5300713 5198567 5198567 5300713 5300713
   90915 2874714 2378408 5791072 5700768 4323938 5153173 4008461 5650678
 5547414 4323938 2852040  545875 4259847 2370577 4259847 5590887 4568263
 3041655 5487710 5487710 5487710 4064216 1060811 5926447 1344507 2204475
 1862537 1862537 1862537 1862537  958449 3737671 5084693 4397133 4008629
 4008629 2895252  574750   73429 4106216  246124  778372 1203005 2782664
 4341291 4341291 4806623 4806623 5650268 4018843 3839868 4875101  714713
 3788688 2204054 3009780  263897 3781615 3781615 3781615 6059112 3539707
  539863 3150339 1541385 1541385  764491  137679 2970766 6016537 3159655
 2159013 5037526 5037526 2035376 2035376  115124  115124 1997551 1997551
 1997551 1997551 1997551 1997551 1997551 1997551 1997551 1940295 1940295
 1940295 1940295 5053351 2010846 2369289 1266161 2436312 3925181  255381
  237027 2979082 4139469 6145444 2010846 1582745 1166501 6195814 6195814
  427609  427609 3484750 3259768 3399922 3982050 1835914 1196047 5103204
 4265346 1372945 1372945 1372945 6200672 6231146   50065 3861522  139351
 3861522 1809408 1809408 3450632  917425 3131537 3131537 3131537 2211386
 4963588 5813536 1458914 5218415 3131537 5089644 3131537  238840    2205
 6146387  509027 3065396    2205 3049799 2304387 5703655 3055801 3131537
 3131537 1230527 1230527 1230527 4099649 5261562 5428571 3399922 3978816
 4386113 3450686 1989724 2497405 3399922 3399922 6062228 5238723 4141521
 4141521 2229931 4512048 3049799 3049799 3049799 3293874 1203005 1203005
 1203005 4112323 4112323 1921131 5468163 3645558 3583127 3069737 3069737
 4570567 5551717 4429286 3399922 6049262 4969597 4969597 3944876 4106216
 1104394  408597 4592610 4656000 4656000 1193748 1193748 2402179 2402179
 2597305 2500332 2313547 4440582 4440582  796847  796847 5936003 3891476
 3396418 6183656 5204980 5496410  806345  284682  284682  438560 2610327
  948225  948225 3135303 5957491 4358844 6092928 3205351 1944326 4724289
 4724289 4724289 2459825 5934217 2459825  307599 6092928  974566 3950072
 3950072 3950072 2654950 3883045 1738950 5169702 1944326 2654950 5108056
 5026033 3950072 5682597 2654950 2654950 5068561 5108056 5108056 2206876
 5156609 5156609 5156609 5156609 5156609 5156609 4829282 1757735  823177
 2594085 4846256 1591999 3776366 4846256 2174682 3436102 1517683 1742731
 1742731 4913890  827589 5112539 5112539 5112539 4327187  427622 3457398
 4375549 4254370 6075875 5870654 3388448 3539479 3539479 1947700 1820976
  883608 5156609]","[ 42 575 575 575 575 187 187 575 575 786 386 386  64 316  42 154 154 154
 326  42 487 228 595 318 595 828 595 154 386 386 386 386 828 828 154 154
 154 154 154 154 154 154 154 842 154 154 211 106 154 154 154 154 316 154
 513 513 513 513  55 386 154 154 336 336 828 828 211 154 154 154 154 487
 154 154 386 386 272 850 850  56  56  72 476 476  56  56 386 386 386 386
 386 386 386 386 386 386 386  56  56  56  56 772 156 632 828 850 211 228
 386 123  55 386 156 621 316 326 326 326 326 326 326 425 154 799 154 154
 607 386 386 386  90 154  78  78 154  78 154 154 154  90 156 156 156 154
 588 807 476 154 156 386 339 386 656 326 316 316 656 656 656  42 344 156
 156 386 386 386  42 154 154 228 154 323  56  42 228 228 228 505 326 326
 326 326 280 656 656 656 526 316 316 316 154 154 326 526  90 476 851 851
 517 316  69 228 815 815 815 154 154 228 687 729 323 323 151 151 487 487
 228 810  42 569 569 151 151 828 687 687 810 155  64 386 151 151 815  42
 151 151 154  90 799 278 810 154 810 810 810 155 376 155 683 278 376 462
 462 462  91  91  91 106 154  91 155  42 462 154  91  91 159 155 155 324
 782 782 782 782 782 782 799 449 799  38 687 629 291 687  69 652 828 151
 151 382 687 575 575 575 517 154 386 348 154 154 266 259 531 531  42 487
 154 782]","[   0 3742 3742 3742 3742 5519 5519 3742 3742    0 6410 6410 2802    0
    0    0    0 6652  179    0    0    0    0    0    0 2418    0 5458
 5262 5262 5262 2423 2418 2418 4462    0 5676 5676 5676 5676 5676    0
 5676    0 4462 4462    0 1238    0 1251  679  679    0 3763    0    0
    0    0    0  757 1915 3210    0    0    0    0    0 5676 5676 5676
    0    0 6652 6652 1403 1403    0    0    0    0    0    0    0    0
  708  708  954  954  734  734  734  734  734  734  734  734  734  708
  708  708  708    0    0    0    0    0    0    0 5558    0    0 1403
    0    0    0  179  179  179  179  179  179    0    0    0 2062    0
    0 3984 3984 3984    0 4462  934 3672    0 3672    0    0 2062    0
    0    0    0   -1    0    0 4313   -1    0 2388    0 3762    0 6495
    0    0    0    0    0    0    0    0    0 5786 5786 5786    0   -1
   -1    0    0    0  708    0    0    0    0    0 2934 6842 6842  276
    0    0    0    0    0    0    0    0 4462 4462  276    0    0    0
    0    0 2979    0    0    0    0    0    0    0    0    0    0    0
    0    0    0    0    0    0    0    0    0    0    0    0    0   -1
    0    0    0    0 1599 3171    0    0    0    0    0    0 2005    0
    0    0    0    0    0    0    0    0    0    0    0    0    0    0
    0    0    0    0    0 2375    0    0    0    0    0   -1    0    0
    0    0    0    0    0    0    0    0    0    0    0  108    0    0
    0    0    0    0    0    0    0    0    0    0    0 4822 4822 4822
 2759  182 5627    0 6213    0    0    0 5748 5748    0    0 5394    0]","[1 2 2 2 2 2 2 2 2 2 2 2 2 1 2 2 2 2 2 2 2 2 2 2 2 2 2 2 2 2 2 2 2 2 2 2 2
 2 2 2 2 2 2 2 2 2 2 2 2 2 2 2 2 2 2 2 2 2 2 2 2 2 2 2 2 2 2 2 2 2 2 2 2 2
 2 2 2 2 2 2 2 2 2 2 2 2 2 2 2 2 2 2 2 2 2 2 2 2 2 2 2 2 2 2 2 2 2 2 2 2 2
 2 2 1 2 2 2 2 2 2 2 2 2 2 2 2 2 2 2 2 2 2 2 2 2 2 2 2 2 2 2 2 2 2 2 2 2 2
 2 2 2 5 5 5 5 5 5 5 5 5 2 2 2 2 2 2 2 2 2 2 5 5 2 2 2 2 2 3 2 2 2 2 2 5 5
 5 2 2 2 2 2 2 2 2 2 2 2 2 1 1 1 2 5 2 2 2 2 2 2 2 2 2 5 5 2 2 2 5 2 5 5 5
 5 1 2 2 5 2 2 2 5 5 2 5 5 5 5 2 2 2 5 5 5 5 5 2 2 2 2 2 2 2 2 2 5 5 5 5 5
 5 2 2 2 5 5 5 5 2 2 2 2 2 2 2 2 2 2 1 2 2 2 2 6 2 2 2 1 5 5 2 2 2 2 2 2 2
 5 2 2 2 2 5 2 2 2 2 5 2]","[1 1 1 1 1 1 1 3 1 1 1 1 1 1 1 1 3 1 1 1 1 1 1 1 1 1 1 1 1 1 1 1 1 1 1 1 1
 1 1 1 1 1 1 3 1 1 1 1 1 1 1 1 1 1 1 1 1 1 1 1 1 1 1 1 1 1 1 1 1 1 1 1 1 1
 1 1 1 1 1 1 1 1 1 1 1 1 1 1 1 1 1 1 1 1 1 1 1 1 1 1 1 1 1 1 1 1 1 1 1 1 1
 1 1 1 1 1 1 1 1 1 1 1 1 1 1 1 1 1 1 1 1 1 1 1 1 1 1 1 1 1 1 1 1 1 1 1 1 1
 1 1 1 1 1 1 1 1 1 1 1 1 1 1 1 1 1 1 1 1 1 1 1 1 1 1 1 1 1 1 1 1 1 1 1 1 1
 1 1 1 1 1 1 1 1 1 1 1 1 1 1 1 1 1 1 1 1 1 1 1 1 1 1 1 1 1 1 1 1 1 1 1 1 1
 1 1 1 1 1 1 1 1 1 1 1 1 1 1 1 1 1 1 1 1 1 1 1 1 1 1 1 1 1 1 1 1 1 1 1 1 1
 1 1 1 1 1 1 1 1 1 1 1 1 1 1 1 1 1 1 1 1 1 1 1 1 1 1 1 1 1 1 1 1 1 1 1 1 1
 1 1 1 1 1 1 1 1 1 1 1 1]","[ 525026  789853  789853  789853  789853  956826  956826  789853  789853
  789853  956826  789853  956826   32478  956826  789853  789853  789853
  789853  956826  956826  956826  789853  789853  789853  789853  878081
  789853  789853  789853  789853  747893  789853  789853  789853  789853
  956826  956826  956826  956826  789853  789853  789853  789853  789853
  789853   47432  789853  789853  956826  956826  789853  747893  789853
  789853  789853  789853  789853  956826  789853  789853  789853  956826
  956826  789853  789853  789853  789853  789853  789853  789853  789853
  789853  789853  747893  747893  789853  956826  956826  956826  956826
  956826  789853  789853  789853  789853  789853  789853  789853  789853
  789853  789853  789853  789853  789853  789853  789853  789853  789853
  789853  789853  789853  956826  167269  789853  878081  956826  956826
  789853  956826  956826  747893  956826  525026   16797  789853  789853
  789853  789853  789853  789853  956826  789853  878081  789853  789853
  878081  789853  789853  789853  956826  789853  789853  789853  789853
  789853  789853  789853  789853  956826  956826  956826  956826  789853
  789853  956826   47432  789853  956826  789853  956826  521713  576897
  576897  576897  760627  576897  576897 1042507  798552  956826  956826
  956826  789853  789853  789853  956826  789853  789853  956826 1040618
 1121593  789853  956826   16197  956826  956826  181154  789853  789853
  789853  789853  956826  558537  895386 1089507  956826  789853  789853
  789853  789853  789853  789853  956826  956826  789853   16797   16797
  914145  914145  914145  956826  226807  789853  789853  789853  956826
  956826  956826  747893  332945  332945  226807  226807  789853  789853
  956826  226807  956826  630725  630725  662202  662202  525026  956826
  956826  242746  956826  789853  956826  226807  226807  789853 1114410
  226807  226807  630725  956826  789853  956826  226807  959077  959077
  959077  959077  956826  956826  956826  789853  956826  956826  956826
  956826  956826  707498  707498  461543  461543  707498  707498  956826
   16797  956826  919529  824049  824049  226807  956826  956826  956826
  956826  956826  956826  956826  956826  956826  789853   32478  789853
  956826  956826  956826  714104  956826  789853  789853  525026  606383
  606383  956826  956826  956826  956826  956826  789853  956826  226807
  789853  956826  956826  956826  226807   47432   47432  956826  789853
  630725  956826]","[ 818  769  769  769  769 2330 2330  769  769 1714 1325 1325   33 1706
  293  839  839  453 2203  293 1495 1447 1449  128 1449 2110 1449 1227
 1325 1325 1325 1325 2110 2110  839  839  839  839  839  839  839  839
  839 2231  839  839  906 1301  839  839  839  839    0  839 1297 1297
 1297 1297 2654 1325 2014  453 2564 2564 2110 2110 1842  839  839  839
  839 1734  453  453 1325 1325  112 1880 1880  464 2062 2235 1089 1089
 1396 1396 1325 1325 1325 1325 1325 1325 1325 1325 1325 1325 1325 1396
 1396 1396 1396  391 1071 2142 2110 1880 2396 2797 1670 2732 2654 1325
 1071    0    0 2203 2203 2203 2203 2203 2203 1710  839 2105  839  839
    0 1325 1325 1325 2318  839  578 2308  839 2308  839  839  839 2318
 1071 1071 1071  839 1306 2287 2745  839 1071 2813 1388 1670    0 2366
    0    0    0    0    0  818 1969 1071 1071 1325 1325 1325  293  839
  839 2797   46 1593 1396  293 2797 2797 2797   17 2203 2203 2203 2203
 1853    0    0    0  116    0    0    0  839  839 2203  116 2318 1089
 1675 1675  999 1706 2502 2797 2767 2767 2767  839    0 2797 2253 2759
    0    0 2403 2403 1734 1734 2797 1237  293    0    0 2403 2403 1421
  171  171 1006 2965 1539 1643 2403 2403 2767  818 2403 2403 2711 2318
 2105 2306 2697   46 1237 1237 1237 2965 2791 2965 2235 2306 1013 1142
 1142 1142 1392 1392 1392 1301   46 1392 2965  818 1142   46 1392 1392
 2897 2965 2965  825 2770 2770 2770 2770 2770 2770 2754  990 2105 1075
  171 2813    0  171 2502 2683 1421  843  843  981  171  189  189  189
  999  453 2813 2764 1987   46 1954 2033 2089 2089  350  819  839  380]","[      0       0       0       0       0  205444  205444       0       0
       0 1062243  497498  603706  767838       0  551736  551736  792712
  960680       0       0       0 1031195  259895 1031195  584662  947029
   86068  513650  513650  513650  922841   23375 1015415    7973  970867
  579060  579060  579060  579060  929503  556711  579060       0    7973
    7973       0 1030902       0       0  366987  366987       0  787064
  455936  455936  330110  330110  235480 1045337  951806  546787  245751
  814207  513720  513720       0  929503  929503  929503  462099       0
   49672    2787       0       0  440807  140574   82361       0       0
 1022110       0       0       0       0  497582  497582       0       0
       0       0       0       0       0       0       0       0       0
       0       0       0  543654       0   23375  108414       0       0
  583460  256582  772207  184698  543654       0  972839  277442  277442
  697987  697987  960680  277442 1020862  779342  939820  698710 1012531
       0   50139   50139   50139       0 1050955  315006   11623  622092
  381102  904106  904106   42671       0  543654  543654  543654   28977
       0  127893  266151  980989  543654  305629       0  566689  817762
  970849  486332  279684  817762 1000570 1000570       0       0  543654
  543654  470358  470358  470358       0  840650  840650       0  444328
  947439       0       0       0       0       0  855818  177351  251894
  251894  627005       0 1000570 1000570 1000570  101426       0       0
       0  133998  133998  484228  101426       0  812443  866838  866838
 1013843  767838       0       0       0  666710  666710  828864       0
       0       0  841800       0       0       0       0   12717   12717
       0       0       0       0       0       0       0  290965       0
       0  902105       0       0       0       0       0  666710       0
       0       0  564424       0  998625       0       0  946430       0
       0       0       0  884718       0       0       0  971913       0
       0       0  946211  946211  946211  288332       0  946211       0
       0       0  535432  946211  946211       0       0       0  902061
       0       0       0       0       0       0  484878  213141  227563
       0       0  836880       0       0       0       0  671565       0
       0       0       0  957891  957891  957891   93327  496982       0
  670668       0  955829  514864  153200  922714  922714       0  402850
 1058657  146694]","[9049 7406 7406 7406 7406 3728 3728 7406 7406 4185 3524 3524 6896 6252
    0 2793 2793 1331 4496    0    0  296    0 9555    0 6941 1774 2930
 1351 1351 1351 1351 6941 6941 1130 8810 5313 5313 5313 5313 5313 4006
 5313 8113 1130 1130    0 8919 5065 4231 2791 2791    0 5313  144  144
  144  144 2091 3524 6892 9180  572  572 3682 3682    0 5313 5313 5313
 4638    0 1331 1331 1351 1351 2492 5990 5522 1484  187 7215 8581 8581
 7200 7200 1351 1351 1351 1351 1351 1351 1351 1351 1351 1351 1351 7200
 7200 7200 7200    0 5202    0 3682 6708    0 9369 6108 3960 4365 1351
 5202    0    0 4496 4496 4496 4496 4496 4496 3887 8535 7239 9384 9096
    0 4708 4708 4708    0 1130 7257 7154 8535 7154 8810 8810 9384    0
 5202 5202 5202 8810 3351  582 5461 8535 5202 4999 6443 7242    0 9603
    0    0    0    0    0 4073 7603 5202 5202 1351 1351 1351    0 8810
 8810  693 2457 8607 7200    0 9369  693  693 8680 4496 4496 4496 4496
 9540    0    0    0    0    0    0    0 1130 1130 4496    0    0 8581
 7762 7762 7792 6252    0  693 8818 9301 9301 9144    0  693    0    0
    0    0    0    0    0    0 9369    0    0    0    0    0    0   -1
    0    0    0 3747 3159 4725    0    0 9301 4073    0    0  756    0
  171 8153    0 4066    0    0    0 3379    0 3379 4592 8153    0 9246
 9246 9246 6890 6890 6890 4887 2457 6890 3747 9049 9246 2457 6890 6890
 5155 3747 3747 2957   98   98   98   98   98   98 1672 5959 7719 6998
    0    0    0    0    0 5406    0    0    0    0    0 1974 1974 1974
 7792 1331 7285 1186 8457 2457  471 6913  719  719 6129    0 1130 5562]","[ 31750897   5584734  79791269  10204092  10204092  79593973  79593973
  90007204  90007204  59193795  13648559  69047556 101362432 100742316
  43755230  21696966   7168209  25505534  17192512  63183882  75413504
  95860754  12313496  50090058   5783139  55875577  87869366  55942246
  81682388   4344391  60046006  68870610  70972641  15751841  16923443
  30765858   9608065   9608065   9608065   9608065  76130359  15627052
  22566599 103471468  17431547  17431547   3143062  51928235   7088653
   7672994 161771378  54308143  33352062  64096924  46610659  46610659
  84290557  84290557  28869733   2297056  15787901  18187393 107080082
 104071152 264136600 115603682  83102875  75827203  75827203  75827203
  83250602  50678705  94713619 183732627 262740564 262740564  44990147
  50657800  52118750  52653161  59023358  86670979  61119177  61119177
  71114610  71114610  66205168  66205168  26941422  26941422  26941422
  26941422  26941422  26941422  26941422  26941422  26941422 103494886
 103494886 103494886 103494886  78588579  26860370    690727  85638126
  87884615  13894667  99187022  92437644   1415525  44223871   9257299
 103642682 107624750   4846591 178869112 178869112  79590941  79590941
 270805479  21331034  55836931  93101753 105387515  77325102  45574095
  23202347  81599443  81599443  81599443  25185445 263511785 277921787
  21201603 107876934   2843558  52834009  52834009  43392503  39422939
  63225022 107306075  28904513  56275784  93200292  48846583 103483323
  97802432 107306075 142579656  77559448  95596651 105346278 220548611
   4955783  64950329 105346278  42532639    768283   5526489  85023425
 107306075 107306075  64394753  64394753  64394753 107174431  73557153
  93735275  23844183  21238590  49541546  73210833  60607485  49406086
 108755744 108755744 195357159  24432487  42499827  42499827  65245348
  80490303  86319845  45389542  45389542  66309555 133941387 133941387
   6166670  59340016  59340016 106370010  77081687 220026471  17123202
  91653683  91653683  52454240 185647511  77756626 107141966 135383594
  82125062  82125062  51298541   7073956  63690644  82885567  67038797
  32509338  32509338 261572313 261572313  94340085  94340085  28541119
  68080524  17824742  44383748  44383748  57702212  57702212  14259561
 103048996  27597764  76173588  96735914  50447162 105794414 262238736
 262238736  76844139 220001379  32432705  32432705  67938275 154601522
  29647130  99847692  15209874  68564243   6051867   6051867   6051867
   1977475 253461223 104661692  80685406  78632392  71135139  24815688
  24815688  24815688  20961572  89163203 104273922 103565290 100274458
  20961572  33993530 123982964    990424 105612936   1366792   1366792
  40280869  55621338  55621338  10644269  30669637  30669637  30669637
  30669637  30669637 104662964  46117824  15574705  74098274  11023181
  91429411  26829085  91114743  98538409  90805864 107325859  47616411
  45493631  45493631  28798713 204281508  69106517  69106517  69106517
  78000542   1636835  42959696 204256503  67354770  92323549 162233018
  23897269  51763794  51763794 105927374 189832393  47540291  18584759]",[3 3 3 ... 3 3 3],[ 95 113 436 ... 552  33 113],[ 334  132 3144 ... 1230 1514 3312],[   0    0 7843 ...    0 1969  651],[ 0  0  0 ...  0 86  0],[0 0 0 ... 0 0 0],[ 27750 237261 250564 ... 294618 168168 178210],[548   0 231 ...   0 548 276],[ 8  2 10 ...  0 14 11],[1772707500 1772665980 1772665980 ... 1769842860 1769842860 1769842860]
5291694,81879776,1,1772725734,1772725425,2,1411.0,591.0,[253 699 849],41.0,2.0,1.0,56.0,41.0,165.0,254.0,34.0,1019.0,241.0,,,[2 2],[4 9],[45 27],[26 14 22 45],[180 139 163 295 237 348],[1400 1108  283 1187  521   46  753 1080  582 1234   99],[11  6],5.0,,[0 9 9 2 2 8 2 3 3 8],[0 9 2 5 4 3 3 2 4 9],,,24.0,,3.0,2.0,1.0,2.0,3.0,,,,,,2.0,1.0,,,,"[ 1.22327283e-01  5.65678403e-02  1.25843599e-01  2.67901774e-02
 -1.29616475e-02  2.73479242e-02 -2.48896028e-03  2.80571431e-02
 -6.71034455e-02  1.39418468e-01 -8.73526651e-03  9.72199626e-03
 -7.63668790e-02 -7.29431659e-02  1.09605066e-01 -2.30479427e-02
  2.14020573e-02 -3.42302322e-02  1.01442239e-03 -1.15563974e-01
  2.16169264e-02 -1.53936995e-02  6.42608702e-02  5.38038416e-03
 -1.01949126e-01 -2.83695795e-02 -7.31027722e-02  1.72381047e-02
  9.68887359e-02 -2.03344747e-02 -9.56652388e-02  1.29732519e-01
  7.36635253e-02  2.19731852e-02  7.20381364e-02  8.61545578e-02
 -8.86367485e-02 -2.41095405e-02 -3.70282456e-02  6.35879263e-02
 -4.40718792e-02 -6.67969733e-02 -4.06382382e-02  5.22584841e-02
 -1.72630344e-02 -4.83087115e-02 -5.14020287e-02  7.74485320e-02
 -6.38508201e-02  1.16773695e-01 -8.27904642e-02  5.42355760e-04
  4.03881744e-02  1.43534951e-02  1.02069162e-01 -4.01879512e-02
  2.14299951e-02  3.79491188e-02 -6.62198439e-02  9.02362913e-02
  1.80767123e-02 -3.28514948e-02 -1.41885906e-01 -7.99637735e-02
 -1.72914490e-02 -4.76549193e-03  6.01551123e-02  1.64288562e-02
 -9.05142426e-02  9.44080651e-02 -2.00246647e-02  3.28478962e-03
 -1.37524873e-01  9.80120674e-02 -9.13716108e-02  1.07077762e-01
  1.07109152e-01  7.21356124e-02 -1.07070049e-02 -1.97142642e-02
 -8.61756057e-02 -2.23074537e-02  6.61662444e-02 -3.44930738e-02
  3.30404490e-02 -8.48903731e-02  6.34112433e-02 -8.29522461e-02
  2.07834486e-02  1.11631677e-01  2.03926917e-02 -5.98523184e-05
  8.17035849e-04 -2.88812090e-02 -1.19188642e-02  3.35435313e-03
  3.05240043e-02  8.73441249e-03  9.98776127e-03 -2.05074772e-02
 -1.35074213e-01 -9.98362377e-02 -2.81163864e-02  4.84398864e-02
  6.05531670e-02 -7.25227892e-02 -6.99827820e-02  1.80906728e-02
  3.15499492e-03 -6.70903474e-02  3.03785335e-02 -3.81258503e-02
  8.91871527e-02  1.35589480e-01 -6.45543933e-02  1.08918764e-01
 -2.92743486e-03 -1.61345173e-02  2.38815416e-03  7.57372901e-02
 -1.14840260e-02 -1.94022115e-02  4.27002693e-03  1.31456941e-01
 -6.50735572e-02 -2.83174142e-02 -6.61802366e-02 -1.87648274e-02
  2.56907232e-02  1.76433416e-03  7.32927099e-02  3.42456065e-02
 -4.13929597e-02 -9.99153703e-02  1.51532069e-02 -1.02492884e-01
  3.29070054e-02 -3.76420980e-03 -3.22625563e-02 -8.78486782e-03
 -1.33289155e-02  2.32656617e-02 -9.41556171e-02  6.92271665e-02
 -1.85546465e-02 -4.51974943e-02  3.76092712e-03  1.49359144e-02
  1.68918464e-02  2.48375274e-02  1.01568624e-01 -3.57214399e-02
  7.65666515e-02 -1.33520765e-02 -2.00279765e-02  1.39371667e-04
  5.94603680e-02 -5.43724224e-02  2.56711654e-02 -3.93364094e-02
 -2.00631991e-02  1.89913902e-02 -2.29986515e-02  5.41018210e-02
 -3.63065489e-02  6.18864819e-02 -8.78839865e-02 -6.94214553e-02
  1.07165232e-01 -5.07707819e-02  7.82300159e-02 -4.47344705e-02
  2.33523771e-02 -7.42766932e-02 -2.59788893e-02 -2.44151521e-02
  1.66163954e-03 -1.08985268e-01 -8.67414027e-02 -7.64549896e-02
  7.87904486e-03  9.45429727e-02  6.90206140e-02  1.19362928e-01
 -4.18659486e-02 -3.73430438e-02 -4.96589858e-03 -3.83372009e-02
 -5.68983257e-02 -8.22888967e-03 -1.08107962e-01  9.96673927e-02
  3.86648960e-02  7.46550262e-02  8.78816471e-02 -1.15811795e-01
 -5.98900877e-02  7.66111910e-02  8.92439950e-03 -7.32361227e-02
  4.32564731e-04 -6.29456192e-02  6.39633164e-02  3.54651175e-02
  7.54030375e-03  1.23305712e-02  1.22841649e-01  2.73669995e-02
 -1.00332454e-01 -1.04295038e-01 -2.37855967e-02 -5.24673387e-02
  4.44178209e-02 -1.03681356e-01  1.12862298e-02  8.39169770e-02
  5.90866618e-02 -9.51738432e-02  6.90869838e-02  1.37145277e-02
  5.16897738e-02 -6.19263835e-02  4.08050455e-02  3.68299894e-02
  5.16481549e-02 -2.54173931e-02  1.70598626e-02  1.12806093e-02
  1.24426065e-02  1.34815037e-01 -2.68695913e-02  9.88073880e-04
  9.22066048e-02 -6.38840022e-03 -1.55597376e-02 -7.74985775e-02
 -5.72311878e-02 -4.40562665e-02  8.98749661e-03  1.61331780e-02
 -6.39200732e-02  1.42493024e-02 -2.20871810e-02  8.39705169e-02
  8.85246247e-02  4.92228009e-02 -4.27507795e-02 -1.51077015e-02
 -2.64772102e-02 -1.85111277e-02  9.71672013e-02 -1.02254242e-01
  3.11808083e-02 -1.79002304e-02 -7.94987474e-03  1.82463811e-03]",[560754.3  49462. ],[560754.3  49462. ],[565459.25 490180.    79802.     3952.  ],[805752.7  504216.22 228327.     5539.5    5518.     2386.  ],"[1.0567710e+06 9.0104800e+05 6.0845025e+05 4.9018000e+05 3.0371600e+05
 2.6451100e+05 2.2832700e+05 2.3931000e+04 5.5395000e+03 5.5180000e+03
 2.3860000e+03]","[ 0.2109 -0.3015 -0.0233 -0.0158  0.3293  0.1882  0.0126  0.094  -0.0287
  0.1115  0.1049  0.1611 -0.2311  0.1614 -0.1767  0.0354 -0.0632  0.3784
  0.1445 -0.0162 -0.2891  0.0793 -0.1085 -0.2681  0.0832 -0.1077 -0.2349
 -0.0358 -0.0937 -0.2905  0.0321  0.1943  0.0074 -0.1291 -0.1412  0.0694
  0.3918 -0.0075  0.2356 -0.002  -0.1182  0.2353 -0.0932  0.1111 -0.4466
  0.019  -0.0908  0.174   0.0367  0.3389  0.246   0.1721 -0.1866  0.0132
 -0.1652 -0.1858  0.1206 -0.1084 -0.0837 -0.0524 -0.0586 -0.2733 -0.0541
 -0.0234  0.229  -0.0852  0.0944  0.0582  0.322   0.1324  0.2452  0.0576
 -0.0758  0.1289  0.0098  0.0558 -0.2574  0.0828 -0.0288  0.0991  0.0456
  0.3445 -0.1586  0.0236 -0.2438 -0.096   0.064  -0.2644  0.197   0.0397
 -0.2213 -0.352   0.0194 -0.3509 -0.0796  0.0413 -0.0114 -0.0691  0.3158
  0.2344 -0.1008  0.0029  0.072   0.0978  0.032   0.0947 -0.0345  0.215
 -0.1331  0.1038  0.0331 -0.0501  0.0623  0.5231 -0.19   -0.2066  0.0787
 -0.1248  0.0408 -0.3695  0.1262 -0.1313 -0.1045  0.1815 -0.3497  0.0439
  0.0685 -0.0623  0.1185 -0.031   0.1407 -0.0507  0.3119 -0.0716  0.0744
  0.0524 -0.076   0.2116 -0.0609  0.1142 -0.3475  0.0358 -0.1314  0.1971
 -0.1096  0.4112  0.0049 -0.136  -0.0643 -0.0104  0.0721 -0.3843  0.1559
 -0.0992 -0.2579 -0.0343 -0.0555 -0.2904 -0.1194  0.2151  0.      0.
  0.      0.      0.      0.      0.      0.      0.      0.      0.
  0.      0.      0.      0.      0.      0.      0.      0.      0.
  0.      0.      0.      0.      0.      0.      0.      0.      0.
  0.      0.      0.      0.      0.      0.      0.      0.      0.
  0.      0.      0.      0.      0.      0.      0.      0.      0.
  0.      0.      0.      0.      0.      0.      0.      0.      0.
  0.      0.      0.      0.      0.      0.      0.      0.      0.
  0.      0.      0.      0.      0.      0.      0.      0.      0.
  0.      0.      0.      0.      0.      0.      0.      0.      0.
  0.      0.      0.      0.      0.      0.      0.      0.      0.
  0.      0.      0.      0.      0.      0.      0.      0.      0.
  0.      0.      0.      0.      0.      0.      0.      0.      0.
  0.      0.      0.      0.      0.      0.      0.      0.      0.
  0.      0.      0.      0.      0.      0.      0.      0.      0.
  0.      0.      0.      0.      0.      0.      0.      0.      0.
  0.      0.      0.      0.      0.      0.      0.      0.      0.
  0.      0.      0.      0.      0.      0.      0.      0.      0.
  0.      0.      0.      0.      0.    ]","[-0.0089 -0.3057 -0.5454 -0.2084  0.5917  0.4578  0.0672 -0.0366 -0.0111
 -0.0012]","[-0.0089 -0.3057 -0.5454 -0.2084  0.5917  0.4578  0.0672 -0.0366 -0.0111
 -0.0012]",,250.0,484.0,630.0,0.0,25.0,139.0,,1200.0,8.0,17525.0,1.0,,,,[0 0 0 ... 0 0 0],[1772681400 1772681160 1772681040 ... 1760610840 1760610600 1760610420],[2 2 2 ... 2 2 2],[6 6 6 ... 6 6 6],[149 149 149 ... 737 737 737],[  0   0   0 ... 904 904 904],[0 0 0 ... 0 0 0],[0 0 0 ... 0 0 0],[16 17  1 ... 16  2  1],[1772682178 1772682166 1772682151 ... 1759470900 1759467240 1759467000],[24 25 24 ... 19 19 19],[39671576 39671576 39671576 ... 51012289 51012289 51012289],[628 628 628 ... 107 107 107],[2003 2003 2003 ... 1785 1785 1785],[9179 9179 9179 ...    0    0    0],[3734 3734 3734 ...    0    0    0],[0 0 0 ... 0 0 0],[ 0  0  0 ... 15 15 15],[-1 -1 -1 ...  0  0  0],[ 0  0  0 ... 47 47 47],[   0    0    0 ... 3984 3984 3984],[0 0 0 ... 0 0 0],[     0      0      0 ... 222316 222316 222316],"[1772700144 1772542491 1772542490 1772542123 1772495319 1772440190
 1772440185 1772439578 1772439561 1772435401 1772435395 1772423227
 1772417238 1772416636 1772377308 1772080410 1772014401 1772014396
 1771657974 1771063790 1771063786 1771061302 1771061274 1770989526
 1770683712 1770447146 1769529002 1769223244 1769001011 1769000923
 1768999971 1768999746 1768911720 1768911573 1768911565 1768713933
 1768458842 1768458800 1767946100 1767917143 1767916906 1767794364
 1767776897 1767776855 1767686518 1767610060 1767609860 1767606960
 1767606866 1767540090 1767539924 1767399807 1767265058 1767261211
 1767228831 1767189883 1766849206 1766847865 1766760216 1766409702
 1766366109 1766319607 1766319601 1766232101 1766232084 1766040926
 1766040858 1766040852 1765898408 1765880309 1765448380 1765411810
 1765411616 1765371810 1765371713 1765368581 1765368474 1764843080
 1763330727 1763330726 1763196270 1763196112 1763122495 1762587155
 1762566893 1761912843 1761912829 1761494097 1760763860 1760763621
 1760623943 1760623879 1759476099 1759228346 1759062473 1758320975
 1758320968 1758320963 1758174895 1758174862 1758174855 1758174846
 1756937100 1756882485 1756630691 1756618845 1756310347 1756310342
 1756300282 1756112026 1756112020 1756112011 1756042555 1756042550
 1755954966 1755954928 1755518716 1755294691 1754913939 1754913063
 1754912967 1754652630 1754652319 1754450020 1754289023 1753959984
 1753957405 1753957098 1753619061 1753619033 1753608502 1753608190
 1753608041 1753507902 1753505590 1753394451 1753254234 1753254134
 1753199887 1753199762 1753014869 1753013578 1752913582 1752913527
 1752509544 1752509207 1752509159 1752509143 1752402939 1752402055
 1751973331 1751973331 1751630841 1751529649 1751440286 1751440127
 1751285427 1751283961 1751283920 1751264988 1751032442 1751032436
 1750954868 1750893072 1750769926 1750766430 1750766413 1750739641
 1750739137 1750739117 1750739112 1750511234 1750511205 1750510664
 1750510644 1750510627 1750510607 1750510583 1750510564 1750423153
 1749804827 1749804815 1749732032 1749732023 1749353764 1749216903
 1749216821 1749031105 1749031098 1748964831 1748964825 1748964824
 1748956850 1748956836 1748950452 1748950424 1748950345 1748950325
 1748905617 1748697558 1748441157 1748441145 1748441133 1748441132
 1748324700 1748324155 1748324137 1748270522 1748270513 1747958325
 1747956738 1747667158 1747667144 1747352674 1747352671 1747013373
 1747013350 1747013340 1746754381 1746754073 1746572597 1745986777
 1745986770 1745986769 1745896250 1745895852 1745588910 1745409860
 1745409851 1745409851 1745409845 1745409845 1745409831 1745249090
 1745249082 1745121161 1745121023 1745058440 1745058365 1745057355
 1745034706 1745034703 1744987499 1744957913 1744957836 1744957784
 1744893461 1744893389 1744893137 1744893034 1744891363 1744891178
 1744860736 1744860670 1744860655 1744858827 1744858819 1744547638
 1744547630 1744091081 1744091075 1744091075 1744091075 1744091074
 1744091065 1743927786 1743695244 1743695231 1743658759 1743658755
 1743658742 1743219589 1743219585 1743219497 1743161357 1743161312
 1743071773 1743071768 1743071765 1742901821 1742901816 1742901807
 1742901807 1742814959 1742814953 1742554731 1742474047 1742474041
 1742473909 1742226570 1742226566 1742226562 1742173311 1741421826
 1741421803 1741421786 1741421704 1741171652 1741158795 1741158436
 1741158185 1741158129 1740892413 1740622865 1740429733 1740057500
 1739227727 1739061820 1738668486 1738668481 1738668475 1738668468
 1738668466 1738668464 1738668459 1738668455 1738668449 1738668446
 1738666561 1738666219 1738666215 1738666209 1738666160 1738666149
 1738666145 1738666138 1738299842 1738299525 1738299489 1738299465
 1738299448 1738299432 1737734204 1737733927 1737733906 1737042218
 1737042214 1736827624 1736826436 1736729500 1736483513 1736089708
 1736089117 1736089105 1736089100 1735951249 1735116093 1732972361
 1732972353 1732972332 1732972327 1732972321 1732642721 1732336320
 1732336317 1732107977 1732107937 1732027803 1732027589 1731848869
 1731222792 1731216754 1731216741 1730717210 1729958625 1729345962
 1729345962 1729228031 1728474883 1728313568 1728050910 1728043565
 1728043506 1727352707 1725806397 1725208517 1725199797 1725083599
 1725078118 1725078105 1725078097 1724387511 1724387511 1724387511
 1723481425 1723437525 1723437482 1723437482 1723437481 1723437481
 1723437447 1723437444 1723304205 1723126170 1722181779]","[31 31 31 31 31 31 31 31 31 31 31 31 62 31 31 31 31 31 31 62 31 62 31 31
 31 31 31 31 10 31 10 31 10 31 31 31 31 31 31 31 31 31 31 31 31 10 31 10
 31 10 31 31 31 31 33 31 31 31 31 31 31 10 31 31 31 31 10 31 31 31 31 10
 31 10 31 10 31 31 31 31 10 31 31 31 31 31 31 31 10 31 31 31 31 31 31 31
 31 31 31 31 31 31 10 31 31 31 10 31 31 10 31 31 31 31 31 31 31 31 31 31
 31 10 31 31 31 31 10 31 31 31 10 31 31 31 31 31 31 31 31 31 31 31 31 31
 62 31 31 31 31 31 31 31 31 31 31 31 31 31 31 31 10 31 31 31 31 31 31 31
 31 31 31 62 62 31 31 31 31 31 31 31 10 31 10 31 31 10 31 10 31 10 31 31
 10 31 10 31 31 31 10 31 10 31 31 31 31 10 31 10 31 10 31 10 31 10 31 31
 31 31 10 31 31 10 31 31 10 31 31 10 31 31 31 31 31 10 31 10 31 10 31 31
 10 31 31 10 31 31 31 31 10 31 10 31 31 10 31 10 31 10 31 10 31 31 31 31
 31 31 10 31 10 31 31 31 31 31 31 31 31 31 31 31 10 31 31 10 31 31 10 31
 31 31 31 31 31 31 31 31 31 31 62 62 31 31 31 31 31 31 31 31 31 31 31 31
 31 31 31 31 31 31 62 31 31 31 31 31 31 31 62 31 31 31 31 31 62 31 31 31
 31 31 31 31 31 62 31 31 31 31 31 31 31 31 31 31 31 31 31 31 31 62 31 31
 65 31 31 31 31 31 31 31 31 31 31 31 31 31 31 31 31 31 31 31 31 31 31 31
 31 39 39 39 39 39 31 31 31 31 31]","[3591740 2436832 2436832 1945213 5335742 5493738 5823701 5823701 5823701
 5002963 5002963 3592239 5626964 5626964 3621481 2787745 6029885  900170
 5002963 5944914 5944914 3592239 3592239 5284656 2416236 2030674 4616121
 1661663 1281555 1281555 5344749 5344749 3987655 3987655 3987655    7683
 3573467 3573467  931375 1515171 1515171 5029226  199648  199648 4159196
 5894415 5894415 3849329 3849329  101884  101884 4484282   21917 5260268
 1015833 4997907 5029226  170884 1365474 5973292 3807030 2552616 2552616
  491460  491460 4273616 1104034 1104034  110732 2375629 1984728 2590271
 2590271 6144628 6144628 4606653 4606653 3343861 3068425 3068425 4643004
 4643004 1984728 1984728  199648 1984728 1984728  178571 1499235 1499235
 1746050 1746050  199648 1677093 2128630 1984728 1984728 1984728 1677093
 1677093 1677093 1677093 4603196 4306585  903214 5601402 2273458 2273458
 2707193 4797475 4797475 4797475  178571  178571 2523404 2523404  138624
 4012425 4912607  191940  191940  981686  981686   89520 3774594 1117241
 1117241 1117241 5233607 5233607  160175  160175  160175  199648  642264
 5293482 2552631 2552631 1010781 1010781 1889740 1984728 3911375 3911375
 4351546   50630 4351546    6392 4304016 1004016 3602805 3602805 3184586
 3936223 3936223 3936223 3774594 3267812 3267812  174256 6078206 6078206
  174256 1687577 5172323   60056   60056 5951031  210129  210129  210129
 3068561 1816434 6039471 1918118 3068561 1561060 4927782 1816434 1359452
 3044260 3044260 2548205 2548205 1780016 5527548 5527548 2019099 2019099
 4118205 4118205 4118205 5802454 5802454     471     471     471     471
 4703393 6190027   49752   49752   49752   49752 4673313 4562182 4562182
 1913557 1913557 4277032 4277032 2264640 2264640  338812  338812 1767853
 1767853 1767853 4735157 4735157 3277402 1073519 1073519 1073519 3131344
 3131344 2257308 3038345 3038345 3038345 3038345 3038345 3038345 4527641
 4527641 5077480 5077480 6104813 6104813 6104813 3184015 3184015 5505836
 2782305 2782305 2782305 2979082 2979082 2519383 2519383 2979082 2979082
 1517157 1517157 1517157 3702648 3702648  975596  975596 4324111 4324111
 4324111 4324111 4324111 4324111 1251355 5299521 5299521 2443799 2443799
 2443799 4454511 4454511 4454511 3907881 3907881 5754470 5754470 3964899
 1584549 1584549 1584549 1584549 1921206 1921206 4177336 4471490 4471490
 4471490 5757564 5757564 5757564 4792685 1830017 4969865 4755624 4947454
  797816 4937297 3716283 4937297 3716283 2948394 1942281 5141185 4606247
 2022312 4384268 3665269 3665269  640256 3665269 3466078 3466078  640256
 1491566  640256 2954964 6211115 3665269 3974240 3665269 6211115 4762114
 4136359 5548784 2915777 3466078 2915777 5164550 5164550 5202529 2624835
 2794713 2624835 3881410 3881410 3118505 3437898 3704531 1593892 3881222
 5175722 6066955 3881222 3924001 3936899  116473  116473 3583746 3583746
 5059496 2969072 5935966 5935966 4792685 4792685 2762613 2762613 3774594
 6146986 6146986 4869995 3173453 1047589 4343558 4343558  279076 1385745
 3129377 5740020 5740020 5740020  713859 1097724 4036718 2281301   33757
 1500549 1500549 5635556 1835421 1835421 1835421 5991819  226837  226837
  226837  226837  226837  226837  226837 5878931 5141185 2126212]","[154 386 386 323 621 106  91  91  91 316 316 656 316 316 323 527 316 316
 316 316 316 656 656 517 180 235 323 154 439 439 323 323 439 439 439 513
 513 513 386 386 386 517  64  64 439 323 323 323 323 323 323 316 106 154
 599 154 517 154 154 656 323 323 323 154 154 316 323 323 439 439 348 323
 323 323 323 439 439 323 773 773 439 439 154 154 154 318 318 323 439 439
 323 323 154 643 106 154 154 154 643 643 643 643 439 106 106 106 439 439
  64 323 323 323 323 323 439 439 621  64 106 323 323 323 323 348 106 323
 323 323 439 439 323 323 323 348 106 106 323 323 439 439 439 154 323 323
 621 656 621 316 323 323 439 439 439 439 439 439 106 439 439 693 323 323
 693 106   0   0   0 643 643 643 643 316 326 196 316 316 151 828 326 106
 323 323 323 323 854 246 246 439 439 439 439 439 323 323 439 439 439 439
 323 386 323 323 323 323 323 323 323 439 439 123 123 323 323 323 323 643
 643 643 439 439 386 323 323 323 153 153 439 323 323 323 323 323 323 323
 323 123 123 123 123 123 323 323 439 123 123 123 123 123 123 123 123 123
 323 323 323 439 439 323 323 323 323 323 323 323 323 196 323 323 323 323
 323  64  64  64 106 106 316 316 316 439 439 439 439 439 439 323 439 439
 439 255 255 255 386 323 361 323  64 316 154 828 154 828 106 316 154 828
 656 196 386 386 323 386 316 316 323 323 323 323  91 386 316 386  91 106
 323 518  91 316  91 151 151 316 266 316 266 106 386 348 106 106  64 518
 316 518 518 628 106 196 196 196 196 517 656 151 151 518 518 266 266 106
  91  91  91 154 316 196 196 629 316 799 656 316 316 154 273 106 273  91
 316 316 361 106 106 106 323 154 154 154 154 154 154 154 508 348 386]","[   0 6367 6367    0    0 3299    0    0    0    0    0    0    0    0
    0    0    0    0    0    0    0    0    0    0    0    0    0 6172
    0    0    0    0    0    0    0    0    0    0 3171 3738 3738    0
    0    0    0    0    0    0    0    0    0    0 3299    0    0    0
    0   -1 6215    0    0    0    0    0    0    0    0    0    0    0
   -1    0    0    0    0    0    0    0    0    0    0    0 6213   -1
 4910    0    0    0    0    0    0    0  168    0 2001 4910 4910 4910
    0    0    0    0    0 2001 2001 2001    0    0 3284    0    0    0
    0    0    0    0    0   -1 2001    0    0    0    0   -1 2001    0
    0    0    0    0    0    0    0   -1 2001 5093    0    0    0    0
    0 5815    0    0    0    0    0    0    0    0    0    0    0    0
    0    0 2001    0    0    0    0    0    0 2001    0    0    0    0
    0    0    0    0 5320    0    0    0    0   -1 5320 2001    0    0
    0    0    0    0    0    0    0    0    0    0    0    0    0    0
    0    0    0 2326    0    0    0    0    0    0    0    0    0    0
    0    0    0    0    0    0    0    0    0    0 2326    0    0    0
    0    0    0    0    0    0    0    0    0    0    0    0    0    0
    0    0    0    0    0 5677 5677 5677    0    0    0    0    0    0
    0    0    0    0    0    0    0    0    0    0    0    0    0 5403
    0    0    0    0    0  831  831  831 3262 3262    0    0    0    0
    0    0    0    0    0    0    0    0    0    0    0    0 1823    0
    0    0  831    0   -1    0   -1    0 4707    0    0 6033    0 2478
    0    0    0    0    0    0    0    0    0    0    0    0    0    0
    0 3299    0    0    0    0    0    0    0    0    0    0    0  315
 1876 3481 5168 1386    0    0    0    0    0    0 2891  713  713  713
  713    0    0    0    0    0    0    0    0 2001    0    0    0 6213
    0    0    0    0    0    0    0    0    0 2604    0    0    0    0
    0    0    0 2001 2001 2001    0    0    0    0    0    0    0    0
    0    0 3984]","[2 2 2 2 2 5 5 5 5 5 5 5 5 5 2 2 5 5 5 5 5 5 5 2 2 5 2 2 2 2 2 2 2 2 2 2 2
 2 2 2 2 2 2 2 2 2 2 2 2 2 2 5 2 2 2 2 2 2 2 5 2 2 2 2 2 2 2 2 2 2 2 2 2 2
 2 2 2 2 2 2 2 2 2 2 2 2 2 2 2 2 2 2 2 2 2 2 2 2 2 2 2 2 2 2 2 2 2 2 2 2 2
 2 2 2 3 3 2 2 2 2 2 2 2 2 2 2 2 2 2 2 2 2 2 4 2 2 2 2 2 2 2 2 2 2 5 5 5 5
 1 1 2 2 2 2 2 2 2 2 2 2 2 2 2 2 2 2 2 2 2 2 2 5 5 5 5 5 5 5 5 2 2 2 2 2 2
 2 2 2 2 2 2 2 2 2 2 2 2 2 2 2 2 2 2 2 2 2 2 2 2 2 2 2 2 2 2 2 2 2 2 2 2 2
 2 2 2 2 2 2 2 2 2 2 2 2 2 2 2 2 2 2 2 2 2 2 2 2 2 2 2 2 2 2 2 2 2 2 2 2 2
 2 2 2 2 2 2 2 2 2 2 2 2 2 2 2 2 2 5 5 5 2 2 2 2 2 2 2 2 2 2 5 5 5 5 4 4 4
 4 5 5 5 5 5 2 2 2 2 5 2 5 5 5 5 5 5 5 5 5 5 5 5 5 5 5 5 5 5 5 5 5 5 5 5 5
 5 5 5 5 2 2 2 2 5 5 5 5 1 2 5 5 5 5 5 5 5 5 5 5 5 5 2 1 1 1 2 2 2 2 2 2 2
 2 2 2 2 2 2 2 2 1 1 1 2 2 2 2 2 2 2 2 2 2 2 2 2 2]","[1 1 1 1 1 1 1 1 1 1 1 1 1 1 1 1 1 1 1 1 1 1 1 1 1 1 1 1 1 1 1 1 1 1 1 1 1
 1 1 1 1 1 1 1 1 1 1 1 1 1 1 1 1 1 3 1 1 1 1 1 1 1 1 1 1 1 1 1 1 1 1 1 1 1
 1 1 1 1 1 1 1 1 1 1 1 1 1 1 1 1 1 1 1 1 1 1 1 1 1 1 1 1 1 1 1 1 1 1 1 1 1
 1 1 1 1 1 1 1 1 1 1 1 1 1 1 1 1 1 1 1 1 1 1 1 1 1 1 1 1 1 1 1 1 1 1 1 1 1
 1 1 1 1 1 1 1 1 1 1 1 1 1 1 1 1 1 1 1 1 1 1 1 1 1 1 1 1 1 1 1 1 1 1 1 1 1
 1 1 1 1 1 1 1 1 1 1 1 1 1 1 1 1 1 1 1 1 1 1 1 1 1 1 1 1 1 1 1 1 1 1 1 1 1
 1 1 1 1 1 1 1 1 1 1 1 1 1 1 1 1 1 1 1 1 1 1 1 1 1 1 1 1 1 1 1 1 1 1 1 1 1
 1 1 1 1 1 1 1 1 1 1 1 1 1 1 1 1 1 1 1 1 1 1 1 1 1 1 1 1 1 1 1 1 1 1 1 1 1
 1 1 1 1 1 1 1 1 1 1 1 1 1 1 1 1 1 1 1 1 1 1 1 1 1 1 1 1 1 1 1 1 1 1 1 1 1
 1 1 1 1 1 1 1 1 1 1 1 1 1 1 1 1 1 1 1 1 1 1 1 1 1 1 1 1 1 1 1 1 1 1 1 1 1
 1 1 1 1 1 1 1 1 1 1 1 1 1 1 1 1 1 1 1 1 1 1 1 1 1]","[ 956826  789853  789853  789853   16197  956588  259912  366941  863064
  298336  259912  366941  366941  366941  747893  956826 1067544 1067544
  366941  138076  138076  160169  160169  956826   47432    9982  789853
  956826  789853  789853  789853  789853  789853  789853  789853  956826
  956826  956826  956826  956826  956826  789853  956826  956826  789853
   16797   16797  789853  789853  789853  789853  677340  789853  789853
  956826  789853  789853  789853  789853  531321  789853  789853  789853
  789853  789853   16797  789853  789853  789853  789853  956826  789853
  789853  789853  789853  789853  789853  789853  789853  789853   47432
   47432  956826  789853  956826  789853  789853  789853   47432   47432
  789853  789853  956826  956826  956826  956826  956826  956826  956826
  956826  956826  956826  789853  956826  956826  789853  789853  789853
  956826  789853  789853  789853  789853  789853  685386  685386   47432
  956826  789853  789853  789853  789853  789853  789853  789853  789853
  789853  789853  789853  789853  789853  789853  789853 1162025  789853
  956826  789853  789853  789853  789853  956826  956826  789853  789853
  596038  396035  596038  396035  437651  371930  789853  789853  956826
  789853  789853  789853  789853  789853  789853  956826  789853  789853
  956826  789853  789853  956826  956826  956826  956826  956826  956826
   27761  602512  602512  602512   27761   27761  602512  602512  789853
  789853  789853  789853  789853   47432  956826  956826  789853  789853
  789853  789853  789853  789853  789853  789853  789853  789853  789853
  789853  789853  789853  789853  789853  789853   16797  789853  789853
  789853  789853  956826  956826  789853  789853   47432   47432  956826
  956826  956826  789853  789853  956826  789853  789853  789853  956826
  956826  789853  789853  789853  789853  789853  789853  789853  789853
  789853  956826  956826  956826  956826  956826  318279  318279  789853
  789853  789853  789853  956826  956826   16797   16797  956826  956826
  789853  789853  789853  789853  789853  789853  789853  789853  789853
  789853  789853  789853  789853  956826  789853  789853  789853  789853
  789853  789853  789853  789853  789853  789853  799265  799265  799265
  789853  789853  789853  789853  789853  789853  789853  789853  789853
  789853  292153  450804 1140873   46881  660509 1162025  660509  339650
  272186  885503  272186  885503  272186  789853   16797  956826  789853
   46881  789853 1112374 1112374 1112374   99263  202253   99263   99263
  202253   99263 1112374  202253   99263  202253 1112374  202253   30486
   99263  202253 1058592  202253 1058592 1058592  748105   30486   99263
   30486   99263   59171   59171  789853  789853  789853  956826 1112374
 1112374 1112374 1112374   53925  789853  520601  520601  520601  520601
  520601  704632  520601  520601 1039651  520601  713470  713470  789853
  623752  623752  703194  789853  789853  789853  789853  956826  592187
  956826  789853  789853  789853  789853  956826  789853  956826  359795
  914145  914145  914145  789853  789853  789853  789853  956826  956826
  956826  956826  956826  956826  956826   47432  956826  956826]","[  46 1670 1670 1158    0 1154 1392 1392 1392  395  395 1233  395  395
 1922 2946  395  395  395  395  395 1233 1233 1017  625 1930 1593   46
 1307 1307 2015 2015 1307 1307 1307 2372 2372 2372 1643 2813 2813 1024
   33   33 1093 1593 1593 1593 1593 1593 1593 2192 1154   46    0   46
 1024  839 1227    0 1049 1593 1593  839  839 2192  792  792  283 2512
   40 1922 1922 1593 1593  398  398 1593  568  568 1093 1093 1987  839
  453 1308 1308  314 2605 2605  314  314 1987 2776 1301  453  453  453
 2776 2776 2776 2776 1737 1301 1301 1301 2605 2605 1539 1362 1362 1362
  314  314  283  283    0 2370 1301 1593 1593 1593 1593 1032 1301 1593
 1593 1593 1183 1183  541  541  541   40 1301 2771 1158 1158   48   48
 1183 1987  792  792    0    0    0  395  314 1265 1183 1183 1183 1183
 1183 1183 1301  619  619 2665  314  314 2665 1301    0    0    0 2776
 2776 2776 2776  395 2203 1504    0  395 2403 1421 2203 1301 1265 1265
 1265 1265 2772  723  723 2605 2605 1093 1093 1093  541  541  619  619
  619  619 1362 1670 1265 1265 1265 1265   74 2504 2504  619  619 2732
 2732 1158 1158  314  314 2776 2776 2776 2605 2605 1670  314  314  314
 2395 2395  619 1593 1593 1593 1593 1593 1593 2421 2421 2732 2732 2732
 2732 2732   74   74  619 2732 2732 2732 2732 2732 2732 2732 2732 2732
 1049 1049 1049  619  619  169  169  792  792  792  792  792  792 1504
   74   74 1362 1362 1362 1539 1539 1539 1154 1154  395  395  395 1737
 1737 1737 1737 2605 2605 1362  398  398  398 1083 1083 1083 1670 1265
 2862 1265 1539  395  839 1421  839 1421 1154    0   46 2110    0 1504
 2653 2653 1265 2653    0    0 1265  314 1265  314 1392 2653    0 2653
 1392 1154 1265 2070 1392    0 1392 2403 2403  395 1634  395 1634 1154
 2813 2172 1154 1154   33 2070  395 2070 2070 1867 1518 1504 1504 1504
 1504 1017    0 2403 2403 2070 2070 1634 1634 1301 1392 1392 1392 1987
    0 1504 1504 2048    0 2105    0    0    0  839  761    0  761    0
 2192 2192  683 1301 1301 1301 1158   46   46   46   46   46   46   46
  481 2172 1325]","[  80807  748139  748139  943507       0 1018891  731958  731958  731958
   54993   54993  524143  606473  606473  432310       0   54993   54993
   54993   54993   54993  524143  524143   91510  430044  674705  776166
       0  271979  271979  681340  681340  271979  271979  271979  137315
  137315  137315  119936       0       0    5349   37245   37245   69971
  719299  719299  719299  719299  719299  719299  353245  248011  452454
       0  633586  414406  373230  324016  323133  240600  210539  210539
       0       0  353245  836809  836809  106884  718012  202816  106117
  106117  104251  104251  148782  148782  862730 1046665 1046665  630863
  630863       0  124666   99145  385515  385515  819085  555274  555274
  409776  409776       0       0   47389  249581  249581  249581       0
       0       0       0  220125   21822   47389  956457  641976  641976
  818689  209731  209731  209731  333107  333107  218351  218351       0
  824324  668056  747029  747029  234533  234533  504856       0   35080
   35080   35080 1065179 1065179  361657  361657  361657  202816  668056
       0  207441  207441  129987  129987 1065179       0  110275  110275
       0  817762       0  606473  819085  431312 1065179 1065179 1065179
 1065179  906448  906448   47389  956672  956672  603494  532745  532745
  603494  476452       0       0       0       0       0       0       0
  606473  645924  580375  368783  606473       0  677635  645924  274202
  474361  474361  183240  183240  825944  859256  859256  881723  881723
  988272  988272  988272  149553  149553  548422  548422  548422  548422
   17424 1009735  584936  584936  584936  584936  883372  350073  350073
   37081   37081  664180  664180  152576  152576  538415  538415       0
       0       0   94163   94163 1009735  601885  601885  601885   10835
   10835  977790  320828  320828  320828  320828  320828  320828  971662
  971662  217775  217775  294223  294223  294223 1039009 1039009  977790
  625008  625008  625008  256582  256582   34901   34901  256582  256582
  626204  626204  626204  843624  843624  798269  798269  682685  682685
  682685  682685  682685  682685  652160  543844  543844  436174  436174
  436174       0       0       0  949263  949263  606473  606473  606473
  628019  628019  628019  628019  796718  796718  549800  561789  561789
  561789       0       0       0  929408  998766  508912  998766  523753
  606473  120300  644741  120300  644741       0  760202  317418   42702
  323133  647618  267473  267473 1039901  267473  368783  368783 1039901
   59762 1039901  172449  946211  267473  368783  267473  946211   63121
  433897  778751  946211  368783  946211       0       0  606473   23458
  606473   23458  476983  533650       0 1043655  852393  234165   14820
  606473       0   14820  939396  375259  577938  577938  311664  311664
  639655  323133       0       0   14820   14820   23458   23458       0
  946211  946211  946211  172018       0       0       0  615648  136508
  817163       0       0       0  383476  374652       0  374652       0
  353245  353245  964915  965860  965860  965860  233202  955829  955829
  955829  955829  955829  955829  955829       0  316488   67893]","[ 885 6108 6108 8004    0 6380 8842 8842 8842 1656 1656 7442 1656 1656
 2172    0 1656 1656 1656 1656 1656 7442 7442 4989  410    0 6288 4962
 8000 8000 7711 7711 8000 8000 8000 3606 3606 3606 4725 1565 1565 3215
 2605 2605  971 8607 8607 8607 8607 8607 8607    0 6380 8482    0  885
 3215 4177 1620    0  993 6288 6288 5065 5065    0 1612 1612 7088 2693
 4304 4354 4354 7321 7321 4963 4963 6288 3646 3646 2999 2999 8457 4177
 8338 5733 5733 3651 8480 8480 3651 3651  116 2998 7197 8338 8338 8338
 2998 2998 2998 2998 8082 7197 7197 7197 8480 8480 3159  291  291  291
 2579 2579 2117 2117    0 8262 7197 6288 6288 8607 8607 4623 7197 7321
 7321 7321 4493 4493 7061 7061 7061 4304 7197 9566 9156 9156 3681 3681
 4493 8457 8648 8648    0    0    0 1656 3651 5999 4493 4493 4493 4493
 5429 5429 7197 4385 4385 3667 3651 3651 3667 7197    0    0    0 2998
 2998 2998 2998 1656 4586 3043    0 1656    0   -1 4586 7197 5999 5999
 8200 8200    0 8844 8844 8480 8480  971  971  971 7061 7061 7485 7485
 7485 7485  125 6108 5999 5999 5999 5999 5157 4502 4502   45   45 3960
 3960  748  748 5667 5667 2998 2998 2998  799  799 6108 2579 2579 2579
 2331 2331 7485 6288 6288 6288 6288 6288 6288 6774 6774 3960 3960 3960
 3960 3960 4201 4201 7485 2171 2171 2171 3960 3960 3960 3960 3960 3960
  993  993  993 4385 4385 7440 7440 4190 4190 4190 4190 4190 4190 2802
 5703 5703 3138 3138 3138 3159 3159 3159 6784 6784 1656 1656 1656 6323
 6323 6323 6323 8480 8480 3138 7519 7519 7519 7371 7371 7371 6108 8200
 9615 8200 3159 1656 4177    0 4177    0 6784    0  885 1750    0 8504
  900  900 8200  900    0    0 8200 5667 8200 5667 6890  900    0  900
 6890 6380 8200 8280 6890    0 6890    0    0 1656 5643 1656 5643 6850
 4999 1898 7894 6784 2605 8280 1656 8280 8280    0 3501  445  445  445
  445 4190    0    0    0 8280 8280 5643 5643 7197 6890 6890 6890 8457
    0    0    0    0    0 7719    0    0    0 1130 4623    0 4623    0
    0    0 2902 7197 7197 7197 8004 2457 2457 2457 2457 2457 2457 2457
    0   53 4708]","[165686198  20847690  20847690  29580695  36938597 104296614  92882378
  92882378  92882378  94126174  94126174  79815841  27905924  27905924
  92258580  91318631  31008542  60075428  90225251  65586627  65586627
  61869296  61869296  59930337  76490073  60008811  47121812  33178875
  62755195  62755195  44493777  44493777   1848241   1848241   1848241
  86313703  73944328  73944328  99746909 139192374 139192374  55641000
   3688974   3688974  41616663  99699795  99699795  58230468  58230468
  44003222  44003222  76527572  51753561 101306704  55716612  66782975
 105118243 101914069  56338197  29221525   5189709  22312682  22312682
  21934335  21934335 102878597  31591000  31591000  46617706  66018868
  82730974  11954418  11954418  77583132  77583132  39401435  39401435
  95767465  84525810  84525810  64335143  64335143  59277816  91380186
  41400226  57240529  57240529  99205282  26552190  26552190  60386050
  60386050 108152330  20585901  41688697  13313990  13313990  13313990
  39911502  39911502  39911502  39911502 100976329 156769384 103807656
  78584074  76910577  76910577  49108757 102319581 102319581 102319581
 108132572 108132572  78732089  78732089  17256445  21447563  77631712
  73145579  73145579  97580171  97580171  55767231  74545468  19287264
  19287264  19287264  16380098  16380098  34062477  34062477  34062477
  17981211  18889357   8243260  47167350  47167350 103686653 103686653
 112081256   6974926  89250753  89250753  84647176 254861909  84647176
 197819707  66877996  57625181  90788496  90788496  26173285   4997660
  47820561  47820561 108685923 106169298 106169298  17591620  30822496
  30822496  17591620  38272996 108497379  50795000  50795000   1182764
  65343308  65343308  65343308  59830513  73779949  12469402 106291712
  59830513 100346060  52566721  73779949  87643735  20369048  20369048
  19521461  19521461  25018035 181991983 181991983  90388468  90388468
  46184862  46184862  46184862 107596354 107596354  93302186  93302186
  93302186  93302186  77446512  71869997  22598505  22598505  22598505
  22598505  21174419  34010674  34010674 106516499 106516499 102910563
 102910563  75496291  75496291  87613527  87613527  85508690  85508690
  85508690  76296074  76296074   7773140 102896146 102896146 102896146
  98526885  98526885  48036866  46641629  46641629  46641629  46641629
  46641629  46641629  98083550  98083550   3245777   3245777 101134252
 101134252 101134252  27935006  27935006  78787703  79423445  79423445
  79423445   1415525   1415525  32109389  32109389   1415525   1415525
  96454616  96454616  96454616  69067273  69067273  79374238  79374238
  74583119  74583119  74583119  74583119  74583119  74583119  52407026
  57590393  57590393  77371384  77371384  77371384  65602315  65602315
  65602315  29227477  29227477  13356746  13356746  20785361  28144644
  28144644  28144644  28144644  86366187  86366187  50313952  20962913
  20962913  20962913  51138811  51138811  73980965  72558924  38425522
  68290830  58182170  80764012  32547021  97752189  43167508  97752189
  43167508  63322979  41492784  75203452  37988938  92929169  14781105
 104164087 104164087 102474262 104164087  81788655  81788655 102474262
 207770645 102474262  59092644 195058218 110065025  65887516 104164087
 195058218  54510966   3461275  25584311  53160024  86220122  53160024
  41600113  41600113  86681604  77007021  29930443  77007021 107251166
   6098295  82483128  14265786  28058273   6277503 258101164  68151389
  53430722 258101164  71532278  61135635  20592973  20592973  54109421
  54109421  25000800  65355476  10638561  10638561  41226860  41226860
  95963372  95963372 105053424 231524333 231524333  47826007  16538022
  24070650 197104307 197104307  33002894  23304414  13446396  64422897
  19173836  19173836  43812024  34808697   4145938  43952844  22394543
  33550115  33550115  53066192 105016525 105016525 105016525  45485829
   8229309   8229309   8229309   8229309   8229309   8229309   8229309
   5099633  50358874  86186554]","[3 3 3 3 3 3 3 3 3 3 3 3 3 3 3 3 3 3 3 3 3 3 3 3 3 3 3 3 3 3 3 3 3 3 3 3 3
 3 3 3 3 3 3 3 3 3 3 3 3 3 3 3 3 3 3 3 3 3 3 3 3 3 3 3 3 3 3 3 3 3 3 3 3 3
 3 3 3 3 3 3 3 3 3 3 3 3 3 3 3 3 3 3 3 3 3 3 3 3 3 3 3 3 3 3 3 3 3 3 3 3 3
 3 3 3 3 3 3 3 4 3 3 3 3 3 3 3 3 3 3 3 3 3 3 3 3 3 3 3 3 3 3 3 3 3 3 3 3 3
 3 3 3 3 3 3 3 3 3 3 3 3 3 3 3 3 3 3 3 3 3 3 3 3 3 3 3 3 3 3 3 3 3 3 3 3 3
 3 3 3 3 3 3 3 3 3 3 3 3 3 3 3 3 3 3 3 3 3 3 3 3 3 3 3 3 3 3 3 3 3 3 3 3 3
 3 3 3 3 3 3 3 3 3 3 3 3 3 3 3 3 3 3 3 3 3 3 3 3 3 3 3 3 3 3 3 3 3 3 3 3 3
 3 3 3 3 3 3 3 3 3 3 3 3 3 3 3 3 3 3 3 3 3 3 3 3 3 3 3 3 3 3 3 3 3 3 3 3 3
 3 3 3 3 3 3 3 3 3 3 3 3 3 3 3 3 3 3 3 3 3 3 3 3 3 3 3 3 3 3 3 3 3 3 3 3 3
 3 3 3 3 3 3 3 3 3 3 3 3 3 3 3 3 3 3 3 3 3 3 3 3 3 3 3 3 3 3 3 3 3 3 3 3 3
 3 3 3 3 3 3 3 3 3 3 3 3 3 3 3 3 3 3 3 3 3 3 3 3 3 3 3 3 3 3 3 3 3 3 3 3 3
 3 3 3 3 3 3 3 3 3 3 3 3 3 3 3 3 3 3 3 3 3 3 3 3 3 3 3 3 3 3 3 3 3 3 3 3 3
 3 3 3 3 3 3 3 3 3 3 3 3 3 3 3 3 3 3 3 3 3 3 3 3 3 3 3 3 3 3 3 3 3 3 3 3 3
 3 3 3 3]","[ 53 968 968  67 383  18  24  18  18 881  18 671  67  53 332 368 368 442
 442 442 968 882 882 383 968  96 368 368 368 218 218 924   0  67 882 256
 256 899 899 899 256 899 256 256 368 383 442  67   0 256 256 256 256 256
 256 256 256  53  67  92  67 368 658 368 368  53  18 470 256 256 256 256
 256  53 840 899  67 481 481 924 256 256 256 256 256 256 899 256 256 256
 256 256 256 193 256 193 256 256 256 256 899 256 256 899 899  92 310  92
  92  18  67 960 960  53 658 658 658  95  95 720 720  18 368 720 368 720
  18 720 720 422  53  53  53  53  53  53  53  53  53  67  67  92 193 193
 193 256 968 256 193 193 193 256 193 256 193 193 193 193 256 256 256 256
 193 193 193 193 256 193 256 193 256 193 193 193 193 256 256 193 256 193
 193 193 193 256 193 193 193 256 193 256 256  92 481 481  67  67 802 368
 256 256 256 899 256 256 899 256 256 256 256 256 256 256 256 256 256 256
 256   0 442 442 442 442 442  92  92  92 442 442 442  92 442  92  92 442
 442 442 650 940  53 256 256 256  67  53 720 720 924 200 200 200  95  95
 882  95  95  95  82 924 720 720 256 968 940 383 450 450 821 805 481 383
  82 821 256 821  33 193 193 193 193 256 193 193 193 193 193 193 193 193
 193 193 193 193 193  18  67 558  67 807  67  67 470 368 113  18  18 294
  18  18  18  33 122 924 658  53 882 558 732 882  67  18 476 609 253 253
 193 294 294  18 882   0 368 368 662  18 368 476 368 882 968  18  18 368
 940 940  33   0 368 368 368  53  55 256 658  67 383 470 114  67  67  67
  67  92  92  53 609 256 549  33 256 193 193 193 193 193 193 193 193 193
 193 193 193 256 256 256 193 193 193 193 193 193 193 256 193 256 193 193
 193 256 256 256 256 256 256 256 193 193 193 193 193 193 256 256 256 256
 558  53 113 113 732 732 193 899   0 256 368  53 924 882 615 615  18 152
 256  18 671 650 650 924 294  18 481 258 193 193 899 899 193 193 193 193
   0 899 193 193 899 256 256 256 899 193 256 256 481 481 481  67  67 658
 821 802 840 114 432 294 470 470 470  18  18 368 310 436  18   0  67]","[  20 2507 2507    0   70 1475 2494 1475 1475  776 1586 1840 2621   20
  142 2966 3413 2636 2636 2636 2507 2565 2565   70 2479 2928 2893 2893
 2893    0    0  305    0    0 2565  416  416 1247 1247 1247  416 1247
  416 3035 3295  761 2326 2500    0  228  228  228  489  228  228  228
 3035   20 2621    0    0  706 2906  706  706   20  355 1710  416  416
  416  416  416   20  470    0 2621 2835 2835  305  228  228  228  228
  228  228 1319  228  228  228  228  228  228 1624  228 1624  228  228
  228  228 1319  228  228 1319 1319    0  359    0    0 1586 2621 2875
 2875  279 3256 3256 2906  334  334 1385 3286  989 2430 3033 2893 3033
  989 1385 1385 1896   20   20   20   20   20   20   20   20   20 2621
 2621    0    0    0    0    0 2507  416    0 1927 1927  416 1927  416
    0 1927 1927 1927  416  416  416  416    0  190    0  190  416    0
  416 1927  416 1927 1927 1927 1927  416  416 1927  416 1927    0 1927
 1927  416 1927 1927 1927  416 1927  416  416    0    0    0    0 2500
 2301 2893  416  416  982 2298  982  982 1247  416  416  982  982  416
  416  982  416  982  982  416  982    0    0    0    0    0    0    0
    0    0 2636    0    0    0    0    0    0    0    0 2326  979 1578
  279  416  416  416 2621   20    0    0    0    0    0    0 1957 1957
 2565 1957  334 1957 1233  305    0    0  416 2479    0   70 3229 3229
 2116 1633 2835   70 2260 2116  416 2116 1704 1624 1624 1624 1995  228
 1995 1995 1624 1624 1995 1624 1624 1624 1624 1624 1624 1624 1995 1475
    0 2000 2621    0 2439 2621 1710 2893 1726 1475 1475 2659 1475 1475
 1475 2194  770  305 2906   20 2131  277 1343 2961 3013 1475  420 1889
 2714 2714 1624 2659 2659 1475 1411    0 2430 2430 2049  695    0 2190
    0 1802 2479 1475 1475    0  979  979  372    0 2893 2893 2893   20
    0  416 2906 3045 3054 1710  100  764  764  764  764    0    0   20
  191  416 2426 1704  982    0    0    0    0    0    0    0    0    0
    0    0  257    0  228  228    0    0    0    0  257    0    0  982
    0  982    0    0  257    0  982    0    0 1397    0  851 2017    0
    0    0    0    0  416  228 3035  851  277   20 1726 1726  429  429
    0 1319    0  228 2893   20    0 2131 2600 2600 1475 2153 1397 1475
 1840  979  979    0 2659 1475 2835 1320    0    0 1604 1604    0    0
    0    0    0 1604    0 1983 1604 1708 1708 1708 1604    0 1708 1708
    0    0    0 3013 3013 2906 2116 1505 1339    0  871 1140 1710    0
    0  695  695 2966  359 2658 1475    0    0]","[ 6825  8070  8070     0     0     0  8499     0     0  1954  9875     0
  1150  6825  8311  2620   684     0     0     0  8230  6835  6835     0
     0     0  1895  1895  1895     0     0     0     0     0  6835  9185
     0     0     0     0  9185     0     0  3291  4547     0  4702     0
     0     0  4195     0     0     0     0  8119  3291  6825 10129     0
     0  9224  2199  9224  9224  6825  2323     0     0     0     0     0
     0  6825     0     0  1710 10977 10977     0  4195  8119     0     0
     0     0     0     0     0     0  8119     0     0     0  3996     0
     0     0     0     0     0     0     0     0     0     0  8566     0
     0 11118 10129  5421  5421     0  4007  4007  2199     0     0     0
     0  3410  2385     0  5816     0  3410     0     0  6270  6825  6825
  6825  6825  6825  6825  6825  6825  6825 10129 10129     0     0     0
     0     0   775     0     0     0     0     0     0     0     0     0
     0     0     0     0     0     0     0     0     0     0     0     0
     0     0     0     0     0     0     0     0     0     0  9185     0
     0     0     0     0     0     0     0     0     0     0     0     0
     0     0     0     0  4868  1895     0     0     0     0     0     0
     0     0     0     0     0  9185  9185  4394     0     0     0  9185
  4394     0     0     0     0     0     0     0     0     0     0     0
     0     0     0     0     0     0     0  3214     0     0  5497  9185
     0     0  6765 10255     0     0     0     0     0     0     0     0
  6835     0     0     0     0     0     0     0  9185     0     0     0
  7337  7337 11017  5458     0  3873     0 11017  9185 11017     0     0
     0     0     0  1909     0     0     0     0     0     0     0     0
     0     0     0     0     0  5762     0     0  6765     0     0  1710
  5644  5816   578  8589  8589  6539  8589  8589  9411   801     0     0
  2199  6825 10185   453     0  7606     0  5762   856 10285  2929  2929
     0  6539  6539  9411  4050     0  5529  5529     0  2727     0  8764
     0  4386  9203  1032  5762     0     0     0   498     0  5124  5124
  5124  6825     0     0  2199     0     0     0  1981     0     0     0
     0     0     0  6825     0  9185     0  5086     0     0     0     0
     0     0     0     0     0     0     0     0     0     0     0     0
     0     0     0     0     0     0     0     0     0     0     0     0
     0     0     0     0     0 11149     0     0     0     0     0     0
     0     0     0     0  3291     0     0  6825  7010  7010  4712  4712
     0     0     0     0  5124  6825     0  1959  8096  8096  5762     0
     0  9564     0     0     0     0     0  5762     0  5038     0     0
  9899  9899     0     0     0     0     0  9899     0     0  9899  6082
  6082  6082  9899     0  6082  6082     0     0     0     0     0  2199
     0  9431     0     0     0     0  5644     0     0  2727  2727  2620
     0  3759  9428     0     0]","[   0    0    0    0    0    0    0    0    0    0    0    0    0    0
    0 1971  181    0    0    0    0 1201 1201    0    0    0 3341 3341
  583    0    0    0    0    0 2978    0    0    0    0    0    0    0
    0    0    0    0    0    0    0    0    0    0    0    0    0    0
    0    0    0    0    0 3301    0 3301 3301    0 4549    0    0    0
    0    0    0    0    0    0    0    0    0    0    0    0    0    0
    0    0    0    0    0    0    0    0    0    0    0    0    0    0
    0    0    0    0    0    0    0    0    0    0    0    0    0    0
    0    0    0    0    0    0    0    0    0    0    0    0 1370    0
    0    0    0    0    0    0    0    0    0    0    0    0    0    0
    0    0    0    0    0    0    0    0    0    0    0    0    0    0
    0    0    0    0    0    0    0    0    0    0    0    0    0    0
    0    0    0    0    0    0    0    0    0    0    0    0    0    0
    0    0    0    0    0    0    0    0    0    0    0    0    0    0
 1091 3341    0    0    0    0    0    0    0    0    0    0    0    0
    0    0    0    0    0    0    0    0    0    0    0    0    0    0
    0    0    0    0    0    0    0    0    0    0    0    0    0    0
    0    0    0    0    0    0    0    0    0    0    0    0    0    0
 1877    0    0    0    0    0    0    0    0    0    0    0    0    0
    0    0    0    0    0    0    0    0    0    0    0    0    0    0
    0    0    0    0    0    0    0    0    0    0    0    0    0    0
    0    0    0    0    0    0    0 1533 3766    0    0    0    0    0
    0    0    0    0    0    0    0    0    0 2440    0    0    0    0
    0    0    0    0    0    0    0    0    0    0    0  234    0    0
    0    0    0    0    0    0    0    0    0    0  229  229  229    0
    0    0    0    0    0    0 3159    0    0    0    0    0    0    0
    0    0    0  560    0    0    0    0    0    0    0    0    0    0
    0    0    0    0    0    0    0    0    0    0    0    0    0    0
    0    0    0    0    0    0    0    0    0    0    0    0    0    0
    0    0    0    0    0    0    0    0    0    0 1642 1642    0    0
    0    0    0    0 3157    0    0    0    0    0    0    0    0    0
    0    0    0    0    0    0    0    0    0    0    0    0    0    0
    0    0    0    0    0    0    0    0    0    0    0    0    0    0
    0    0    0    0    0    0    0    0    0    0    0    0    0    0
    0  634  634 3565    0    0    0    0    0]","[     0      0      0      0      0      0      0      0      0      0
 251361      0      0      0      0      0 411934      0      0      0
      0      0      0      0      0      0      0      0      0      0
      0      0      0 149495      0      0      0      0      0      0
      0      0      0      0  91453      0      0      0      0      0
      0      0      0      0      0      0      0      0      0      0
      0      0      0      0      0      0      0      0      0      0
      0      0      0      0      0      0      0      0      0      0
      0      0      0      0      0      0      0      0      0      0
      0      0      0      0      0      0      0      0      0      0
      0      0      0      0      0      0      0      0      0      0
      0      0      0      0  16698  16698      0      0      0      0
      0      0      0      0      0      0      0      0      0      0
      0      0      0      0      0      0      0      0      0      0
      0      0      0      0      0      0      0      0      0      0
      0      0      0      0      0      0      0      0      0      0
      0      0      0      0      0      0      0      0      0      0
      0      0      0      0      0      0      0      0      0      0
      0      0      0      0      0      0      0      0      0      0
      0      0      0      0 339280      0      0      0      0      0
      0      0      0      0      0      0      0      0      0      0
      0      0      0      0      0      0      0  13046      0      0
      0      0      0      0      0      0      0      0      0      0
      0      0      0      0      0      0      0      0      0      0
      0      0      0      0      0      0      0      0      0      0
      0      0      0      0      0      0      0      0      0      0
      0      0      0      0      0      0      0      0      0      0
      0      0      0      0      0      0      0      0      0      0
      0      0      0      0      0      0      0      0      0      0
      0      0      0      0      0      0      0 390638      0      0
      0      0      0      0      0      0      0      0      0      0
      0      0      0      0      0      0      0      0 328441      0
      0      0      0      0      0      0      0      0      0      0
      0      0      0      0      0      0      0      0      0      0
      0      0      0      0      0      0      0      0      0      0
      0      0      0      0      0      0 237482      0      0      0
      0      0      0      0      0      0      0      0      0      0
      0      0      0      0      0      0      0      0      0      0
      0      0      0      0      0      0      0      0      0      0
      0      0      0      0      0      0      0      0      0      0
      0      0      0      0      0      0      0      0      0      0
      0      0      0      0      0      0      0      0      0      0
      0      0      0      0 256417      0      0      0      0      0
      0      0      0      0      0      0      0      0      0      0
      0      0      0      0      0      0      0      0      0      0
      0      0      0      0      0      0      0      0      0      0
      0      0      0      0      0 400073 400073      0      0      0
      0      0      0      0      0      0      0      0      0      0
      0      0      0      0      0]","[ 17859 396122 396122 474822 403229 511581 600903 511581 511581 439302
 238757 347106  46433      0      0 110589 559219      0      0      0
 237061 251906 251906 464442 590889 499618 352721 352721 293222 115198
 115198 236167 269023  92418   1549  96714 260831  96714  96714  96714
  96714  96714  96714 260831 303113 270327 503836 407492 615997 297503
 180661 401874 327976 169483 401874 401874 615997 590889  74636 485631
 144458  54795 588359  54795  54795 469617      0 375086 383261  96714
 260831 260831 260831 615490 237010 506087 417436 392951 392951 417920
 401874 401874 401874 401874 401874 401874 401874 401874 401874 401874
 401874 401874 401874 179447 297503 179447 401874 401874 401874 401874
 401874 401874 401874 401874 401874  60184 387588  60184 143236 125492
 520237 581323 581323 597568 234854 234854 438372 618099 618099 242377
  69710 253060  14950 145470 448458 145470 234475 242377 242377 146594
 261322  66870 615490      0 469617 590889 123684 261322 469617 476036
 476036 305792 464552 229947 261705 499438 471472      0 290672 290672
  80622 383261 260831 383261 290672 220698 201575 201575 260831 260831
 260831 260831 290672 290672 290672 429865 260831 290672 260831 220698
 260831 260831 260831 260831 391515 260831 260831 260831 260831 260831
      0 260831 260831  96714 260831 260831 201575 383261 260831 260831
 260831 137768 162829 162829 474822  87493  71083 352721 260831 260831
 258648 499438 258648 506266  96714 220698 220698 180661 609263 260831
 260831 609263 220698 180661 609263 260831 609263 439422  60184  60184
 269049 373227 269049  60184 364395 364395 123778  60184  60184 456150
  60184 364395 364395  60184  60184 218365   5199 569921 454141 260831
 260831 260831 407492      0 127645 398784  53899      0      0      0
  73816  73816 101567  73816 353310  73816 339880 180506 400445 400445
  96714      0 545528 488957 103048 103048 586678 372929 355831 231719
 182164 586678 260831 388996 177891 126639 524978 524978  86942 605218
  86942  86942 389472 605218  86942 605218 299253 354025 126639  86942
 126639 126639 349446 310314 474822 301147 416417 129845 137820  98960
 507335 115896 348181 533465 185747 465223 185747 533465 465223 339800
 351558      0 158375      0      0 595425 592509 561896 236212 314107
  94669 482421 128502 128502 410325 115821 115821 560758 297662 358099
 319033 319033  61660 271081      0 489238      0  89107 260030 278188
 572268 356491 425345 425345 319417 229157 264532 264532 264532      0
 153072 260831 178161  43646 471708  65167 267344 541563 541563 541563
 541563 102437 102437  42811 388548 260831 620951 103269 544565 264661
 123396 378311 264661 378311 585704 260831 179447 585704 378311 290672
 290672 544565 297503 297503 378311 290672 290672 290672 290672 378311
 290672 180661 378311 180661 290672 290672 128012 544565 544565 544565
 544565 544565 544565 157679 128012 290672 264661 128012 290672 585704
 383261 297503 260831 157679 394609 608241 303142 303142  26499  26499
 179447 401874 401874 401874  79360      0  79978      0 524734 524734
 579827      0 340335 605628 155863 541626 541626  79978  70606  30925
 617215 288858   6062   6062   6062   6062   6062   6062   6062   6062
  20802   6062   6062 168436   6062 164700 164700 164700 164700   6062
 168436 164700 156247 156247 156247  61191  61191 158375 284641 264294
      0 226036 439317 301519  44092 500438 500438 584181 584181 486519
 389361 344659 192374 358099 358099]","[548 548 548 548 548 566   0 566 548 548 548 548 548 548 548 548 548 548
 102 548 548 548 306 548 548 548 130 548 548 548   0   0 548 511 548 548
 548 511 548 548 548 548 548 548 548 231 130 548 566 548 548 548 548 548
 548 548 548 548 566 548 511   0 548 231   0 548 566 548 548 548  67 548
 465 548 548   0 548 231 548 548 548 102 231 548 102 548 102 102 548 548
 102 548 548 548 548 548 548 548 548 548 548 548 548 548 548 548 548 548
 548 566 548 548 548 548 548 130 276 548   0   0 548 548   0   0 548 548
 306   0 548 548   0   0   0   0 548   0   0 548   0 511 548 548   0 548
 548 548 548 548 548 548 548 548 548 548 548 511 548 548 548 548 548 548
 548 548 548 548 548 548 511 548 548 548 548 548 548 548 548 548 548 548
 548 548 548 548 548 548 548 548 548 566 548 548 548   0 548 548 548 548
  67 548 548 548 548 548 548 548 548 548 548 548 102 102 548 548 548 548
 548 548 548 511 548 465 548 548   0 548 231 511   0 548 548 511 231  67
 548 548 548 548 548 548 548 548 231 548 511 548 548   0   0   0 102 102
  67 465 231 548 548 548 548 566 548 548 548 548   0 130 465 548 548  67
 548 548 130 548 548 548 548   0 548 548 102 548 548 548 231   0 548 548
 548 548 548 548   0 548 548 231 465 130 276 566 306 548 548   0 276 548
 276 548 276 548 102   0  67 548 548   0 548 548 548 548 548 548 548   0
 548 548   0 548 548 548   0 548 548 465 130 548   0 548 548 548 548   0
   0   0  67 306 548   0   0   0 548 548 548 548 548 548 231 276 548   0
 548 465 465   0 548   0 548 566  67 548 548 548 231 548 548 548 548   0
   0  67 548 548   0   0 548 548 548 548 548 548 548 548 548 548 231 548
 548 548 548 548 548 548 548 548 548   0   0 548   0   0   0   0   0   0
 130   0 548 231 548   0 548 548 548 548 276 548 548 548   0   0 548 276
 548 548   0   0   0 548 102 548 276 548 548 548 548 276 548 548 231 548
 548 548 548 548 548 548 548 548 548 548 548 548 548   0   0 566   0 548
 548 548 548 548 548 548 548   0 548 548 465   0 548   0 548 548 548]","[14  7  7  8 11  2  2  2 13  8  2 12  2  2 11  8  2  2 12  8 14  2  2  7
  2  7 14  8 14  8  2  2  2 13  2 12 14  2  2 13 11  2  2  2  7 10 10 11
 12 12  2  2  2  2  2  2  2 12 12 12  2  2  2  2  2  7  8  2  8 12 12 11
  8 14  2 10  7  2  7  7  2 12 13  2  2 13 10  2  2  2 12  2  2  2 12  2
 12 12 12  2  2  8  2  2  2  2 11  2  7 14  2  2  7 14  8  8  2 12  9  2
 11 11 10  2  8  8  8  2 10 11  2  0  0  2  8  0 13  2  0  2  8  8 10 11
  8 11  8  7  7  2  2  2  2  2  2 10  2  2  2  2  2  2  2  2  2  2  2  2
 10  2  2  2  2  2  2  2  2  2  2  2  2  2  2  2  2  2  2  2  2 12  2  2
  2  2  2  2  7  8 10 12 12 12 12 12 12 12 10 10 12 10  2 13 12 12 12  2
 11 12 11  2  2  2  8  2  2  2  2 13  2  8  2  2 14  2  8  7  8  7  8  2
  8  8  2  7 10  8 11  2  2 11 13  8 11 13 14 11  8 14 12 11  2 11  7  8
  0 14 13 11  2 10 12  2  2 12 11  8  2  0  2  2 14  2  2  0 14  0  2  2
  2  2 12 12 14  7 14  8 11 13 14  8  2 14  7  2  2  2 12 12 14 12 11 13
 11 14  8 13  8  8 12 11  7 11  7  2 12  8  2  2  2  2  2  2  2 14  2 12
  2  2  2 11 11  2  0  0 13  2 11  0  0 13  2  7  2  2  2  2 12 13 12  2
  8  0  2  0 12  2  2 11 10 12 12 12 14  2  2  2  2  2  2 11  2  2 10  2
  8  8  8  8  8  8  8  8  8 11  2 12  8  2  2  2  8  2  8 10  8  2  2  2
  2  2  2 11  2  2 10 12 11 11 11 10  2  2  2  8  2 12 14 11 11 14  8 14
  7  8  0  0  0 11 10 11  2 11  2  8 12  2  8  8 12  2  2  2  2  8  8  8
  2  8  8  2  8  2  7  2  2 14  2 12 12  8  2 11  7  2 12  0  8 11 10 13
 12  2  7 11  8]","[1772719680 1772707440 1772707140 1772706240 1772583000 1772544660
 1772544420 1772544420 1772544420 1772543460 1772542500 1772542320
 1772542320 1772542140 1772535060 1772534760 1772528160 1772527740
 1772527500 1772527440 1772527200 1772526960 1772526540 1772524500
 1772523900 1772523900 1772521020 1772520720 1772430480 1772430480
 1772430120 1772430120 1772429580 1772416020 1772416020 1772415900
 1772415900 1772415840 1772415780 1772415780 1772415780 1772415720
 1772415720 1772415600 1772414040 1772357100 1772356980 1772356860
 1772356680 1772356620 1772356620 1772356500 1772356320 1772356320
 1772356200 1772356200 1772356200 1772355060 1772355060 1772355060
 1772354880 1772354100 1772353920 1772353800 1772353740 1772353020
 1772350020 1772337120 1772298420 1772298300 1772298300 1772298180
 1772297880 1772297700 1772297700 1772297580 1772297520 1772296860
 1772296500 1772295300 1772274780 1772274720 1772274600 1772274540
 1772274540 1772274480 1772274420 1772274420 1772274060 1772274060
 1772274060 1772273880 1772273760 1772273760 1772273640 1772273580
 1772273520 1772273520 1772273340 1772273280 1772273280 1772273040
 1772273040 1772272920 1772272800 1772272200 1772272200 1772270640
 1772269920 1772269920 1772269500 1772269200 1772269020 1772269020
 1772268420 1772268120 1772242380 1772241660 1772241120 1772210340
 1772210340 1772210100 1772210100 1772210100 1772209980 1772209980
 1772209620 1772209620 1772209440 1772208900 1772204700 1772204700
 1772204700 1772204700 1772204700 1772204700 1772204700 1772204580
 1772204580 1772182260 1772182200 1772172120 1772118780 1772118720
 1772118660 1772118420 1772118240 1772118000 1772117700 1772117100
 1772116140 1772116140 1772115960 1772115480 1772115480 1772115240
 1772115240 1772115060 1772115000 1772114700 1772114640 1772114520
 1772114460 1772114460 1772114100 1772114100 1772113980 1772113980
 1772113800 1772113800 1772113740 1772113500 1772113380 1772113260
 1772113260 1772113080 1772112960 1772112900 1772112900 1772112720
 1772112600 1772112600 1772112420 1772112180 1772112180 1772111940
 1772111700 1772111580 1772111400 1772111220 1772111040 1772110740
 1772110560 1772110500 1772110500 1772109600 1772103840 1772079480
 1772079120 1772078520 1772078340 1772078280 1772078280 1772078100
 1772078100 1772077980 1772077860 1772077800 1772077800 1772077500
 1772077320 1772077320 1772077320 1772076960 1772076720 1772076600
 1772076420 1772074620 1772074620 1772029140 1772029140 1772029020
 1772029020 1772028840 1772028660 1772028540 1772028540 1772028480
 1772028480 1772028480 1772028300 1772028300 1772028180 1772028180
 1772028120 1771951260 1771948200 1771947900 1771946640 1771933800
 1771933800 1771933500 1771930200 1771914540 1771912560 1771856940
 1771854660 1771854540 1771854240 1771854180 1771854180 1771854000
 1771854000 1771853820 1771853760 1771853760 1771830120 1771829820
 1771829820 1771829580 1771675740 1771675380 1771675080 1771674840
 1771667640 1771667160 1771666980 1771666560 1771343880 1771343880
 1771343700 1771343220 1771342800 1771342560 1771342020 1771340940
 1771340520 1771340400 1771340220 1771340040 1771339380 1771338720
 1771338600 1771338360 1771338120 1771338120 1771337640 1771337520
 1771337280 1771337160 1771336980 1771336440 1771336440 1771336020
 1771335600 1770989160 1770988080 1770987600 1770987600 1770987540
 1770983220 1770983220 1770982920 1770982500 1770982320 1770982320
 1770982260 1770982260 1770982260 1770981900 1770981780 1770981420
 1770965280 1770907380 1770907260 1770907140 1770907140 1770906960
 1770906900 1770901800 1770899820 1770897300 1770896760 1770896100
 1770895020 1770894240 1770894060 1770894060 1770894000 1770889560
 1770889560 1770889440 1770888600 1770888540 1770888480 1770888480
 1770888360 1770888300 1770888300 1770877500 1770875640 1770875640
 1770864780 1770864420 1770852900 1770814860 1770814740 1770813660
 1770813300 1770813240 1770812760 1770812460 1770792000 1770791220
 1770790800 1770790620 1770789720 1770789300 1770789120 1770789060
 1770789000 1770731760 1770731580 1770688260 1770688260 1770683880
 1770606420 1770606240 1770562140 1770561840 1770561840 1770561840
 1770561720 1770561480 1770561480 1770561300 1770561240 1770561180
 1770561180 1770561120 1770561120 1770561120 1770561120 1770560940
 1770560760 1770560640 1770560520 1770560400 1770560220 1770560040
 1770560040 1770559800 1770559560 1770559440 1770559260 1770559140
 1770558960 1770558840 1770558840 1770558660 1770558600 1770558360
 1770558360 1770558240 1770558060 1770558060 1770558060 1770558060
 1770557880 1770557880 1770557880 1770557880 1770557880 1770557880
 1770557400 1770556800 1770556800 1770556560 1770555840 1770555540
 1770549540 1770549540 1770549180 1770549180 1770548640 1770548460
 1770548220 1770548100 1770533760 1770533580 1770533460 1770532200
 1770478680 1770477240 1770466320 1770466320 1770466260 1770466260
 1770465480 1770465480 1770455340 1770427260 1770388980 1770388980
 1770388620 1770387960 1770387840 1770387720 1770387420 1770386880
 1770386520 1770386460 1770386460 1770386160 1770386160 1770385740
 1770385620 1770385320 1770385200 1770385080 1770385080 1770384900
 1770384120 1770383520 1770383460 1770367380 1770367320 1770354960
 1770283800 1770283800 1770170820 1770170580 1770115620 1770111120
 1770102660 1770007380 1770006960 1769927520 1769927160 1769927160
 1769926980 1769876220 1769865780 1769865540 1769865240]"
11813046,2830668,1,1772725708,1772725630,1,,,,56.0,2.0,1.0,56.0,9.0,373.0,593.0,17.0,485.0,232.0,2.0,3.0,,[4 2],[45 17],[26 50 40 22],[375  32 149 280],[1246  695  528 1377],,2.0,,[0 9 9 2 2 8 2 3 3 8],,[0 4 9 3 5 4 6 9 5 2],1.0,10.0,,,,,3.0,,,,,,,,2.0,,,,"[ 0.11948219  0.00512806  0.11210237  0.06381088  0.02556749  0.03582919
 -0.00677675  0.02528525 -0.03878099  0.10265519 -0.03674223 -0.04237464
 -0.05493437 -0.08459631  0.10071496 -0.07388552  0.04234815 -0.02423958
  0.00366623 -0.10456534  0.00345487 -0.03086313  0.05286233 -0.00441988
 -0.11444138 -0.03329131 -0.08058491 -0.00305748  0.10711691 -0.10146452
 -0.10505533  0.07803383  0.13184185  0.09810136  0.07380148  0.09155744
 -0.09453518  0.01402329 -0.00312163  0.04807744  0.02460284 -0.10123819
 -0.06524086  0.07082886  0.0185315  -0.03706581 -0.02723293  0.12827371
 -0.0615466   0.11619797 -0.02777153  0.00518995  0.03105763  0.02773329
  0.02259541 -0.01106516  0.03648029  0.04658014 -0.02392209  0.10211515
  0.07325991 -0.0712187  -0.11835451 -0.06389832  0.00450047  0.00491135
  0.03559083  0.06889778 -0.09206445  0.10467372 -0.04846495  0.04429884
 -0.11212979  0.09349004 -0.07179134  0.07773916  0.09664445  0.1111384
  0.01007551 -0.03342759 -0.10360222 -0.04275829  0.08137036 -0.04353857
 -0.0215007  -0.08332801  0.04656827 -0.05901629  0.14120093  0.07859402
  0.04274997  0.04713619 -0.00995658 -0.09076457 -0.00619373  0.03826183
  0.04807337  0.06270205 -0.01837167 -0.07147495 -0.13261831 -0.06730566
 -0.07438918  0.06669778  0.04101335 -0.00734822 -0.03309549  0.02351204
 -0.05032017  0.01151045  0.01760098  0.00616533  0.08714404  0.15842642
 -0.08172197  0.08641424 -0.02832227  0.03667254 -0.03203572  0.07098448
 -0.0220174  -0.01543185 -0.02854802  0.08370023 -0.00200627 -0.00941468
 -0.0897166  -0.00405179  0.05130448  0.00652743  0.10382098  0.0171648
 -0.04188707 -0.08534514  0.02928706 -0.11918905  0.07323795 -0.02776462
 -0.0551701  -0.01797194 -0.07418959 -0.00964101 -0.09839881  0.08914653
  0.00472408  0.01300349 -0.0188497   0.06160139 -0.01580412  0.01137881
  0.02421469 -0.06052359  0.06235388  0.02609771  0.0377166  -0.01826345
  0.03448369  0.00091754  0.00551816 -0.01343053 -0.01754086  0.05184782
  0.00415931 -0.00915776 -0.07274161  0.01117019 -0.04268614 -0.01997835
  0.05065731 -0.08913242  0.0243969  -0.10327659 -0.05586346 -0.0614433
 -0.02652991  0.02801169  0.05602666 -0.07857109 -0.09547095 -0.03675537
  0.00016487  0.11497825  0.0665878   0.09357759  0.06432103 -0.03752253
 -0.01592491 -0.04590471 -0.05717072  0.0156607  -0.13137114  0.09219081
 -0.01633754  0.07513653  0.07824154 -0.1163192   0.02221199  0.04202004
  0.00515682 -0.07831967 -0.03578071 -0.06576049  0.0018092  -0.00440548
  0.03164851  0.01446778  0.10474548 -0.00493117 -0.07523475 -0.10699843
 -0.0199256  -0.06055399  0.04826104 -0.07155476 -0.01324502  0.08865426
  0.06216477 -0.09555352 -0.00380029  0.02930704  0.00761062 -0.05636337
  0.03856779 -0.00704611  0.05140032 -0.06785292  0.05523837  0.06429653
 -0.02082077  0.12364109 -0.01192133 -0.00418327  0.01059878 -0.03580045
 -0.03180695 -0.07053848 -0.05303411 -0.04218484  0.0309194  -0.07654712
 -0.09780781  0.01235943  0.00376952  0.02658626  0.11051665  0.02956425
  0.00468696  0.00312638  0.0096117  -0.06744014 -0.08903192 -0.08766805
  0.01173269  0.00834111 -0.0293081  -0.00427108]",[26000.666  3962.   ],[69779.      4061.6667],[69779.  5594.  3962.  2629.],[69779.  5594.  3962.  2629.],[69779.  5594.  3962.  2629.],"[ 0.2295 -0.0155  0.1602 -0.0537  0.0457  0.3088  0.0586 -0.1044  0.0312
  0.0977  0.0792 -0.2031 -0.2254 -0.061  -0.2269  0.0514  0.0245  0.4688
 -0.1434  0.033   0.1275 -0.1697  0.0219 -0.4403  0.0083 -0.1288 -0.0971
 -0.0552 -0.2812  0.0062 -0.2237 -0.0206  0.      0.      0.      0.
  0.      0.      0.      0.      0.      0.      0.      0.      0.
  0.      0.      0.      0.      0.      0.      0.      0.      0.
  0.      0.      0.      0.      0.      0.      0.      0.      0.
  0.      0.      0.      0.      0.      0.      0.      0.      0.
  0.      0.      0.      0.      0.      0.      0.      0.      0.
  0.      0.      0.      0.      0.      0.      0.      0.      0.
  0.      0.      0.      0.      0.      0.      0.      0.      0.
  0.      0.      0.      0.      0.      0.      0.      0.      0.
  0.      0.      0.      0.      0.      0.      0.      0.      0.
  0.      0.      0.      0.      0.      0.      0.      0.      0.
  0.      0.      0.      0.      0.      0.      0.      0.      0.
  0.      0.      0.      0.      0.      0.      0.      0.      0.
  0.      0.      0.      0.      0.      0.      0.      0.      0.
  0.      0.      0.      0.      0.      0.      0.      0.      0.
  0.      0.      0.      0.      0.      0.      0.      0.      0.
  0.      0.      0.      0.      0.      0.      0.      0.      0.
  0.      0.      0.      0.      0.      0.      0.      0.      0.
  0.      0.      0.      0.      0.      0.      0.      0.      0.
  0.      0.      0.      0.      0.      0.      0.      0.      0.
  0.      0.      0.      0.      0.      0.      0.      0.      0.
  0.      0.      0.      0.      0.      0.      0.      0.      0.
  0.      0.      0.      0.      0.      0.      0.      0.      0.
  0.      0.      0.      0.      0.      0.      0.      0.      0.
  0.      0.      0.      0.      0.      0.      0.      0.      0.
  0.      0.      0.      0.      0.      0.      0.      0.      0.
  0.      0.      0.      0.      0.      0.      0.      0.      0.
  0.      0.      0.      0.      0.      0.      0.      0.      0.
  0.      0.      0.      0.      0.      0.      0.      0.      0.
  0.      0.      0.      0.      0.      0.      0.      0.      0.
  0.      0.      0.      0.      0.      0.      0.      0.      0.
  0.      0.      0.      0.      0.      0.      0.      0.      0.
  0.      0.      0.      0.      0.    ]","[-0.0018 -0.1668 -0.515  -0.4476  0.3268  0.6214  0.0913  0.0702  0.02
  0.0011]",,"[-0.0018 -0.1668 -0.515  -0.4476  0.3268  0.6214  0.0913  0.0702  0.02
  0.0011]",48.0,341.0,827.0,0.0,3.0,115.0,,654.0,2.0,9291.0,0.0,,,,"[     0      0      0      0      0      0      0      0      0      0
      0      0      0      0      0      0      0      0      0      0
      0      0      0      0      0      0      0      0      0      0
      0      0      0      0      0      0      0      0      0      0
      0      0      0      0      0      0      0      0      0      0
      0 267200      0      0      0      0      0      0      0 107772
      0      0      0      0      0      0      0      0      0      0
      0      0      0      0      0      0      0      0      0      0
      0      0 797798      0      0      0      0      0      0      0
      0      0      0      0      0      0      0      0      0 461080
      0      0      0      0      0      0      0      0      0      0
      0      0 115271 176646      0      0      0      0      0      0
      0      0 267200      0      0      0      0      0      0 656280
      0      0 656280 344195      0      0 267200      0      0 499631
      0      0      0      0      0      0      0      0 709852      0
      0      0      0      0      0      0      0      0      0      0
 578143      0      0      0      0      0      0      0      0      0
      0      0      0      0      0      0 267200 267200 267200      0
 267200      0      0      0      0 656280      0      0      0      0
      0      0      0      0      0      0      0      0      0 599663
      0      0      0      0      0      0      0      0      0      0
      0      0      0      0      0      0      0      0      0      0
      0      0      0      0      0      0      0      0      0      0
      0      0      0      0      0      0      0      0      0      0
      0      0      0      0      0      0      0      0      0      0
      0      0      0      0      0      0      0      0      0      0
      0      0      0      0      0      0      0      0      0      0
      0      0      0      0      0      0      0      0      0      0
      0      0      0      0      0      0      0      0      0      0
      0      0      0      0      0]","[1772721300 1772717880 1772708520 1772694720 1772687025 1772686860
 1772686680 1772686380 1772686320 1772686200 1772686140 1772685840
 1772685720 1772685660 1772685600 1772685600 1772685480 1772685420
 1772685300 1772685240 1772685180 1772684820 1772684640 1772684460
 1772684340 1772684280 1772683740 1772683680 1772675340 1772675160
 1772674860 1772674800 1772674440 1772674380 1772674320 1772674260
 1772674080 1772673900 1772673780 1772673720 1772673420 1772673360
 1772673300 1772673240 1772673180 1772672880 1772672820 1772672700
 1772672640 1772672520 1772657595 1772527685 1772513174 1772504917
 1772499113 1772470232 1772448205 1772448167 1772448165 1772426458
 1772419041 1772343013 1772323692 1772285237 1772270330 1772265078
 1772217914 1772176800 1772176740 1772176740 1772176560 1772176500
 1772139620 1772094360 1772094078 1772094077 1772031798 1772018325
 1772017711 1771910940 1771910700 1771888040 1771886292 1771756089
 1771726920 1771724280 1771724220 1771724160 1771628638 1771586018
 1771585909 1771585903 1771504060 1771503057 1771498020 1771476189
 1771466160 1771423244 1771401733 1771400980 1771232909 1771232716
 1771007121 1770969248 1770927587 1770901901 1770901900 1770900466
 1770849846 1770732862 1770688833 1770622140 1770606469 1770576969
 1770542428 1770530820 1770530760 1770530400 1770529740 1770463204
 1770436800 1770376760 1770360491 1770279180 1770278700 1770271560
 1770130980 1770096659 1770092113 1770084776 1770061118 1770017700
 1770014400 1770011948 1769925659 1769912909 1769886993 1769831880
 1769818920 1769818768 1769816197 1769689140 1769688960 1769688780
 1769688420 1769688000 1769687820 1769675906 1769674625 1769674135
 1769673228 1769672940 1769672793 1769626844 1769556544 1769510074
 1769509980 1769509084 1769481420 1769481180 1769443995 1769440695
 1769429520 1769429315 1769410587 1769390206 1769360565 1769255700
 1769255580 1769255520 1769255460 1769255400 1769212200 1769211472
 1769176008 1769172180 1769149988 1769137402 1769137396 1769103137
 1769086573 1769078400 1769076060 1769014938 1769012940 1768945388
 1768908044 1768907400 1768894424 1768894419 1768859880 1768859820
 1768859760 1768859700 1768858320 1768852052 1768851960 1768851840
 1768850331 1768825392 1768812780 1768712269 1768711255 1768710600
 1768710473 1768709729 1768679978 1768635660 1768635480 1768635300
 1768635240 1768635240 1768635180 1768635120 1768635060 1768519020
 1768518900 1768518840 1768462920 1768462800 1768462402 1768460400
 1768460160 1768460100 1768459860 1768459740 1768459620 1768459500
 1768459440 1768459320 1768459260 1768459140 1768459080 1768459080
 1768459020 1768459020 1768458900 1768458900 1768458840 1768458780
 1768458600 1768450800 1768450680 1768450560 1768450020 1768449960
 1768449900 1768449840 1768449180 1768449000 1768448940 1768448820
 1768448700 1768448580 1768448460 1768395960 1768395840 1768395780
 1768395600 1768364580 1768362780 1768362600 1768290011 1768233082
 1768190905 1768155780 1768119064 1768119052 1767872340 1767872160
 1767766620 1767668880 1767613440 1767613140 1767613020 1767588488
 1767356496 1767356484 1767354140 1766460095 1766237700 1766211480
 1766210340 1766209620 1766209560 1766189580 1766149560 1766149500
 1766149440 1766149320 1766149260 1766149140 1765931820 1764902340
 1764902340]","[2 2 2 2 7 2 2 2 2 2 2 2 2 2 2 2 2 2 2 2 2 2 2 2 2 2 2 2 2 2 2 2 2 2 2 2 2
 2 2 2 2 2 2 2 2 2 2 2 2 2 7 7 7 7 7 7 7 7 7 7 7 7 7 7 7 7 7 2 2 2 2 2 7 2
 7 7 7 7 7 2 2 7 7 7 2 2 2 2 7 7 7 7 7 7 2 7 2 7 7 7 7 7 7 7 7 7 7 7 7 7 7
 2 7 7 7 2 2 2 2 7 2 7 7 2 2 2 2 7 7 7 7 2 7 7 7 7 7 2 2 7 7 2 2 2 2 2 2 7
 7 7 7 2 7 7 7 7 7 7 2 2 7 7 2 7 7 7 7 2 2 2 2 2 2 7 7 2 7 7 7 7 7 2 2 7 2
 7 7 2 7 7 2 2 2 2 2 7 2 2 7 7 2 7 7 2 7 7 7 2 2 2 2 2 2 2 2 2 2 2 2 2 7 2
 2 2 2 2 2 2 2 2 2 2 2 2 2 2 2 2 2 2 2 2 2 2 2 2 2 2 2 2 2 2 2 2 2 2 2 2 2
 2 2 2 7 7 7 2 7 7 2 2 2 2 2 2 2 7 7 7 7 7 2 2 2 2 2 2 2 2 2 2 2 2 2 2 2]","[ 6  6  6  6 11  6  6  6  6  6  6  6  6  6  6  6  6  6  6  6  6  6  6  6
  6  6  6  6  6  6  6  6  6  6  6  6  6  6  6  6  6  6  6  6  6  6  6  6
  6  6 11 11 11 11 11 11 11 11 11 11 11 11 11 11 11 11 11  6  6  6  6  6
 11  6 11 11 11 11 11  6  6 11 11 11  6  6  6  6 11 11 11 11 11 11  6 11
  6 11 11 11 11 11 11 11 11 11 11 11 11 11 11  6 11 11 11  6  6  6  6 11
  6 11 11  6  6  6  6 11 11 11 11  6 11 11 11 11 11  6  6 11 11  6  6  6
  6  6  6 11 11 11 11  6 11 11 11 11 11 11  6  6 11 11  6 11 11 11 11  6
  6  6  6  6  6 11 11  6 11 11 11 11 11  6  6 11  6 11 11  6 11 11  6  6
  6  6  6 11  6  6 11 11  6 11 11  6 11 11 11  6  6  6  6  6  6  6  6  6
  6  6  6  6 11  6  6  6  6  6  6  6  6  6  6  6  6  6  6  6  6  6  6  6
  6  6  6  6  6  6  6  6  6  6  6  6  6  6  6  6  6  6  6  6  6  6 11 11
 11  6 11 11  6  6  6  6  6  6  6 11 11 11 11 11  6  6  6  6  6  6  6  6
  6  6  6  6  6  6  6]","[ 840  840  840  840    0  187  840  840  840  840  840  840  840  840
   58  840  840  840  840  840  840  840  840  840  840  840  840  840
  840  840  840  840  840  840  840  840  840  840  840  840  840  840
  840  840  840  840  840  840  840  840    0    0    0    0    0    0
    0    0    0    0    0    0  215  843    0    0  766  800  800  840
  840  840    5  149    0    0  303    0    0  840  840    0  943    0
  840  840  840  840    0    0    0    0    0  762  149    0  149    0
  215  215    0    0    0    0  762    0    0    0    0    0  335  149
  215  762    0  840  840  840  840    0  840    0    0  840  840  840
  840 1006    0    0    0  840    0    0  520  143    0  840  149  343
    0  840  840  840  840  840  840  955    0  955  343  149  343    0
    0    0    0    0  840  840  306    0  149  143    0    0    0  840
  840  840  840  840  149  839    0  840    0    0    0  766    0    0
  840  762  149    0    0  840    0    0  149  149  149  149  149    0
  149  149    0  762  840    0    0  149  843  843    0  840  840  840
   58  840  840  840  840  840  840  840  840  840  843  840  840  840
  840  840  840  840  840  840  840  840    0  840  840    0   58  840
  840  840  840  840  840  840   24  800  800  800  840  840  840  840
  840  840  840  840  840  840  840  840  840  840    2  215    0  149
    0    0  840  840  840  840  840  840  840  520    0    0    0  754
  149  840  840  840  840  840  840  840  840  840  840  840   24  800
   24]","[   0    0    0    0    0 2476    0    0    0    0    0    0    0    0
  317    0    0    0    0    0    0    0    0    0    0    0    0    0
    0    0    0    0    0    0    0    0    0    0    0    0    0    0
    0    0    0    0    0    0    0    0    0    0    0    0    0    0
    0    0    0    0    0    0 1193 1499    0    0 2894 2759 2759    0
    0    0  473    0    0    0 1957    0    0    0    0    0 3386    0
    0    0    0    0    0    0    0    0    0  717    0    0    0    0
 1193 1193    0    0    0    0  961    0    0    0    0    0    0    0
 2452  717    0    0    0    0    0    0    0    0    0    0    0    0
    0    0    0    0    0 3117    0    0    0 1751    0    0    0  924
    0    0    0    0    0    0    0    0    0    0  924    0  924    0
    0    0    0    0    0    0 3242    0    0 1751    0    0    0    0
    0    0    0    0    0  670    0    0    0    0    0    0    0    0
    0 3279    0    0    0    0    0    0    0    0    0    0    0    0
    0    0    0 3279    0    0    0    0    0 1499    0    0    0    0
  317    0    0    0    0    0    0    0    0    0 1499    0    0    0
    0    0    0    0    0    0    0    0    0    0    0    0  317    0
    0    0    0    0    0    0    0 2759 2759 2759    0    0    0    0
    0    0    0    0    0    0    0    0    0    0  468 3006    0    0
    0    0    0    0    0    0    0    0    0    0    0    0    0  323
    0    0    0    0    0    0    0    0    0    0    0    0    0 2759
    0]","[    0     0     0     0     0 10003     0     0     0     0     0     0
     0     0  2728     0     0     0     0     0     0     0     0     0
     0     0     0     0     0     0     0     0     0     0     0     0
     0     0     0     0     0     0     0     0     0     0     0     0
     0     0     0     0     0     0     0     0     0     0     0     0
     0     0  7685     0     0     0  8371  7074  7074     0     0     0
   301     0     0     0  6214     0     0     0     0     0  8388     0
     0     0     0     0     0     0     0     0     0  9828     0     0
     0     0  7685  7685     0     0     0     0     0     0     0     0
     0     0     0     0  4780   369     0     0     0     0     0     0
     0     0     0     0     0     0     0     0     0     0     0     0
     0     0     0 10546     0     0     0  5257     0     0     0     0
     0     0     0     0     0     0  5257     0  5257     0     0     0
     0     0     0     0 10793     0     0  7905     0     0     0     0
     0     0     0     0     0     0     0     0     0     0     0     0
     0     0     0     0     0     0     0     0     0     0     0     0
     0     0     0     0     0     0     0  3892     0     0     0     0
     0     0     0     0     0     0  2728     0     0     0     0     0
     0     0     0     0     0     0     0     0     0     0     0     0
     0     0     0     0     0     0     0     0  2728     0     0     0
     0     0     0     0     0  7074  7074  7074     0     0     0     0
     0     0     0     0     0     0     0     0     0     0 12343  3650
     0     0     0     0     0     0     0     0     0     0     0     0
     0     0     0 10833     0     0     0     0     0     0     0     0
     0     0     0     0     0  7074     0]","[   0    0    0    0    0    0    0    0    0    0    0    0    0    0
    0    0    0    0    0    0    0    0    0    0    0    0    0    0
    0    0    0    0    0    0    0    0    0    0    0    0    0    0
    0    0    0    0    0    0    0    0    0    0    0    0    0    0
    0    0    0    0    0    0 7241    0    0    0    0    0    0    0
    0    0    0    0    0    0    0    0    0    0    0    0    0    0
    0    0    0    0    0    0    0    0    0    0    0    0    0    0
 7241 1812    0    0    0    0    0    0    0    0    0    0    0    0
 6118    0    0    0    0    0    0    0    0    0    0    0    0    0
    0    0    0    0    0    0    0    0    0    0    0    0    0 3579
    0    0    0    0    0    0    0    0    0    0 3579    0 3579    0
    0    0    0    0    0    0 6679    0    0    0    0    0    0    0
    0    0    0    0    0    0    0    0    0    0    0    0    0    0
    0    0    0    0    0    0    0    0    0    0    0    0    0    0
    0    0    0    0    0    0    0    0    0    0    0    0    0    0
    0    0    0    0    0    0    0    0    0    0    0    0    0    0
    0    0    0    0    0    0    0    0    0    0    0    0    0    0
    0    0    0    0    0    0    0    0    0    0    0    0    0    0
    0    0    0    0    0    0    0    0    0    0    0    0    0    0
    0    0    0    0    0    0    0    0    0    0    0    0    0    0
    0    0    0    0    0    0    0    0    0    0    0    0    0    0
    0]","[ 1  1 16  1  0  1 14 14  1  1 11 14 14  1  1 14 16  1  1 14 11 14 11 14
 11 11 14 11  2  2 16 11 14 14  1  2  2  1 14 11  1  1  1  1 11  1  2 16
 14  1  0  0  0  0  0  0  0  0  0  0  0  0  0  0  0  0  0  1 12 14  1 16
  0 12  0  0  0  0  0  1 14  0  0  0 16  1  1 14  0  0  0  0  0  0 16  0
 16  0  0  0  0  0  0  0  0  0  0  0  0  0  0  1  0  0  0 12  1  1 16  0
  1  0  0 16  1 12 14  0  0  0  0  1  0  0  0  0  0 16  1  0  0  1 14 11
 14  2  1  0  0  0  0 14  0  0  0  0  0  0  1 14  0  0 17  0  0  0  0 14
  1  1  1  1 17  0  0  1  0  0  0  0  0  1 16  0 12  0  0  1  0  0 16  1
  1  1 12  0  1 16  0  0  1  0  0 14  0  0  0 14  1  1 12 16 14  1 16 16
  1 14  1  1  0 14  1  1  2 14  1  1 14  1 14  1  1 14 16 16 12 16  1  2
  1 14 14  2  1 14  1  2  1  1 14  1  2  2  1 14  1  2  1  1  1  1  0  0
  0  1  0  0  2  1  1  1 14  1  1  0  0  0  0  0 14 11  1  1  1  1 16 16
 16 16  1  1 14 14  1]","[1772513506 1772510353 1771466003 1771401013 1768450160 1768450058
 1766236425]",[ 6  6 25 25  6  6 24],[ 9818053 77191418 14092342 75836938 59469174 41339815 56081532],[  0   0 683   0 169 249 367],[   0    0 2387    0    0 1624 1092],[   0    0 6396    0    0 7080 3545],[   0    0 4291    0    0    0    0],[     0      0 445380      0      0      0 314568],[ 0  0  0  0 15 15  0],[ 0  0 -1  0  0  0 -1],[ 92  97   0   0 110  87   0],[1966 3559    0    0 1797 3893    0],[ 590    0    0    0    0 9129    0],[     0 141256      0      0 221619 224648      0],"[1772510324 1772434455 1772433834 1772363779 1771826197 1770910165
 1770877051 1770876439 1770262680 1770262070 1770196927 1770042208
 1770041564 1769252333 1769252239 1769078330 1769078218 1768370714
 1767432070 1767409674 1767409664 1767409661 1767409647 1767409637
 1767008566 1767007956 1766013274 1763910060 1763742044 1763742028
 1763742007 1763741997 1763741989 1763741977 1763741961 1763069225
 1762939053 1762068584 1762068574 1761651992 1760721950 1759248557
 1759247948 1758993343 1758930210 1758587990 1758587266 1757391017
 1756631044 1755961984 1755961980 1755961953 1755961933 1755560649
 1754730146 1754619471 1751983301 1751980014 1751493439 1751347467
 1750751046 1750137058 1749363992 1749017676 1748898679 1748898654
 1748898650 1748898597 1748898589 1748898547 1748898543 1748898540
 1748898533 1748898531 1748898530 1748898528 1747100440 1747100424
 1746535691 1746192261 1746192260 1745167702 1745167692]","[31 62 31 31 31 31 62 31 62 31 31 62 31 31 31 10 31 31 31 31 31 31 31 31
 62 31 31 31 72 31 31 31 31 31 31 31 31  7 31 31 31 62 31 31 31 62 31 31
 31 31 31 31 31 31 31 72 62 31 31 31 31 31 31 31 31 10 31 31 31 31 31 31
 31 31 31 31 31 31 31 31 31 31 31]","[1048079 3137687 3137687  766287 5041975 2967062 3046709 3046709 5201389
 5201389 2047362 3223285 3223285  382910 1943803 6187330 6187330 4307313
 5529702 3543811 3543811  646360 5529702    4772 5792153 5792153 5544075
 5934118 6033286 6033286 4821411 1481368 1481368  844085 6033286 1132669
 1891449  566993  566993 2104883 4331358 4218921 4218921   35278 5146564
 2806939 2806939 2487288 4266276 1675083 1170739  158651 5014892  965926
 3825292 2091203 3331691 3331691 2120731 3786199 1583593 4136191 1667929
 1462793 6166784 3291504 3291504 5337164 5337164 5337164 3551694  478888
 1421669 1421669 1421669 1421669 5533166 4790056 1932381 1649369 2768221
 1965991 5828842]","[196 326 326 305 815 518 326 326 517 517 518 656 656 361 361 266 266  34
 630 630 630 544 630 544 656 656 595 316 656 656 106 656 656 656 656 266
 617 495 495 226 780 656 656 656 595 517 517 203 656 828 656 316 316 849
 266 439 656 656 439 656 701 316 544 656 316 323 323 323 323 323 316 348
 348 348 154 348 544 656 439 348 656 106 729]","[6534 6404 6404    0    0    0 6418 6418    0    0    0    0    0    0
    0    0    0    0 6617 1856 1856    0 6617    0    0    0 3885    0
    0    0 3299    0    0    0    0    0    0  586  586    0    0    0
    0    0 6299    0    0    0    0    0    0    0    0    0    0    0
    0    0    0    0    0    0    0    0    0    0    0    0    0    0
    0    0   -1    0    0    0    0    0    0   -1    0 3299    0]","[2 5 5 2 2 2 5 5 5 5 5 5 5 2 2 2 2 2 5 5 5 5 5 5 5 5 2 2 5 5 5 5 5 5 5 2 2
 2 2 2 2 5 5 5 5 5 5 5 5 1 5 5 5 5 2 2 5 5 5 5 2 2 1 5 5 5 5 5 5 5 5 1 5 5
 5 5 1 1 2 5 5 5 5]","[1 1 1 1 1 1 1 1 1 1 1 1 1 1 1 1 1 1 1 1 1 1 1 1 1 1 1 1 1 1 1 1 1 1 1 1 1
 1 1 1 1 1 1 1 1 1 1 1 1 1 1 1 1 1 1 1 1 1 1 1 1 1 1 1 1 1 1 1 1 1 1 1 1 1
 1 1 1 1 1 1 1 1 1]","[ 16197 521925 521925  47432  47432  16197 742019 742019 579050 579050
 127980 579050 579050 956826 956826  47432  47432  47432 170410 170410
 108975 593792 508556 593792 659628 659628  47432 167269 129911 586766
 864010 586766 864010 586766 129911  47432  47432  47432  47432 789853
 956826 436798 436798 772857 772857 772857 772857 350029 350029 951029
 716846  77947 844188 664325  47432  47432 394425 394425 728178 528480
 878081 878081 951029 946604 257964 668280 668280 668280 668280 668280
 856290 951029 988640 668280 963867 506411 951029 951029  47432 913346
 541806 436798 436798]","[1504 2366 2366  477  239 2070 2366 2366 1024 1024 2869    0    0 2862
 2862 1954 1954 1620 2233 2233 2233    0 2233    0    0    0 1449    0
    0    0 1154    0    0    0    0 1634 1523 2699 2699    0  514    0
    0    0   17 1024 1024  875    0 1421    0    0    0 2197 1954 1183
    0    0  619    0    0    0    0  530    0   74   74  169 1265  314
    0  247  191  247   46  247    0    0  619 2658  530 1154 2759]","[      0  635038  635038       0       0       0  670429  670429  414406
  414406       0  323133  323133   81298  351380  723536  723536       0
       0       0       0  236980       0  437335  323133  323133  884104
       0  416955  416955 1018891  826182  826182  323133  416955  702725
       0   85205   85205       0       0  323133  323133  323133  229829
       0       0       0  416955       0  323133  161566  161566 1064837
  120775 1065179  323133  323133  623994 1000570       0       0       0
   14934  155017  315861  315861  259525  636080  361877       0  736355
  464583  566911  369366       0  461564  745408  548422 1070277   14934
       0  841800]","[2538 8158 8158    0 9277 8280 4947 4947 3215 3215 7941    0    0 9615
 9615 7273 7273    0 3878 3878 3878    0 3878    0    0    0 1859    0
    0    0 6380    0    0    0    0 5643 8371 2772 2772    0    0    0
    0    0 8437  523  523    0    0    0    0    0    0    0 7229 4493
    0    0   45    0    0    0    0 7390    0 5703 5703 7440 5999 7480
    0 4809 8981 4809 3783 4852    0    0 7485 2326 7390 6380    0]","[ 18453404  14815417  14815417  70745533  58517415   6100689  26450233
  26450233  81000544  81000544  26643508  72521522  72521522  42341712
  28263713  54685692  54685692   7041091  33770332  19553818  19553818
  62569508  33770332  74578387 107558624 107558624  59639231  56623737
  46770215  17072207 254430189   9029869  61412001  57149752  77152390
  36859197   3796609   8717887   8717887   8913456 108611785  39768994
  39768994 171601781  59004671  20869147  20869147  38154786   7715817
 100443255 156752711 197204590  14089886 138496471 183244124  38451913
  68612503  68612503  36401314  34920177 102183845  31998696  73569477
  31456170  13242532 165410761 165410761  60503870 191138806 159326720
 185427934  19185851 237354546  13711290  44009513 107404865  26752736
  74846707  80936466  23885226  48545841  95707852 191523765]",[3 3 3 ... 3 3 3],[650 650 650 ... 650 650 650],[ 437  437  437 ...  437 3272  979],[0 0 0 ... 0 0 0],[0 0 0 ... 0 0 0],[0 0 0 ... 0 0 0],[572684 572684 572684 ...  33839 572564 151714],[566 548 548 ... 511 566 548],[ 2  7  7 ... 10 14  8],[1772713500 1772713260 1772711820 ... 1771378320 1771378320 1771377900]
8820796,268968226,1,1772725414,1772725077,4,1100.0,889.0,[ 666   52 1103],85.0,2.0,1.0,56.0,73.0,415.0,2177.0,17.0,1202.0,197.0,2.0,8.0,,[2 9],[11 27],[22 48 36 45],[163 440 280 125 237 214 348 169],[1185  143  375  626  232 1260 1059  137 1357 1221  431 1172],[11],6.0,,[0 9 9 2 2 8 2 3 3 8],[0 9 2 5 4 3 3 2 4 9],,,,2.0,2.0,,1.0,,,,,,,3.0,2.0,,,5.0,,"[ 1.18959568e-01  8.13881159e-02  7.88515657e-02  4.35722619e-02
 -2.85457186e-02  8.55990201e-02  1.83627475e-02  3.58409919e-02
 -4.94453460e-02  1.05989583e-01 -1.15943756e-02 -1.56564228e-02
 -8.10736418e-02 -5.61576076e-02  1.13380566e-01 -3.55289131e-02
  4.26079892e-02  7.80427316e-03  6.54690852e-03 -8.15616995e-02
  5.20064048e-02 -2.58823186e-02  7.50087053e-02  2.72735544e-02
 -1.06279835e-01 -4.02423963e-02 -7.76710436e-02  2.62212362e-02
  9.48401093e-02 -2.04746332e-02 -1.00676335e-01  1.15471698e-01
  9.35457274e-02 -5.13769174e-03  7.63167143e-02  9.97997075e-02
 -9.91709679e-02 -5.73406136e-03 -1.87659245e-02  8.30490217e-02
 -1.94133036e-02 -4.98128198e-02 -5.84590659e-02  4.77080457e-02
  4.81438451e-03 -6.52105287e-02 -4.15055156e-02  5.47978841e-02
 -3.49930637e-02  1.26044109e-01 -2.17230879e-02  4.88408748e-03
  3.42646465e-02  5.16747609e-02  1.25465512e-01 -2.81893499e-02
 -5.45096875e-04  4.04529981e-02 -9.22252759e-02  1.01600818e-01
  5.93772046e-02 -7.23878443e-02 -1.33800194e-01 -7.57901669e-02
  7.03761447e-03 -5.52084111e-02  4.96102013e-02  3.52867246e-02
 -9.56483707e-02  1.14661910e-01 -3.40908393e-02  2.49140635e-02
 -1.00271024e-01  9.04589742e-02 -5.76893054e-02  1.28659010e-01
  5.89155704e-02  9.44186151e-02  5.20995446e-03 -5.86023964e-02
 -9.01144296e-02 -7.32939020e-02  7.82418102e-02 -2.27274001e-02
 -2.24829447e-02 -9.02743563e-02  2.86078956e-02 -9.08720866e-02
  1.06636211e-01  1.09099165e-01 -6.27987878e-03  4.39867675e-02
 -1.46873137e-02 -5.65895922e-02 -3.86367999e-02 -6.30432889e-02
  3.73557508e-02  6.94397390e-02  7.77137885e-03  5.87098189e-02
 -1.29983678e-01 -5.44295572e-02 -4.00484353e-02  2.01433394e-02
  3.86942253e-02 -1.54952155e-02 -4.82538678e-02  1.29262507e-02
 -8.77181292e-02 -3.56067605e-02  1.68883335e-02 -1.32431248e-02
  8.45461488e-02  1.42864183e-01 -1.02384537e-01  8.38510543e-02
 -1.44398091e-02  7.64538441e-03  1.25876442e-02  6.85103461e-02
 -2.22582780e-02  1.25561695e-04 -1.62955429e-02  1.09813511e-01
 -6.38231114e-02  1.55550335e-02 -7.70741627e-02 -4.44569951e-03
  6.30078316e-02 -2.20076609e-02  5.32607287e-02  1.44412545e-02
 -3.10001057e-02 -8.24261978e-02 -5.94058540e-03 -1.44148663e-01
  4.40184660e-02 -2.55175531e-02 -1.04839869e-01  1.84671290e-03
 -2.72717252e-02  9.54160187e-03 -9.73977447e-02  6.80684522e-02
  1.42301945e-03 -8.50156993e-02  1.80605333e-02  1.26620112e-02
  1.90684907e-02  2.11275257e-02  1.10804915e-01 -1.53683331e-02
  4.30293642e-02 -4.12781611e-02 -1.61689371e-02 -2.83238944e-03
  6.06180280e-02 -4.03742976e-02  4.25007902e-02 -2.10420862e-02
 -1.95106827e-02 -5.00986166e-03  3.13372463e-02  4.94201481e-02
 -4.31402028e-02  4.33559716e-02 -5.69652691e-02 -2.32626908e-02
  8.94276649e-02 -8.78593996e-02  9.51520801e-02 -1.06725860e-02
  1.49160381e-02  6.93304185e-03  3.39379311e-02 -2.80639529e-02
  3.62087414e-02 -1.22390822e-01 -1.06373340e-01 -5.47231361e-02
  2.63095256e-02  3.75859849e-02  6.94359988e-02  9.83154252e-02
 -6.61925822e-02 -7.89891034e-02 -1.08112069e-02 -5.74140847e-02
 -8.31484795e-03 -4.89605963e-03 -1.16878115e-01  8.08485448e-02
  5.01575973e-03  8.91100988e-02  8.61138329e-02 -1.10346898e-01
 -4.20981199e-02  9.20013934e-02  3.19617130e-02 -7.35784918e-02
  8.62986594e-03 -4.00631726e-02  5.58846258e-02  7.10157771e-03
  1.08895432e-02  2.80719101e-02  1.13720074e-01 -5.43972058e-03
 -8.02013874e-02 -9.69036072e-02  3.14746685e-02 -3.34103554e-02
  3.36346477e-02 -1.02384515e-01  1.27291027e-02  7.43175671e-02
  1.08723529e-02 -9.18597057e-02  4.76448648e-02  2.39851288e-02
  1.18955690e-02 -6.27014562e-02  3.57020646e-02  5.83121292e-02
  2.40030643e-02 -4.00126539e-02  2.49310792e-03  4.40835766e-02
  6.58707367e-03  1.33210957e-01 -4.81258258e-02  1.21770157e-02
  5.91216162e-02  2.44568177e-02 -6.54614007e-04 -4.99408580e-02
 -4.37705629e-02 -6.91331998e-02  3.97925917e-03 -5.73574193e-02
 -8.78859684e-02  1.08608056e-03 -2.31534466e-02  6.16992861e-02
  1.10073693e-01  2.25786977e-02 -6.63163587e-02 -5.56286145e-03
  1.68479811e-02  1.60017349e-02  1.94949750e-02 -1.03854820e-01
  5.01258904e-03 -1.97356883e-02 -7.19195651e-03 -7.10978359e-03]",[240263.5   40254.23],[240263.5   40254.23],[240263.5   99696.25  21080.    12930.  ],"[303396.5  208697.    99696.25  21080.    18017.5   12651.5   10407.5
   7950.  ]","[303396.5  260554.67 185381.5   53124.    21080.    19109.    18017.5
  12651.5   12101.     8913.     8714.     7950.  ]","[-1.360e-02  4.200e-03  1.810e-01 -1.001e-01  1.587e-01 -8.890e-02
  1.482e-01  7.230e-02 -1.194e-01 -1.100e-01  1.772e-01 -8.700e-02
 -3.915e-01  9.610e-02 -2.127e-01  1.554e-01  1.364e-01  2.965e-01
  1.497e-01 -4.490e-02  1.237e-01  1.816e-01  3.063e-01 -4.260e-02
 -8.100e-03  4.300e-03 -6.310e-02 -5.080e-02 -4.149e-01 -1.147e-01
  2.016e-01  3.034e-01  6.110e-02 -1.098e-01 -1.139e-01 -1.916e-01
  8.490e-02 -1.545e-01 -1.460e-02 -5.460e-02 -4.000e-04  6.310e-02
  1.141e-01  2.895e-01 -2.449e-01  1.673e-01 -2.681e-01  1.388e-01
  1.283e-01  3.850e-01 -2.346e-01 -2.191e-01 -8.640e-02 -4.840e-02
 -7.320e-02 -2.855e-01  3.656e-01 -1.647e-01 -1.143e-01 -5.720e-02
 -1.840e-01  4.760e-02 -2.064e-01 -9.000e-03  4.700e-03  4.690e-02
 -1.487e-01  8.340e-02  1.190e-02 -3.360e-02  1.143e-01 -2.710e-02
  9.100e-03  1.600e-03  2.117e-01  1.740e-01 -6.270e-02 -8.060e-02
 -9.890e-02 -8.790e-02  3.355e-01  4.786e-01 -9.020e-02 -1.136e-01
  2.006e-01 -3.190e-02 -1.233e-01 -3.188e-01  1.573e-01 -3.216e-01
 -1.468e-01  2.917e-01 -3.017e-01 -4.830e-02  4.080e-02  1.100e-03
  2.050e-02  3.500e-03  5.100e-02 -3.122e-01  2.551e-01  7.800e-03
  3.700e-03 -8.980e-02  1.070e-02 -1.130e-02 -1.804e-01 -4.090e-02
 -7.690e-02 -1.503e-01 -6.070e-02  1.414e-01  1.524e-01  4.902e-01
 -1.378e-01 -3.526e-01  1.685e-01 -1.279e-01 -3.440e-02 -1.990e-01
  1.163e-01  5.360e-02 -8.790e-02  2.086e-01 -3.482e-01 -1.792e-01
  5.520e-02  1.526e-01  5.680e-02 -5.900e-02 -2.620e-02 -1.617e-01
  2.442e-01  1.495e-01  2.142e-01 -2.000e-02 -2.670e-02 -2.650e-02
  1.509e-01  2.060e-02 -2.215e-01  1.045e-01 -3.322e-01 -3.960e-02
  1.860e-02  4.882e-01 -2.155e-01 -2.670e-01  6.130e-02  1.900e-03
 -1.330e-02 -3.928e-01  9.290e-02 -2.419e-01 -3.210e-02 -3.930e-02
 -1.230e-02 -2.187e-01  7.840e-02  5.770e-02  0.000e+00  0.000e+00
  0.000e+00  0.000e+00  0.000e+00  0.000e+00  0.000e+00  0.000e+00
  0.000e+00  0.000e+00  0.000e+00  0.000e+00  0.000e+00  0.000e+00
  0.000e+00  0.000e+00  0.000e+00  0.000e+00  0.000e+00  0.000e+00
  0.000e+00  0.000e+00  0.000e+00  0.000e+00  0.000e+00  0.000e+00
  0.000e+00  0.000e+00  0.000e+00  0.000e+00  0.000e+00  0.000e+00
  0.000e+00  0.000e+00  0.000e+00  0.000e+00  0.000e+00  0.000e+00
  0.000e+00  0.000e+00  0.000e+00  0.000e+00  0.000e+00  0.000e+00
  0.000e+00  0.000e+00  0.000e+00  0.000e+00  0.000e+00  0.000e+00
  0.000e+00  0.000e+00  0.000e+00  0.000e+00  0.000e+00  0.000e+00
  0.000e+00  0.000e+00  0.000e+00  0.000e+00  0.000e+00  0.000e+00
  0.000e+00  0.000e+00  0.000e+00  0.000e+00  0.000e+00  0.000e+00
  0.000e+00  0.000e+00  0.000e+00  0.000e+00  0.000e+00  0.000e+00
  0.000e+00  0.000e+00  0.000e+00  0.000e+00  0.000e+00  0.000e+00
  0.000e+00  0.000e+00  0.000e+00  0.000e+00  0.000e+00  0.000e+00
  0.000e+00  0.000e+00  0.000e+00  0.000e+00  0.000e+00  0.000e+00
  0.000e+00  0.000e+00  0.000e+00  0.000e+00  0.000e+00  0.000e+00
  0.000e+00  0.000e+00  0.000e+00  0.000e+00  0.000e+00  0.000e+00
  0.000e+00  0.000e+00  0.000e+00  0.000e+00  0.000e+00  0.000e+00
  0.000e+00  0.000e+00  0.000e+00  0.000e+00  0.000e+00  0.000e+00
  0.000e+00  0.000e+00  0.000e+00  0.000e+00  0.000e+00  0.000e+00
  0.000e+00  0.000e+00  0.000e+00  0.000e+00  0.000e+00  0.000e+00
  0.000e+00  0.000e+00  0.000e+00  0.000e+00  0.000e+00  0.000e+00
  0.000e+00  0.000e+00  0.000e+00  0.000e+00  0.000e+00  0.000e+00
  0.000e+00  0.000e+00  0.000e+00  0.000e+00  0.000e+00  0.000e+00
  0.000e+00  0.000e+00  0.000e+00  0.000e+00  0.000e+00  0.000e+00
  0.000e+00  0.000e+00  0.000e+00  0.000e+00  0.000e+00  0.000e+00
  0.000e+00  0.000e+00]","[-0.0043 -0.1763 -0.4013 -0.4893 -0.0426  0.631   0.4038  0.0734  0.0047
  0.0007]","[-0.0043 -0.1763 -0.4013 -0.4893 -0.0426  0.631   0.4038  0.0734  0.0047
  0.0007]",,287.0,274.0,516.0,731.0,11.0,102.0,,1308.0,2.0,2327.0,0.0,,,,"[0 0 0 0 0 0 0 0 0 0 0 0 0 0 0 0 0 0 0 0 0 0 0 0 0 0 0 0 0 0 0 0 0 0 0 0 0
 0 0 0 0 0 0 0 0 0 0 0 0 0 0 0 0 0 0 0 0 0 0 0 0 0 0 0 0 0 0 0 0 0 0 0 0 0
 0 0 0 0 0 0 0 0 0 0 0 0 0 0 0 0 0 0 0 0 0 0 0 0 0 0 0 0]","[1772423760 1771562280 1770560340 1770205920 1769357760 1768737660
 1768737360 1768737300 1768737240 1768737180 1768737120 1768355160
 1768292340 1768292278 1767751080 1767363300 1767363240 1767363120
 1767363060 1767363000 1767362880 1767362820 1767332040 1767232860
 1767110460 1767110280 1767110220 1767110100 1767110040 1767109980
 1767109920 1767109800 1766805300 1766714580 1766710920 1766681280
 1766536740 1766536560 1766536440 1766417280 1766332140 1766073240
 1765856100 1765852980 1765503000 1765502880 1765502820 1765502760
 1765502460 1765502400 1765502340 1765502280 1765441380 1764686580
 1764094260 1763875980 1763778660 1763778480 1763778420 1763740320
 1763740080 1763105700 1763105580 1763105528 1763083020 1763078040
 1763078040 1763077980 1762754580 1762749120 1762748880 1762748820
 1762486260 1762269840 1762269840 1762232400 1761706920 1761706860
 1761706800 1761706500 1761706200 1761706020 1761705960 1761704280
 1761704220 1761704100 1761704040 1761703980 1761703920 1761703560
 1761629880 1761629400 1761581280 1761581160 1761228094 1760425200
 1760137500 1760137260 1760137200 1759972260 1759459860 1759317300]","[ 2  2  2  2  2  2  2  2  2  2  2  2  2 13  2  2  2  2  2  2  2  2  2  2
  2  2  2  2  2  2  2  2  2  2  2  2  2  2  2  2  2  2  2  2  2  2  2  2
  2  2  2  2  2  2  2  2  2  2  2  2  2  2  2 13  2  2  2  2  2  2  2  2
  2  2  2  2  2  2  2  2  2  2  2  2  2  2  2  2  2  2  2  2  2  2 10  2
  2  2  2  2  2  2]","[ 6  6  6  6  6  6  6  6  6  6  6  6  6 10  6  6  6  6  6  6  6  6  6  6
  6  6  6  6  6  6  6  6  6  6  6  6  6  6  6  6  6  6  6  6  6  6  6  6
  6  6  6  6  6  6  6  6  6  6  6  6  6  6  6 10  6  6  6  6  6  6  6  6
  6  6  6  6  6  6  6  6  6  6  6  6  6  6  6  6  6  6  6  6  6  6  4  6
  6  6  6  6  6  6]","[149 800 149 149 149 149 149 149 149 149 149 149 149 705 149 149 149 149
 149 149 149 149  24 149 149 149 149 149 149 149 149 149 840   0   0 149
 149 149 149 840 149 149 149   0 840 840 840 840 840 840 840 840 149 149
 149 498 840 840 840 840 840 149 149 762 149 206 800 800 149 840 840 840
 149  24 800 149 149 149 149 149 149 149 149 149 149 149 149 149 149 149
 149 149 149 149 840 840 840 840 840 149 840 840]","[   0 2759    0    0    0    0    0    0    0    0    0    0    0 3206
    0    0    0    0    0    0    0    0    0    0    0    0    0    0
    0    0    0    0 1066    0    0    0    0    0    0 3117    0    0
    0    0 1066 1066 1066 1066 1066 1066 1066 1066    0    0    0 3105
 1066 1066 1066 1066 1066    0    0  717    0 1703 2759 2759    0 1066
 1066 1066    0    0 2759    0    0    0    0    0    0    0    0    0
    0    0    0    0    0    0    0    0    0    0 1260 1066 1066 1066
 1066    0  555  555]","[   0 7074    0    0    0    0    0    0    0    0    0    0    0 1940
    0    0    0    0    0    0    0    0    0    0    0    0    0    0
    0    0    0    0 7127    0    0    0    0    0    0 1747    0    0
    0    0 1907 1907 1907 1907 1907 1907 1907 1907    0    0    0    0
 1943 1943 1943 1943 1943    0    0  369    0    0 7074 7074    0 1943
 1943 1943    0    0 7074    0    0    0    0    0    0    0    0    0
    0    0    0    0    0    0    0    0    0    0 3478 1907 1907 1907
 1907    0 5395 5395]","[   0    0    0    0    0    0    0    0    0    0    0    0    0 3134
    0    0    0    0    0    0    0    0    0    0    0    0    0    0
    0    0    0    0    0    0    0    0    0    0    0    0    0    0
    0    0    0    0    0    0    0    0    0    0    0    0    0    0
    0    0    0    0    0    0    0    0    0    0    0    0    0    0
    0    0    0    0    0    0    0    0    0    0    0    0    0    0
    0    0    0    0    0    0    0    0    0    0    0    0    0    0
    0    0    0    0]","[16 12 14 14 14  1  1  1 16 14  1 12 16 17 12  1  1 14  1 14 16  1 12  1
  1  2 12 14  1 14 16  1  1  1 11 12 14 14 14 14 14 14 14  1  1 16  1  2
  1 14 14  1 14  1 12 16 14  1  1 14 14 16  1 17 14 12  1 16  2 14 12 14
  1 16  1  1 16  1 12  1 14  1  1 17  1  1 14 12 14  1  1 14  1  1  0  1
  1  1 16 12 12 12]","[1771951175 1771951166 1763078281 1763078281 1763078092 1763078092
 1762754580 1762749120 1762748880 1762748820 1762232400 1761706380
 1761706200 1761706175 1761706080 1761706079 1761706053 1761706020
 1761706016 1761705960 1761704280 1761704220 1761704219 1761704135
 1761704124 1761704100 1761704040 1761703988 1761703980 1761703955
 1761703920 1761703668 1761703560 1761703468 1761629880 1761629839
 1761629778 1761629400 1761581280 1761581160 1760137500 1760137260
 1760137200 1759972260 1759909620 1759909500 1759764840 1759683360
 1759317300 1759317265 1759299780 1759299780 1759299780]","[20 20 22 22 22 22 19 19 19 19 19 19 19  5 19  5  5 19 26 19 19 19 20 24
 24 19 19 24 19 24 19 24 19 24 19 20 24 19 19 19 19 19 19 19 19 19 19 19
 19 22 19 19 19]","[28351362 28351362 53086861 65012965  7636787 36425179  3922986 32017126
 32017126 32017126  3922986  3922986  3922986 42647977  3922986 42647977
 42647977  3922986 42647977  3922986  3922986  3922986 61737836 44447174
 44447174  3922986  3922986 44447174  3922986 44447174  3922986 44447174
  3922986 44447174  3922986 61597819 44447174  3922986  3922986  3922986
 36756689 36756689 36756689 54668214  3922986  3922986  3922986  3922986
 11963100 49374535 49021478 57457139 72042800]","[274 274 495 638 544 544 385 472 472 472 385 385 385 107 385 107 107 385
 107 385 385 385 246 107 107 385 385 107 385 107 385 107 385 107 385 246
 107 385 385 385 472 472 472 385 385 385 385 385 472 544 555 555 479]","[ 394  394 2274  908  679  679    0 1677 1677 1677    0    0    0 1647
    0 1647 1647    0 1647    0    0    0 1629 1647 1647    0    0 1647
    0 1647    0 1647    0 1647    0 1629 1647    0    0    0 1677 1677
 1677    0    0    0    0    0 1191  679  797  797    0]","[5675 5675 8387 5314 8103 8103    0  766  766  766    0    0    0 8382
    0 8382 8382    0 8382    0    0    0 5848  327  327    0    0  327
    0  327    0  327    0  327    0 5848  327    0    0    0 8517 8517
 8517    0    0    0    0    0 9501 8103 9031 9031    0]","[2155 2155    0    0    0    0    0    0    0    0    0    0    0    0
    0    0    0    0    0    0    0    0 5598    0    0    0    0    0
    0    0    0    0    0    0    0 5598    0    0    0    0    0    0
    0    0    0    0    0    0    0    0    0    0    0]","[     0      0      0      0      0      0      0      0      0      0
      0      0      0 165447      0 165447 165447      0 165447      0
      0      0      0      0      0      0      0      0      0      0
      0      0      0      0      0      0      0      0      0      0
      0      0      0      0      0      0      0      0      0      0
      0      0      0]","[15 15  0  0  0  0 15 26 26 26 15 15 15 15 15 15 15 15 15 15 15 15 15  0
  0 15 15  0 15  0 15  0 15  0 15 15  0 15 15 15 26 26 26 15 15 15 15 15
 26  0 15 15 10]","[94583 94583     0     0     0     0     0     0     0     0     0     0
     0     0     0     0     0     0     0     0     0     0 45843 45843
 45843     0     0 45843     0 45843     0 45843     0 45843     0 45843
 45843     0     0     0     0     0     0     0     0     0     0     0
 35008     0 45139 45139 41475]","[ 88  88   0   0   0   0 110 152 152 152 110 110 110  62 110  62  62 110
  62 110 110 110  62   0   0 110 110   0 110   0 110   0 110   0 110  62
   0 110 110 110 152 152 152 110 110 110 110 110 151   0  83  83  83]","[3451 3451    0    0    0    0 1798 2017 2017 2017 1798 1798 1798 3876
 1798 3876 3876 1798 3876 1798 1798 1798 3876    0    0 1798 1798    0
 1798    0 1798    0 1798    0 1798 3876    0 1798 1798 1798 2017 2017
 2017 1798 1798 1798 1798 1798 3106    0 1307 1720 1307]","[ 4726  4726     0     0     0     0  2265  9287  9287  9287  2265  2265
  2265  3428  2265  3428  3428  2265  3428  2265  2265  2265  3428     0
     0  2265  2265     0  2265     0  2265     0  2265     0  2265  3428
     0  2265  2265  2265  6608  6608  6608  1129  2265  2265  2265  2265
 10740     0  8448     0  8448]","[ 61236  61236      0      0      0      0      0  36840  36840  36840
      0      0      0 148992      0 148992 148992      0 148992      0
      0      0 148992      0      0      0      0      0      0      0
      0      0      0      0      0 148992      0      0      0      0
      0      0      0      0      0      0      0      0  70720      0
 126617  38718      0]","[1772423416 1771951134 1771692774 1771055891 1770559621 1770556121
 1770556116 1770205968 1770205772 1769357689 1768807390 1768737540
 1768737515 1768737488 1768737465 1768737447 1768737425 1768737418
 1768737399 1768737381 1768737357 1768737353 1768737318 1768737290
 1768737240 1768737034 1768584127 1768378962 1768355061 1768292298
 1768292232 1768233366 1768184799 1768179947 1767750579 1767749448
 1767411059 1767411052 1767361504 1767361470 1767361426 1767361387
 1767361373 1767361349 1767361300 1767361259 1767361216 1767361164
 1767361122 1767360930 1767232972 1767232770 1767110132 1767110048
 1767109962 1767109923 1767109880 1767109674 1767023921 1766938902
 1766681042 1766542687 1766536201 1766420787 1766417002 1766332068
 1766072955 1765863746 1765852804 1765441238 1765243074 1764685715
 1764170620 1764094095 1763874895 1763691138 1763105535 1763105490
 1763082882 1763078163 1763078012 1763077940 1762821788 1762754263
 1762486045 1762232188 1761703450 1761629756 1761629225 1761581072
 1759972117 1759909428 1759909411 1759909400 1759909383 1759909372
 1759764636 1759683204 1759682114 1759317335 1759317090 1759026587
 1758859471 1758588049 1758298192 1758243613 1758096723 1758072455
 1758072393 1758069536 1758064385 1758015765 1758013616 1758012489
 1758012469 1758000219 1757987598 1757922674 1757176899 1756877500
 1756832585 1756313811 1756297390 1755964330 1755931719 1755880581
 1755847656 1755846816 1755756741 1755535857 1755191308 1755019040
 1754981852 1754844903 1754760083 1754670013 1754589183 1754588876
 1754588623 1754378659 1753116461 1752682938 1752423449 1752422407
 1752387825 1752218179 1752078337 1751962176 1751904904 1751903469
 1751785779 1751537719 1751537713 1751302724 1751268768 1750579683
 1750579656 1750579612 1750231864 1750231722 1750094332 1750093711
 1750093149 1750053019 1750005137 1749888617 1749833239 1749403235
 1748769204 1748709381 1748363724 1748361806 1748361741 1748361591
 1748361530 1748048902 1748019933 1748019889 1748018821 1747986137
 1747985089 1747961499 1747934128 1747933664 1747933045 1747846596
 1747757842 1747757651 1747641276 1747641187 1747641095 1747641064
 1747641058 1747641004 1747640966 1747640909 1747640896 1747640860
 1747640846 1747640801 1747640784 1747640709 1747640660 1747640574
 1747413256 1747413180 1747413125 1747413039 1747412968 1747412960
 1747412903 1747412889 1747412836 1747412751 1747412737 1747412686
 1747412683 1747412613 1747412546 1747412488 1747385425 1747384456
 1747328451 1747328046 1747209319 1747155548 1747154919 1746952321
 1746952217 1746895063 1746722800 1745397976 1745341298 1745049849
 1744559753 1744559663 1744131349 1744131253 1744013099 1743490029
 1743060050 1743005669 1742746146 1742488586 1742054219 1741799267
 1740471884 1740385396 1740385123 1740384477 1739780435 1739379102
 1739290308 1739288591 1739262910 1739262766 1739116732 1738686376
 1738399560 1738399482 1738167810 1737272311 1736785292 1736770507
 1736770170 1736262389 1735288645 1735201702 1735201645 1735200901
 1735027052 1734710524 1734507750 1734340005 1734003525 1733472468
 1733410805 1732900734 1732900488 1732727071 1732552982 1731951281
 1731774780 1731773600 1731656582 1731656496 1731171476 1729065268
 1729063430 1727459519 1725784921 1724603932 1724257213 1724257119
 1724054007 1723710371 1723535980 1723506468 1721113566 1721113442
 1720857129]","[31 31 31 31 31 31 31 39 31 31 31 39 39 39 39 39 39 39 39 39 39 39 39 39
 39 31 31 31 31 65 31 31 31 31 31 31 31 31 39 39 39 39 39 39 39 39 39 39
 39 31 39 31 39 39 39 39 39 31 31 31 31 31 31 31 31 31 31 31 31 31 31 31
 31 31 31 31 65 31 31 10 31 31 31 31 31 31 31 31 31 31 31 31 31 31 31 31
 31 31 31 10 31 31 31 31 31 31 31 31 31 31 31 31 31 31 31 31 31 31 31 31
 31 31 31 31 31 31 31 31 31 31 31 31 31 31 31 31 31 31 31 31 31 31 31 31
 31 31 31 31 31 31 31 10 31 31 31 65 31 31 65 31 31 31 31 31 31 50 31 31
 31 31 31 39 39 31 31 31 31 31 31 31 31 31 31 31 31 31 39 31 39 39 39 39
 31 39 31 39 31 31 39 31 39 31 31 31 39 39 39 31 39 31 31 39 39 31 39 39
 31 31 31 31 31 31 31 31 31 31 31 65 31 31 31 31 31 31 10 31 65 31 31 31
 31 31 31 31 31 31 31 31 31 31 31 31 31 31 65 31 31 31 65 31 31 31 31 72
 31 31 31 65 31 31 31 31 31 31 31 31 31 31 31 31 31 31 31 31 65 31 31 31
 31 31 31 31 65 31 31 31 31 31 31 31 31]","[ 491178  607490 3783965  218314 3252209 6005935 6005935 6005935 6005935
 3056156 5239012 6238444 6238444 6238444 6238444 6238444 6238444 6238444
 6238444 6238444 6238444 6238444 6238444 6238444 6238444 6238444  844715
 2695810 5957440 5841754 5841754 3266542 3694272 4563402 4326316 4258223
  199648  199648  218314  218314  218314  218314  218314  218314  218314
  218314  218314  218314  218314  218314  218314  218314 3485794 3485794
 3485794 3485794 3485794 3485794 1495716 1984728 2607244  358340 5584973
 4116786 1654668 3532103  226218  226218 2603868 4113602 2673654 4113602
 5661610 2673654  647477 5423185 3909301 3909301 2650934  488963  488963
 4677758 3418060 1815633 5601080 3867237 5439856 5439856 3460023 3744302
 4889454 3767293 3767293 3767293 3767293 3767293 5601080 4166055 3573771
 3171987 3171987 1467224  892303 3573771 4861986  436290 3760140 3262563
 3262563  676186 2252496 5412883 3262563 1714211 1714211 4810678 5052835
 5052835 5804804 4059522 2521652 4518265 6009630  705396 2518908 4166055
  942550 2760026 5693247  436290   92377  301311  164617 4265084  386903
  319403  319403 4403221 5549415 5372452 3667303 4283414 4070731 3381189
 5340242 1549043 4789422 2283084 4070731 5340242 5340242 2169487 2169487
 5835658 1259597 1086780 1086780 1086780 5264027 5264027 5264027 1314824
 5440867 4019213  325364 4320618 1981018 1178722 4070595 5584973 4519435
 5584973 5584973 5584973 5584973 2251803 3474703 3474703 2251803 3083029
 3397578 2991051 2727096 5508942 1126317 1126317 5584973 5584973 5584973
 5584973 5584973 5584973 5584973 5584973 5584973 5584973 5584973 5584973
 5584973 5584973 5584973 5584973 5584973 5584973 5584973 5584973 5584973
 5584973 5584973 5584973 5584973 5584973 5584973 5584973 5584973 5584973
 5584973 5584973 5584973 5584973 3636072  768944 5212919 4186416 3080864
 2727096 4414930 5640155 5640155 1352899 2727096 5800485 4761932 5371268
 2747374 2747374 2780042 2780042  533911 2938807 3523359 3149304 1557929
 3042896 2141181 1076425 4357899 5993919 1533555 1274917 4295847  780864
 2793052 2892604 2347097 2347097 6152210  582948 5343776 5343776 2421840
 5955191 5448993 2706697 2706697 3251742 1354551 3457301 3457301 1744979
 4347072 4119629  129889 4830262 4308056 4830262 4521470 5145617 4285490
 4830262 3118602 5808282 1473097 4830262 4106449 4106449 4830262 3433014
 3149659 1327665 2461729 1128183 2310050 2310050 5229319 1128183  219424
 3965545 1231311 1231311 2849330]","[196 196 513 854 154 629 629 386 386 154 326 106 106 106 106 106 106 106
 106 106 106 106 106 106 106 106 799 513 272 106 106 513 106 106 677 196
 154 154 386 386 386 386 386 386 386 386 386 386 386 386  81  81 196 196
 196 196 196 196 106 154 456 456 154 595 595 595 802 426 729 820 272 820
 513 513 154 456 684 684 684 851 851 851 154 154 517 684 326 326 517 517
 154 326 326 326 326 326 517 517 517 851 851 196 802 517 517 517 517 517
 517 517 517 517 517 517 517 517 517 517 517 106 272 517 517 517 517 517
 517 517 517 517 154 595 595 106  64 595 595 154 595 154 595 196 154 154
 154 106 154 154 154 154 154 439 439   0 677 106 106 106 802 802 802 802
 802 802 802 595 802 802 802 440 595 154 154 154 154 595 595 595 595 595
 595 595 595 595 595 595 154 154 154 154 154 154 154 154 154 154 154 154
 154 154 154 154 154 154 154 154 154 154 154 154 154 154 154 154 154 154
 154 154 154 154 595 595 595 595 595 595 595 196 196 196 595 196 196 196
  14  14 106 106 196 106 196 196 799 106 595 595 838 196 154 196 802 595
 154 154 154 154 595 595 677 677 799 677 595 656 656 595 326 196 196 677
 677 677 106 677 802 677 196 196 196 677 677 802 802 677 802 802 677 196
 677 196 677 802 196 196 513 802 326 196 196 196 196]","[4660 5243 4769    0 5254    0    0 4426 4426 5254 5039 2669 2669 2669
 2669 2669 2669 2669 2669 2669 2669 2669 2669 2669 2669 2669    0    0
    0 4735 4735 4769 4735 4735    0  713   -1   -1 3022 3022 3022 3022
 3022 3022 3022 3022 3022 3022 3022 3022 6663 6663    0    0    0    0
    0    0 4735 5815    0    0 4910 5509 1581 6348 4192  756    0 2446
    0 2446    0    0 5680    0    0    0    0    0    0    0 2098 2098
 2759    0 3849 3849 2759 2979 1811 6239 6239 6239 6239 6239 2759 2759
 2759    0    0  713 4010 2759 2759 2759 2979 2979 2979 2759 2759 2979
    0 2759 2759 2759 2979 2979    0 4735    0 2979 2759 2759 2979 2979
 2979 2979 2979 2979 6213    0 5213 3402 3218    0    0 5005    0 5254
 3793 5403 5254 5254 5254 3128 5254 5254 5254 5254 5254    0    0    0
    0 5046 5046 5046 6166 6166 6166 6166 6348 2872  907  448 2295 4010
 6348    0    0    0    0    0    0 6841    0    0 6841 1581 1581 3793
 1581    0  235    0    0    0    0    0    0    0    0    0    0    0
    0    0    0    0    0    0    0    0    0    0    0    0    0    0
    0    0    0    0    0    0    0    0    0    0  234    0    0 1581
 6723 1581    0 1719 1719 1719 1581 5403 5403 5403 3336 3336 4735 4735
  474 4735 1719 5403    0 4735 6078    0    0 2203 6213 2203 1964    0
 5254 5254 5254 5254 6078 5213    0    0    0    0    0    0    0  234
 2441 5393 5393    0    0    0 3299    0 2295    0 5403 1719 5403    0
    0 6348 2886    0 2295 2295    0 3821    0 1719    0 2872 5403 5403
 2360 2872    0 5403    0    0 5403]","[2 2 2 2 2 2 2 2 2 2 2 2 2 2 2 2 2 2 2 2 2 2 2 2 2 2 2 2 2 2 2 2 2 2 2 2 2
 2 2 2 2 2 2 2 2 2 2 2 2 2 2 2 2 2 2 2 2 2 2 2 2 2 2 2 2 2 2 2 2 2 2 2 2 2
 2 2 2 2 2 1 1 1 2 2 2 2 2 2 2 2 2 2 2 2 2 2 2 2 2 2 2 2 2 2 2 2 2 2 2 2 2
 2 2 2 2 2 2 2 2 2 2 2 2 2 2 2 2 2 2 2 2 2 2 2 2 2 2 2 2 2 2 2 2 2 2 2 2 2
 2 2 2 5 5 2 2 2 2 2 2 2 2 2 2 2 2 2 2 2 2 2 2 2 2 2 2 2 2 2 2 2 2 2 2 2 2
 2 2 2 2 2 2 2 2 2 2 2 2 2 2 2 2 2 2 2 2 2 2 2 2 2 2 2 2 2 2 2 2 2 2 2 2 2
 2 2 2 2 2 2 2 2 2 2 2 2 2 2 2 2 2 2 2 2 2 2 2 2 2 2 2 2 2 2 2 2 2 2 2 2 2
 2 2 2 2 5 5 2 2 2 2 2 2 2 2 2 2 2 2 2 2 2 2 2 2 2 2 2 2 2 2 2 2 2 2 2 2 2
 2 1 2 2 2]","[1 1 1 1 1 1 1 1 1 1 1 1 1 1 1 1 1 1 1 1 1 1 1 1 1 1 1 1 1 1 1 1 1 1 1 1 1
 1 1 1 1 1 1 1 1 1 1 1 1 1 1 1 1 1 1 1 1 1 1 1 1 1 1 1 1 1 1 1 1 1 1 1 1 1
 1 1 1 1 1 1 1 1 1 1 1 1 1 1 1 1 1 1 1 1 1 1 1 1 1 1 1 1 1 1 1 1 1 1 1 1 1
 1 1 1 1 1 1 1 1 1 1 1 1 1 1 1 1 1 1 1 1 1 1 1 1 1 1 1 1 1 1 1 1 1 1 1 1 1
 1 1 1 1 1 1 1 1 1 1 1 1 1 1 1 1 1 1 1 1 1 1 1 1 1 1 1 1 1 1 1 1 1 1 1 1 1
 1 1 1 1 1 1 1 1 1 1 1 1 1 1 1 1 1 1 1 1 1 1 1 1 1 1 1 1 1 1 1 1 1 1 1 1 1
 1 1 1 1 1 1 1 1 1 1 1 1 1 1 1 1 1 1 1 1 1 1 1 1 1 1 1 1 1 1 1 1 1 1 1 1 1
 1 1 1 1 1 1 1 1 1 1 1 1 1 1 1 1 1 1 1 1 1 1 1 1 1 1 1 1 1 1 1 1 1 1 1 1 1
 1 1 1 1 1]","[ 789853  789853  789853  956826  789853  956826  956826  956826  956826
  789853  789853  956826  956826  956826  956826  956826  956826  956826
  956826  956826  956826  956826  956826  956826  956826  956826  789853
  789853  789853  789853  789853  789853  789853  789853  789853  789853
  956826  956826  956826  956826  956826  956826  956826  956826  956826
  956826  956826  956826  956826  956826  956826  956826  956826  956826
  956826  956826  956826  956826  789853  956826  789853  789853  956826
  789853  789853  789853  789853  789853  789853  789853  789853  789853
  789853  789853  956826  789853  789853  789853  789853  619106  619106
  619106  789853  789853  789853  789853  956826  789853  789853  789853
  789853  789853  789853  789853  789853  789853  789853  789853  789853
   16797   16797  789853  789853  956826  789853  789853  956826  789853
  789853  789853  789853  789853  789853  789853  789853  789853  789853
  789853  789853  789853  789853  789853  956826  789853  789853  789853
  789853  956826  956826  789853  789853  789853  789853  789853  789853
  789853  789853  789853  789853  789853  789853  789853  789853  789853
  789853  789853  789853  789853  789853  789853  789853 1040618 1040618
  789853  789853  789853  789853  789853  789853  789853  789853  789853
  789853  789853  789853  956826  789853  789853  789853  956826  789853
  956826  956826  956826  956826  956826  789853  789853  956826  789853
  789853  789853  789853  789853  789853  789853  956826  956826  956826
  956826  956826  956826  956826  956826  956826  956826  956826  956826
  956826  956826  956826  956826  956826  956826  956826  956826  956826
  956826  956826  956826  956826  956826  956826  956826  956826  956826
  956826  956826  956826  956826  789853  789853  789853  789853  789853
  789853  789853  789853  789853  789853  789853  789853  789853  789853
  956826  956826  789853  789853  956826  789853  789853  789853  789853
  789853  789853  789853  956826  789853  789853  789853  789853  789853
  789853  789853  789853  789853  789853  789853  789853  789853  789853
  789853  789853   16731   16731  789853  956826  789853  789853  789853
  789853  789853  956826  789853  789853  789853  956826  789853  789853
  789853  789853  789853  789853  789853  789853  789853  789853  789853
  789853  789853  789853  789853  789853  789853  956826  789853  956826
  371930  789853  789853  789853]","[1504 1504  960  285 1227 1361 1361 1325 1325 1227  384 2771 2771 2771
 2771 2771 2771 2771 2771 2771 2771 2771 2771 2771 2771 2771 1979 1297
   15 2771 2771  960 2771 2771 1059 1504   46   46 1325 1325 1325 1325
 1325 1325 1325 1325 1325 1325 1325 1325 1278 1278 1504 1504 1504 1504
 1504 1504 2771 1987 2347 2347  453  436   17 2507  116  311 2759  941
  370  941 1297 1297  453 2347 2506 2506 2506 1311 1311 1311 1923 1923
  999 2506  384  384  999  999   46  384  384  384  384  384  999  999
  999 1311 1311 1504  116  999  999  999  999  999  999  999  999  999
  999  999  999  999  999  999 1017 2771 2487  999  999  999  999  999
  999  999  999  999 1987   17   17 2771 1539   17   17  453   17 1227
 2756 1504 1227 1227 1227 2771 1227 1227 1227 1227 1227  716  716    0
  930 1154 1154 1154  116  116  116  116  116  116  116 2952  116  116
  116 1627   17 1987 1987 1987 1987 2756   17   17 2756   17   17 2756
   17   17 2756   17 1987 1987 1987 1987 1987 1987 1987 1987 1987 1987
 1987 1987 1987 1987 1987 1987 1987 1987 1987 1987 1987 1987 1987 1987
 1987 1987 1987 1987 1987 1987 1987 1987 1987 1987   17   17   17   17
  368   17   17 1504 1504 1504   17 1504 1504 1504 1481 1481 2771 2771
 1812 2771 1504 1504 2105 2771   17   17 2609 1480 1987 1480  116   17
 1227 1227 1227 1227   17   17  930  930 2754  930   17    0    0   17
 1540 1504 1504  930 1434 1434 1154 1434  116 1434 1504 1504 1504 1434
 1434  116  116 1434  116  116 1434 1504 1434 1504   32  116 1504 1504
  787  116 2203 1504    0    0 1504]","[ 951372       0  367154  645689  232220  879486  879486  890700  890700
  232220  748489  212942  212942  212942  212942  212942  212942  212942
  212942  212942  212942  212942  212942  212942  212942  212942       0
   46991       0  505813  505813   95801 1053047       0  343481 1053963
  107800  107800  493028  493028  493028  493028  493028  493028  493028
  493028  493028  493028  493028  493028       0       0  831665  831665
  831665  831665  831665  831665  759711  542501  409922  409922       0
  212028  559972  155712  422130  205522       0  831345       0  978277
   46991   46991  781692       0       0       0       0  150593  150593
  211061  232220  232220 1023390       0       0       0  395946  765394
       0       0       0       0       0       0       0  540288  395946
  905124  905124  835314       0  395946 1049583       0       0       0
       0  395946  395946       0  740516  395946  395946  540288       0
       0  326134  550111  247971       0  395946  395946 1013843       0
       0 1013843 1013843       0  831228  693903       0  929573  216499
  281223  281223       0  693903  862803  376762  759806  501921  685602
  775275  420789  775275  171940  501921  775275  775275  809325  809325
       0  741840  290751  290751  290751   35228   35228   35228   35228
  625345  961927  539210       0  521206  153736  286871  485394  870585
       0       0       0       0  345627       0       0  345627       0
       0  376762       0       0  462131       0       0       0       0
       0       0       0       0       0       0       0       0       0
       0       0       0       0       0       0       0       0       0
       0       0       0       0       0       0       0       0       0
       0       0       0       0  231624  741868  741868       0  428930
       0       0  111328  111328  934952  340524  419171  419171  759806
 1031678 1031678  530833  530833  139533  478756  934952 1006964  669820
  478756       0       0       0   16249  172018  714007       0       0
  779997  318161  741514  741514       0  907179 1013502 1013502  624139
 1013502  870585  826182  826182  904993  926908  444154  444154 1067269
  582592  582592  254561  582592       0  582592  870588  934952  419171
  582592  582592  478148  221125  582592  408716  408716  582592  947513
  582592  804277  887576  281061  752236  752236  440807  281061       0
  858301       0       0 1009460]","[8504 2538 6888  482 7557    0    0 1351 1351 7557 5627 9566 9566 9566
 9566 9566 9566 9566 9566 9566 9566 9566 9566 9566 9566 9566 9500  144
 1210 2423 2423 6888 2423 2423 1357  445 3783 3783 4708 4708 4708 4708
 4708 4708 4708 4708 4708 4708 4708 4708 2905 2905 3043 3043 3043 3043
 3043 3043 2423 8457 6370 6370 8338 4620 8437 5541 3887 2298    0 7732
 9095 7732  144  144 8338 3574  205  205  205 8187 8187 8187 8104 8104
 7792 4759 9123 9123 7792 7792 4962 9123 9123 9123 9123 9123 7792 7792
 7792 8187 8187  445 3529 7792 7792 7792 7792 7792 7792 7792 7792 7792
 7702 7792 7792 7792 7792 7792 7681 2423 6201 7792 7792 7792 7792 7792
 7792 7792 7792 7792 8457 8306 9224 9566 3159 2977 2977 8338 8306 7557
 5306 2802 7557 7557 7557 9566 7557 7557 7557 7557 7557 3459 3459    0
 5772 7894 7894 7894 8994 8994 8994 8994 1643 3086 3086 4905 8994 3529
 1643  813 8306 3946 3946 3946 3946 3513 8306 8306 3513 8437 8437 5306
 8437 8306 5306 8306 3946 3946 3946 3946 3946 3946 3946 3946 3946 3946
 3946 3946 3946 3946 3946 3946 3946 3946 3946 3946 3946 3946 3946 3946
 3946 3946 3946 3946 3946 3946 3946 3946 3946 3946 9224 8306 8306 8437
 6380 8437 8306 2538 2538 2538 8437 2802 2802 2802 5605 5605 2423 2423
 3139 2423 2538 2802  171 2423 8437 8306 7355 7459 8457 7459 8994 8306
 7557 7557 7557 7557 8437 9224 5772 5772 1672 5772 8306    0    0 9224
 9465 2538 2538 4002 4284 4284 6380 4284 8994 4284 2802 2538 2802 4284
 4284 1643 6623 4284 8994 8994 4284  445 4284 2538 1707 3086 2802 2802
 1440 3086    0 2802    0    0 2802]","[  8582059  65470825  75667735  16423927  69025183  15812174  15812174
  64642951  64642951  34467491  49283049  14315236  14315236  14315236
  14315236  14315236  14315236  14315236  14315236  14315236  14315236
  14315236  14315236  14315236  14315236  14315236  18193072  91583983
  43377337  42409660  42409660  55724033  31568013 101105395 106904581
  44224976  57984221  57984221  92698433  92698433  92698433  92698433
  92698433  92698433  92698433  92698433  92698433  92698433  92698433
  92698433  51609904  51609904 107051826 107051826 107051826 107051826
 107051826 107051826  53050613  88100471  65044541  58637442 100455174
  83606901  32742111  20010419  42159259  45859828  75435474  66323330
  40177669  56139351  64064737  37251367  75685329  32110067   2094708
   2094708  20792863  69686263  69686263  68907959  42021321  91539309
  67586797  68599133  37567884 230632002  31735974   4532390 102858632
  49141741  49141741  49141741  49141741  49141741  52779236  84284272
  94546392  83699574  83699574  95172060 105057517   9196608  75791819
  27983950  67733311  74782797  74782797 212179159 101411693  58392753
 184240555 100146929 100146929  96929958   5660109  22501915 100193520
  27110995  62280787  21876070  93510652  11556599  63553115  83790617
  89094216 257160027  35909519  24042101 107961433  20983574  56727767
  68227841    360018  81498251  48903948  62437947  49027300  42689661
 265034844  87311353  81202453  40469797  85991066  68470470  53861973
  88325080  66783556  15144144  22505046  55400694  55400694  97703222
  97256703  50587261  50587261  50587261  51775267  51775267  47082342
  81742765  33132337  19528619  97440268  51099020  84178464  19897908
  20835956  94818558  36428182  34071491  34071491  34071491  34071491
  18909588 102650640 102650640  18909588  16266341 240623275 107625003
  41917716  47419533 102538449  85202243  34071491  34071491  34071491
  34071491  34071491  34071491  34071491  34071491  34071491  34071491
  34071491  34071491  34071491  34071491  34071491  34071491  34071491
  34071491  34071491  34071491  34071491  34071491  34071491  34071491
  34071491  34071491  34071491  34071491  34071491  34071491  34071491
  34071491  34071491  34071491   1698780  70333685  16302395  22071166
  33148570  20961237  10880620  56160995  56160995  90940207  80195667
  97753256  86950920  94660882  28655129  28655129  29170514  29170514
  30604421  66316099  94500771  77749472  84854044  79536516  66114421
  82426297  49336920  25988291  24673244  27736111  14608410 106285441
   2535449  13390401 104247600 104247600  17785041 171035473  96037970
  96037970  25574133  68928289  79703998  96983690  96983690  68295175
 105914044  28934613  28934613  48587072   5809271 103603494  69405995
 118021146  36479903 108466265 105957577   6894654  49992855  70753962
  80029132  56738843  95357052   4259442   5410093   5410093  62240567
  95618562  59451220  15149922  92494213  80705138  73868587  73868587
  68965926  13469210  46222198  91473225   9065084   9065084 108090795]","[3 3 3 3 3 3 3 3 3 3 3 3 3 3 3 3 3 3 3 3 3 3 3 3 3 3 3 3 3 3 3 3 3 3 3 3 3
 3 3 3 3 3 3 3 3 3 3 3 3 3 3 3 3 3 3 3 3 3 3 3 3 3 3 3 3 3 3 3 3 3 3 3 3 3
 3 3 3 3 3 3 3 3 3 3 3 3 3 3 3 3 3 3 3 3 3 3 3 3 3 3 3 3 3 3 3 3 3 3 3 3 3
 3 3 3 3 3 3 3 3 3 3 3 3 3 3 3 3 3 3 3 3 3 3 3 3 3 3 3 3 3 3 3 3 3 3 3 3 3
 3 3 3 3 3 3 3 3 3 3 3 3 3 3 3 3 3 3 3 3 3 3 3 3 3 3 3 3 3 3 3 3 3 3 3 3 3
 3 3 3 3 3 3 3 3 3 3 3 3 3 3 3 3 3 3 3 3 3 3 3 3 3 3 3 3 3 3 3 3 3 3 3 3 3
 3 3 3 3 3 3 3 3 3 3 3 3 3 3 3 3 3 3 3 3 3 3 3 3 3 3 3 3 3 3 3 3 3 3 3 3 3
 3 3 3 3 3 3 3 3 3 3 3 3 3 3 3 3 3 3 3 3 3 3 3 3 3 3 3 3 3 3 3 3 3 3 3 3 3
 3 3 3 3 3 3 3 3 3 3 3 3 3 3 3 3 3 3 3 3 3 3 3 3 3 3 3 3 3 3 3 3 3 3 3 3 3
 3 3 3 3 3 3 3 3 3 3 3 3 3 3 3 3 3 3 3 3 3 3 3 3 3 3 3 3 3 3 3 3 3 3 3 3 3
 3 3 3 3 3 3 3 3 3 3 3 3 3 3 3 3 3 3 3 3 3 3 3 3 3 3 3 3 3 3 3 3 3 3 3 3 3
 3 3 3 3 3 3 3 3 3 3 3 3 3 3 3 3 3 3 3 3 3 3 3 3 3 3 3 3 3 3 3 3 3 3 3 3 3
 3 3 3 3 3 3 3 3 3 3 3 3 3 3 3 3 3 3 3 3 3 3 3 3 3 3 3 3 3 3 3 3 3 3 3 3 3
 3 3 3 3 3 3 3 3 3 3 3 3 3 3 3 3 3 3 3 3 3 3 3 3 3 3 3 3 3 3 3 3 3 3 3 3 3
 3 3 3 3 3 3 3 3 3 3 3 3 3 3 3 3 3 3 3 3 3 3 3 3 3 3 3 3 3 3 3 3 3 3 3 3 3
 3 3 3 3 3 3 3 3 3 3 3 3 3 3 3 3 3 3 3 3 3 3 3 3 3 3 3 3 3 3 3 3 3 3 3 3 3
 3 3 3 3 3 3 3 3 3 3 3 3 3 3 3 3 3 3 3 3 3 3 3 3 3 3 3 3 3 3 3 3 3 3 3 3 3
 3 3 3 3 3 3 3 3 3 3 3 3 3 3 3 3 3 3 3 3 3 3 3 3 3 3 3 3 3 3 3 3 3 3 3 3 3
 3 3 3 3 3 3 3 3 3 3 3 3 3 3 3 3 3 3 3 3 3 3 3 3 3 3 3 3 3 3 3 3 3 3 3 3 3
 3 3 3 3 3 3 3 3 3 3 3 3 3 3 3 3 3 3 3 3 3 3 3 3 3 3 3 3 3 3 3 3 3 3 3 3 3
 3 3 3 3 3 3 3 3 3 3 3 3 3 3 3 3 3 3 3 3 3 3 3 3 3 3 3 3 3 3 3 3 3 3 3 3 3
 3 3 3 3 3 3 3 3 3 3 3 3 3 3 3 3 3 3 3 3 3 3 3 3 3 3 3 3 3 3 3 3 3 3 3 3 3
 3 3 3 3 3 3 3 3 3 3 3 3 3 3]","[899 241 882  13  13 256 256 241 732 256 801  82 899 899 706 650 193 899
 156 256 200 422 650 301 476 650 650 899 899 256 650  67 256 470 256 899
 256 241 882 422 256 256 899 200 256 256 899 156 256 899 256 101 899 899
 256 368 899 422 256 256 256 266 256 256 241   0 671 899 256 805 899 256
 732 256 422 403 422 650 650 256 256 266 732 882 256 200 241 609  67 266
 732 256 241  53 241 256 193 241 403 241 882 241 241 615 256 422 706 256
 241 899 193 650 256 256 241 368 256 643 899  82 213 899 241 256 241 256
 422 241 840 899 706 650 241 241 241 227 256 256   0 256 801 643 193 882
 960 256 403 805 899 310 840  53 256 241   0  82 241 899 732 422 241 706
 706 213 256 422 256 256 555 899 968 662 882 924   0  53 256 899 241 256
 241 241 114 256   0 241 256 368 256 256 273 193 256 899 899 193 256 241
 256 899 368 256 200 256 732 241 256 256 193  33 383 732 256 732 256 241
 422 241 422 732 256 213 241 241 256 241 403 899  18 256 241 732 273 882
   0 615 193 549 732 422 732 241 256 615 960 732   0 241 732 732 422 256
 256 193 213 368 230 732 193 899 241 899 256 658 558 899 256 732 378 193
 368  33 213 732 256 968  82 213 432 213 732 256 422  82 213 650 256  82
 256 470 213 256 643 256 422 899 924  82 256 256  18 241  18 213 256 368
 256 256 882 193 193 256 642 840 156 256 193 256 256 899 732 256 256 422
 650 899 650 241 422 230 256 256 193  89 763 899 368 256 193 881 193 256
 193 256 241 193 256 241 422 256 241 256 899 403 114 899 899 658 422   0
  18   0 193 256 193 256 643 899 650 422  53 650 256  95 256 230 650 241
 256 241 256 256 256 256 899 256 256 230 256 256  82 256 899 899 671 368
 256 650 706 256 899  18 899  53 748 924 256 256 241 241 643 256 256   0
 368 241 899 706 899  33 256 882 256 256 241 193 924 924 256 256 256 801
 924 256 924 193 256 924 256 899 899 924 241 899 368  82 256  18 193 422
 899 801 732 256 899 256 801 422 193 403   0 256 924 256 899 241 650 403
 422 899 899 241 732 241 368 706 256 256 256 193 256 368 256 256 193  18
 368 801 368 615 256  33 899   0 476 671 256 671 256 706 256 671 924 256
 310 658 378 193 256 671 256 241 256 671 671 256 899 615 899 310 671 256
 671 256 805 256 193 193 899 256   0 256 671 241 389 671 256 470 805 671
 193 193 256 241 805 882 193 256 650 924 241 310 422 256 256 241 926 671
 241 403 193 241 241 241 256 241 727 241  33 114 256 256 193 213 383 114
 256 193 615 899 919 213 383   0 899 256  82 968 256 567 256 256 241 899
 241 256 241 899 256 218 924 615 241 193 241 241 960 899 924 256 241 256
 256 156 241 241 193 256 650 899 256 476 241 899 368 256 256 899 801 732
 256 899   8 256   0 200 248 256 256 899 899 476 403 882 840 256 256 256
 113 256   0 241 256 256 256 256 732 403 256 241 256 241 241 727   0 256
 241 256 241 256 241 256 230  18 241 266 256 241 899 241 899 899 193 727
 241 256 241 256 368 193 241 241 476 241 899 256 918 193 470 241 256 241
 241 256 256  18 241 899 899 368 241 241 256 706 256 706 241 924 230 241
 256 368 256 256 241 256 256 256 732   0 294 368 470 241 256  82 256 960
 254 960 241 802 256 368 732 241 256  82 256 403   0 840 882 152 899 882
 256 882 924 899 706 256 256 241 642 256  18 422 256 256 241 256 241 968
 256 899 368 615 658  82 241 256 256 256  82 256 243 727 706  82 403 899
 256  18 256 899 241 899 727 727 615 241 256 256 473   0 615 241 256 256
 241 256 256 241 615 241 273 156 256 241 422 256 256 241 727 256 241 899]","[1319 2021 1411 2244 2244  416  228 2021 2016  228   24 2260 1319 1319
 1251 2466 1624 1319 2048  395  299 2855 3272 2112 1514  979 2466 1319
 1319  851 3272 2621  228    0    0 1319  228 2595 1447 2855  982 3035
 1319 1094  228 1878 1319 2048  228 1319  228 2412 1319 1319  228 2430
 1247 2855 3035  228  228 2896    0  228 2021    0   99 1319 1878 1633
 1423    0 1343  416 2855 2013 2855  437  437  416  416    0 2016 1411
  228   50 2021 2413 2621    0 3381  982 2021  279 2595  228 1995 2021
 2013 2021 1411 2021 2021 2600  982 2855 1251    0 2595 1319 1624 2626
  416  228 2595 3413  228 1616 2298    0    0 1319 2595    0 2021  416
 2855 2021  470 1319    0 2466 2595 2595 2021    0    0  416    0 1878
   24 1498    0 1411 2875  416 1501 1633 1319  359    0   20  982 2021
    0  609 2021  552 2075 2855 2021 1251 1251  524  228 2855  228  228
    0 1319 2507    0 1411  305    0  279  982    0 2595 1878 2595 2021
  100  395    0 2021  982 1316 1878    0  952    0    0    0 1319 1624
  228 2021  228 1319 1556  228  670  228 2075 2021  228  228    0 1514
   70  429  228 1343    0 2021 2855 2021 2855 1127  228    0 2561 2021
  228 2021 2013 1319 1586 1878 2021  691  952  856    0   38 1624  745
  429 2855 3381 2021  228   38  915  429    0 2021 2016 1343 2855  982
  851 1624  669 1556 2580 1343 1995 1319 2021    0 3035 2950 2000 1319
  228  429 1531 1995 1126 1704  524 2327  228 2507 2472    0 3119  464
 2327  228 2855  609    0  249  228  609    0 1710  464    0 1498  228
 2855 1423    0 2260  228  228 1586 2021 1586    0    0 1556  228  228
 1411 1624 1624  228 1169  470  438    0 1624  228  228 1319 2016  228
  228 2855 3272 1319  979 2021 2855 2580  228  228    0 1355 3151 1319
  706  416 2651  776 1995  228 1624  416 2021 1624    0 2021 2855  416
 2021  228 1247 2013  143 1319 1319  905 2855    0 1475    0  257  982
    0  416  663  805  249 2855   20  979  982 1081  489 2580 3272 2021
  395 2021    0  489  416  489    0    0  416 2580  416  489 2260  489
    0    0 3131  706  228    0 1251    0 2195 1586    0  279  150  305
  228 1878 2021 2595  663 3035  228    0 2966 2561 2924 1251 1319  372
  416    0  228  228 2021 1624  305  305 1878  982  228 1560  305  228
  678 1624  228  305  228    0 1247    0 2595    0 2966 1233  228  355
    0 2538 1319 1560 1343    0 2924    0 1560 2538    0 2013    0  228
    0  851    0 2021  979 2013 2538 1319 1319 2021 3381 2021 3413 1251
    0    0  982    0  416 1316    0  228    0 1514 1316 3051 3413   38
  982  372 2298    0 1514 3131  228 3131  228    0    0 3131  678  416
  359 1404  725 1995  982 3131  228 2021  489 3131 3131 3035    0   38
 1319  359 3131  228 3131    0 1633  982 1995 1995    0  228    0  416
 3131 2561  282 3131 3035 1710 1633 3131 1624 1624  228 2021 1633 1802
 1624  228  979  305 2021 1258 2855  228  228 2021 2756 3131 2561 2013
  208 2021 2021 2021  489 2021 3181 2021 1514  143  228  228 1995  669
   70  143  228 1995   38 1482 2458 3328 2577    0  552  228    0 2507
  228 1285  228  228 2021 1423 2021  228 2021  805  228 1461  305   38
 2021    0 2021 2021   58 2298  678  982 2021  982  228  438 2021 2595
    0  416  437 1247  416 1395 2021    0 2966  982  982  552 1560 1343
  416 1319  814  982    0  299 2606  228  416 2298    0 1243 3417 1411
    0  982  228  489 2647  416    0 2021  982  228  982  228 2016 3417
  416 2561  228 2021 2021 3181    0  416 2021  228 2021  982 2021  416
 2580  355 2561    0  416 2021 1319 2021 1319    0    0 3181 2021  982
 2021  416 2966    0 2595 2021 3345 2021 2195  982 3081 1995 1710 2561
  982 2595 2021  228  395  355 2021    0 2298  706 2021 2021  228 1251
  982 1251 2021  678 2580 2021  416 1556  228  982 2021  416  982  228
 2075    0 2659 1556 1710 2021  416  609 3035 2875 1877 2875 2021 1505
  228  706 2075 2021  416    0  982 2013    0    0 1411  441 1423 1411
  228 1411  305 2298 1251 1878 1878 2021  674  416  695 2538 3035 1878
 2561    0 2021 2507 2414 1247 1556   38 2906 2260 2021  416  982  228
    0  982 1852    0 1251 2472 2013 1482    0 1514 1878 1482 2021 1482
 3181 3181  517 2021  416  982 1894    0   38 2595  982  982 2021    0
 1878 2021   38 2021  708 3411  982 2021 2538  851  982    0 3181  416
 2021  552]","[    0  6517 10675  5186  5186     0     0  6517  1000  4195  9939     0
     0     0     0     0     0     0  2597  4375  8523  7439     0     0
     0     0     0     0     0   246     0  9673     0     0     0  6673
     0     0     0  7439     0     0     0  7837     0     0     0  8561
     0     0     0     0     0     0     0  5529     0 10813     0     0
     0     0     0     0     0     0 10987     0  8453     0     0     0
  2393     0  7439  4219 10440     0     0     0     0     0  4347  7090
  3996  7925  6517     0  1150     0   745     0  6517  3839     0     0
     0  6517  4219  6517  5871  6517     0  2620     0  7439 11188     0
     0  7697     0     0  9185     0     0   194     0     0     0     0
     0     0     0     0  8405     0  7439  6517     0     0     0     0
     0     0  6517     0     0     0     0     0  4319  5284     0  4050
  8571     0  9319  5458     0  8566     0  6825     0  6517     0     0
  6517     0  9998  7439  6517     0     0     0     0  7439     0  3996
     0     0  8230     0 11073     0     0  5497     0     0     0     0
     0     0  8064     0     0  6517     0 10749     0     0  1574     0
     0     0  7697     0  8119  6517     0     0  1803  8119  6211     0
  9998  6517  8119  3996     0  1969  3873 10199  3996  2393     0  6517
  7439     0  7439   563     0     0  5086  6517     0  6517     0     0
  3430     0  6517  1890  7209 10635     0  5434     0     0     0  7439
  8293  6517     0  5434     0 10199     0  6517  2250  2393  7439     0
     0     0     0  1803  2921  2393     0     0  6517     0  3291  9583
     0     0     0  9634  6087     0   815  9961     0  5946     0  8230
     0     0     0     0  5946  4195 10813     0     0     0     0     0
     0     0     0     0  5284  8119     0     0     0     0     0     0
 11110  6517 11110     0     0  1803     0     0  1250     0     0     0
  4611     0  3591     0     0     0  3996     0  1000     0     0  7439
     0     0     0  6517  4397 10948     0  3996     0 11232  9979  7697
 10253     0     0  1954     0     0     0     0     0     0     0  6517
  7439     0  6517     0     0     0     0     0     0  8732  7439     0
  7157     0     0     0     0     0     0     0     0  7439  6825     0
     0     0  5308  1577     0  6517     0  6517     0  5308  9185  5308
     0     0     0  1347     0  5308     0  5308     0     0     0  8867
     0     0     0     0  9951  4701     0  5497     0     0     0     0
  6517     0  8656  3291  3996     0  4883  5086     0     0  7697  3346
     0     0  8119  8119  6517     0     0     0     0     0     0  5384
     0     0     0     0     0     0     0     0     0     0     0     0
  7554     0  8119  2323     0     0  9678  5384     0     0     0     0
  5384   883     0  4219     0     0     0   246     0  6517     0  4219
  8887     0     0  6517   745  6517   194 11188     0     0     0     0
  9185  4736     0     0     0  1308 10749  6277   194  5434     0  7070
     0     0     0     0     0     0     0     0     0     0     0  9185
  2543  7713  8688     0     0     0     0  6517  5308     0     0  7150
     0  5434     0  2794     0     0     0     0  5458     0     0     0
     0     0     0     0     0  5086     0     0     0     0  5458     0
     0     0     0  6517  5458  1810     0     0     0     0  6517   188
  7439  4195     0     0     0     0  5086     0     0  6517  6517  6517
  5308  6517     0  6517  1484  5542     0     0     0     0  9772 10819
     0     0  5434     0     0     0     0     0     0     0     0  8230
  4195     0     0  3996     0     0  6517  3996  6517  1221     0  2322
     0  5434  6517     0  6517  6517  1980     0     0     0  6517     0
     0 10739     0     0     0     0     0     0     0  5571  6517     0
  4883     0     0  7999     0     0     0     0  9192     0     0  8523
     0  8119     0     0     0 10827  1607  5962     0     0  3996  5308
 10594     0     0  6517     0     0     0     0  1000  1607     0  5086
     0  6517  6517     0     0     0  6517  3996  6517     0     0     0
  2921  2323  1360     0     0  6517     0  6517     0     0     0     0
  6517     0  6517     0  7997     0     0  6517  3704  6517     0     0
     0     0     0  5086   904     0  6517     0     0  2323  6517     0
     0  8867  6517  7349  8119 11188   904 11188  6517     0  2921  6517
  9185  1803     0     0  6517     0     0     0  9998     0  1297  1803
     0  6517  9185     0  3291   257     0   257  6517  9431     0  8867
  9998  6517     0     0     0  4219     0     0  7090     0     0  5871
     0  5871     0     0 10909     0     0  6517  9387     0   153   883
     0     0  5086     0  6517  8230     0     0  1803  5434 10462     0
  6517     0     0     0     0     0     0     0 11188     0  4219     0
     0 11091     0     0  6517     0     0     0  7231  6517  9185     0
     0     0  5434     0     0     0  6517     0     0  6517  5434  6517
  6869     0     0  7349  8887     0     0     0     0  9185  6517  7999]","[   0 1035    0    0    0    0    0 2794  972    0    0    0    0    0
    0    0    0    0 3781    0    0    0    0    0    0    0    0    0
    0    0    0    0    0    0    0    0    0    0    0    0    0    0
    0    0    0    0    0 1639    0    0    0    0    0    0    0    0
    0    0    0    0    0    0    0    0    0    0    0    0    0    0
    0    0 1919    0    0    0    0    0    0    0    0    0 4459    0
    0  672 2794    0    0    0 3121    0 2794    0    0    0    0 1035
    0 2794 1814 2794    0    0    0    0    0    0    0    0    0    0
    0    0    0  457    0    0    0    0    0    0    0    0    0    0
    0 2794    0    0    0    0    0    0 2794    0    0    0    0    0
    0    0    0    0    0    0    0    0    0    0    0    0    0 1035
    0    0 2794    0    0    0 2794    0    0    0    0    0    0    0
    0    0    0    0    0    0    0    0    0    0    0    0    0    0
    0    0    0 1035    0 2488    0    0    0    0    0    0    0    0
    0 2794    0    0  232    0    0    0    0 1035    0    0    0 2380
    0 2307    0 2990    0 1035    0    0    0    0    0    0 1080 2794
    0 2794    0    0    0    0 2794 2492 3960    0    0    0    0    0
    0    0  118 1035    0    0    0 4646    0 2794 2572 2990    0    0
    0    0    0 1070  889 2990    0    0 1035    0    0    0    0    0
    0    0    0    0    0 5087    0 1707    0    0    0    0    0    0
 1707    0    0    0    0    0    0    0    0    0    0    0    0    0
    0    0    0    0    0    0    0 1035    0    0    0  841    0    0
 2564    0    0    0    0    0    0    0    0    0    0    0    0    0
    0    0    0    0    0 2794    0 3606    0    0    0    0    0    0
 2288    0    0    0    0    0    0    0    0    0    0 2794    0    0
 2794    0    0    0    0    0    0    0    0    0    0    0    0    0
    0    0    0    0    0    0    0    0    0    0    0  382    0 1035
    0 1035    0    0    0    0    0    0    0 1673    0    0    0    0
    0    0    0 2461    0    0    0    0    0    0    0    0    0    0
    0    0 2794    0    0    0    0    0 4700 1080    0    0    0 1491
    0    0    0    0 2794    0    0    0    0    0    0    0    0    0
    0    0    0    0    0    0    0    0    0    0    0    0    0  131
    0    0    0    0    0    0    0    0    0    0    0    0    0    0
    0    0    0 2794    0    0    0    0    0 2794 4833 1035 1249    0
    0    0    0    0    0    0    0    0    0  381 4574    0 1249    0
    0    0    0    0    0    0    0    0    0    0    0    0    0    0
    0    0    0    0    0    0    0 2794    0    0    0    0    0    0
    0    0    0    0    0    0    0    0    0    0    0    0    0    0
    0 1080    0    0    0    0    0    0    0    0    0 1035    0    0
    0    0    0    0 2794    0    0    0    0    0    0    0 1080    0
    0 2794 2794 2794    0 2794    0 2794  183 1772    0    0    0    0
    0    0    0    0    0    0    0    0    0    0    0    0    0    0
    0    0    0    0    0    0 2794    0 2794    0    0    0    0    0
 2794    0 2794 2794    0    0    0    0 2794    0    0    0    0    0
    0    0    0    0    0    0 2794    0 4700    0    0    0    0    0
    0    0    0    0    0    0    0    0    0    0    0    0    0    0
    0    0    0    0 4017    0    0 2794    0    0    0    0  972    0
    0 1080    0 2794 1035    0    0    0 1035    0 2794    0    0    0
 2457  131 1590    0    0 1035    0 1035    0    0    0    0 1035    0
 2794    0 1183    0    0 2794    0 1035    0    0    0    0    0 1080
    0    0 2794    0    0  131 2794    0    0 1175 2794  894    0    0
    0    0 2794    0    0 1035    0  841    0    0 1035    0    0    0
    0    0    0 1070    0 2794    0    0    0    0    0    0 2794    0
    0    0    0 1035    0    0    0    0    0    0    0    0    0 3205
    0 3205    0    0    0    0    0 2794    0    0 3058    0    0    0
 1080    0 2794    0    0    0  320    0    0    0 2794    0    0    0
    0    0    0    0    0    0    0    0    0    0    0    0 2794    0
    0    0    0 2794    0    0    0    0    0    0    0    0 2794    0
    0 2794 2574 2794    0    0    0  894    0    0    0    0    0    0
 2794    0]","[     0      0 421524      0      0      0      0      0      0      0
      0      0      0      0      0      0      0      0      0      0
  35739      0      0      0      0      0      0      0      0      0
      0      0      0      0      0      0      0      0      0      0
      0      0      0      0      0      0      0      0      0      0
      0      0      0      0      0      0      0      0      0      0
      0 379779      0      0      0      0      0      0      0      0
      0      0      0      0      0      0      0      0      0      0
      0      0 268916      0      0      0      0      0      0      0
      0      0      0      0      0      0      0      0      0      0
      0      0      0      0      0      0      0      0      0      0
      0      0      0      0      0      0      0      0      0      0
      0      0      0      0      0      0      0      0      0      0
      0      0      0      0      0      0      0      0      0      0
      0      0      0      0      0      0      0      0      0      0
      0      0      0      0      0      0      0      0      0      0
      0      0      0      0      0      0      0      0      0      0
      0      0      0      0      0      0      0      0      0      0
      0      0      0      0      0      0      0      0      0 278632
      0      0      0      0      0      0      0      0      0      0
      0      0      0      0      0      0      0      0      0 293194
      0 245540      0 100442      0      0      0      0      0      0
      0      0      0      0      0      0      0      0      0      0
      0 101545      0      0      0      0      0      0      0      0
      0      0      0      0      0      0      0      0      0      0
      0      0      0      0      0      0      0      0      0      0
      0      0      0      0      0      0      0 103589      0      0
      0      0      0      0      0      0      0      0      0      0
      0      0      0      0      0      0      0      0      0      0
      0      0      0      0      0      0      0      0      0      0
      0      0      0      0      0      0      0      0      0      0
      0      0      0      0 351516      0      0      0      0      0
      0      0      0      0      0      0      0      0      0      0
      0      0      0      0      0      0      0      0      0      0
      0      0      0      0      0      0      0      0      0      0
      0      0      0      0      0      0      0      0      0 130122
      0      0      0      0      0      0      0      0      0      0
      0      0      0      0      0 414514      0      0      0      0
      0      0      0      0      0      0      0      0      0      0
      0      0      0      0      0      0      0      0      0      0
      0      0      0      0      0      0      0      0      0      0
      0      0      0      0      0      0      0      0      0      0
      0      0      0      0      0      0      0      0      0      0
      0      0      0      0      0      0      0      0      0      0
      0      0      0      0      0      0      0      0      0      0
      0      0      0      0      0      0      0      0      0      0
      0      0      0      0      0      0      0      0      0      0
      0      0  22874      0      0      0      0      0      0      0
      0      0      0      0      0      0      0      0      0      0
      0      0      0 276519      0      0      0      0      0      0
      0      0      0      0      0      0      0      0      0      0
      0      0      0      0      0      0      0      0      0      0
      0      0      0      0      0      0      0      0      0      0
  29558      0      0      0      0      0      0      0      0      0
      0      0      0      0      0      0      0      0      0      0
      0 218432      0      0      0      0      0      0      0      0
      0      0      0      0      0      0      0      0 389808 297384
      0      0      0      0      0      0      0      0      0      0
      0      0      0 243757      0      0      0      0      0      0
      0      0      0      0      0      0      0      0      0      0
      0      0      0      0      0      0      0      0      0      0
      0      0      0      0      0      0      0      0      0      0
      0  52585      0      0      0      0      0      0      0      0
      0      0      0      0      0      0      0      0      0      0
      0      0      0      0      0      0      0      0 371502      0
 276519      0      0      0      0      0      0      0      0      0
      0      0      0      0      0      0      0      0      0      0
      0      0      0      0      0      0      0      0      0      0
      0      0      0      0      0      0      0      0      0      0
      0      0      0      0      0      0      0      0      0      0
      0      0      0      0      0      0      0      0      0      0
      0      0      0      0      0      0      0      0      0      0
      0      0      0      0      0      0      0      0      0      0
      0      0      0      0      0      0      0 193233      0 193233
      0      0      0      0      0      0      0      0      0      0
      0      0      0      0      0      0      0      0      0      0
      0      0      0      0      0      0   6010      0      0      0
      0      0      0      0      0      0      0      0      0      0
      0      0      0      0      0      0      0      0      0      0
      0      0      0      0      0      0      0      0      0      0
      0      0      0      0      0 426096      0      0      0      0
      0      0      0      0      0      0      0      0      0      0
      0      0      0      0      0      0      0      0]","[ 37083  20163 161778 416279 416279 383261 401874 598401 300670 335039
 599993 424716 615997 297503 516467 476320 179447 297503  20651 306825
  98638 531921 338806  83922 415693 139272 429783 297503 297503 169262
 430642 220462 401874  60727 240817 246014 297503 244400 508690 139197
 180661 499438 401874 502247 401874 352780 297503  20651 401874 401874
 401874 225638 401874 401874 401874 483991 615997 487402 499438 401874
 401874 512776 240817 297503 216605  31500 163392 401874 352780 410315
  74785 283798 220195 260831 499965 204743  83922 384177 338806 383261
 383261 399122 249625 367391 297503      0  10412  27398  46433 241724
 163655 180661  10412  76723 244400 126639 338756  61356 195074 116041
 550744 535727 216605 611243 444600  94898 476950 169483 332787 297503
 179447 384691 260831 126639 269583 415209 401874 444991 180661      0
 384907 401874 160609      0  76525 240817 529827 535727 237010 401874
 274466 127769 337864 337864 373631 148252 233370 240817 470119 352780
   5918 573636 290672 593565 564640 155189 426666 255970 401874 175476
 553203 194487 169483 580830 660503  48786  10412 169483 435101 529827
 116041 149949 574071  59685 401874 295044 297503 297503  41990 401874
 266044 508147 434223 387808 366920  75566 180661 389151  53653 352780
 411686 598401 552449 615514 615997  43272 113835  98080 152657 240817
 376730 524978 155189 506087 297503 179447 300160 535727 401874 401874
 215988 401874  49000 344875 468024 116041 297503 297503 126639 275580
 210781 577827 297503 592509 126389 150189 152627 535727 294990 459072
 297503  59685 598401 102590 401874 102590 588180 179447 493108 615997
 116041 422675 347099 507434 615997 440622  86942  59633 207136 529827
 542437  20401 401874 190200 423176 242197 485631 116041 185248  22930
 336892 169483 289210 179447  59685 149244 181747 559383 214591 401874
 535727 240817 383261 406901 402329 401874 290672 234651   9204  86942
 559044 185248 522969  28985 401874 456031 207087  59685 546737 384907
  28985 335039  37795 103539  59685 340216 401874  33376 233370 124632
 384907  37083 331837 169483 622246 352780  67810 289669 401874 401874
 462690  43272 462690  59685 240817 405161 401874 401874 413866 179447
 179447 401874 233728 357029 388095 240817 126639 401874 297503 297503
 403990 401874 401874 204816 611468 589696      0 535727 526338 290406
 401874 401874 522639 498693 153758 297503 268620 130536 246014  84455
 126639 486031 589696 260831 441903 179447  37083 254721 529827 169483
 601094 401874 383261  57016 281339 401874 401874   9818 295044 553418
  92787 282480 106787 180661 288798 260831      0 600248 254651 115263
 141885 605375 180661 279199 506819 522674 254651 116041 344024  43272
  37083 506819 260831 615997  37083 389151  96714 545650 260831 506819
 541620 506819 499438 499438  13128 145239 401874      0 219718 155189
 111874 348816 389151 279632 345039 595538 401874 352780 132690 226329
 374959 260831 297503 279297 365923 288802 467631 552117 401874 132762
 220698 430901 401874 401874  10412 179447  65939 440030 352780 180661
 401874 386264 440030 401874  57492 354025 297503  63507 297503  37083
 383261  57492 244400 240817 148252 253773 401874 542586 290672 579426
 401874 464203 592509 169483 111874 128851 413367 238794 126639 443408
  91718 240817 469466 297503 490966 213089 511545 519878 187349 401874
  88227 254721 469900 149740 265272 552117 169483 169483  57197 290672
 260831 467229 169483 401874 288798  60752 249864 199255 311060 230969
 290408 220836 499438 192635 142697 357466 401874 519047 401874 206241
 240817 111433 207669 260831 318113 485721 193833 126639 180661  13128
 401874 116041 180661 225510 519047 499438 283798 161543 297503 152617
 460007 297503  78761 134734  57538 180661 126639 126639 401874 401874
  52282 383261 318113 213784 295299 519047 134734 124632  20563  13128
 179447 179447 401874  10412 294506 461358 299253 126639 302943 532910
 618236 393295 235964 335039 401874 429831 265286 329807 213089 573439
 548762 535727 535727 535727 600248 535727  26393 373631 465323 372123
 401874 401874 299253 455287 231719 556149 401874 126639  65547 615997
  61126 444169 220792 616302 157679 401874 583640  75704 169483 228106
 401874 297503 161801 615997 483142 134734  10412 379416 401874 262891
 440030 560360 116041 290672  10412 452677 591928 180661 491901 180661
 535727 180661 401874 149056 369627 160609 288798      0 485630  96714
 260831 158937 290821 289210 577373  57197  57197 506907      0 555230
 383261 401874      0 130536 452967 383296 480661 401874 130536 180661
  37083 487410 251771 515108 315225 130536 297503 180661 550124 130536
 184756 116041 180661 401874 180661 401874 570388 533010 137913 288802
 401874 262554  32826 360219 529543 383261 271745 297503 429831 180661
 199347 401874   8651 542586 159115 486968 233370 586960 297503 127053
 401874 240817 543481 594592 429831 180661  10412 401874 502816 175898
 148398 535727 522882 294534 169483 180661 493663 522639 492921  60680
 130536 577865 535727 401874 499438 542586 298804 515096 180661 545530
 464855 102590 401874 605118 130536 605118 290821 148252 325929 483142
 260831  95039 401874 180661 271745 499438 180661 297503 139352 483347
 540489 354984 492921 246765 260831 103272 260831 583051  50198 583051
 535727 185248 401874      0 557132 535727 180661 521325 180661 506349
 620723 519777 142782      0 615997 296139 401874 296139 440030 180661
 443986 352780 352780 535727 498543 383261  18672 143214 258648 352780
 288802 506087  10412 456031 615997 258648  12291 138554 198306  38814
 535727 260831 289210 401874 436090 169483      0 513043 551085 589015
  47685 240817 258648  43614 352780 499438 116041 499438 409103  20782
 426365 247650 260831 180661 240864 412066 315635 526804 130536 258648
 102590 398031 352780 481576  52282 116041      0 497588  57197 312561
  27699 615997 180661 384801 409103  96714 247650  91011]","[  0 548 130   0   0 102   0 548 231 130 566 511 566 548 548  67 566 548
 548   0 511 548 511 548 231 548 276 102 511 548 548 511   0 548 102 548
 548 511 548 548 511 548 548 548 465 548 548 511   0 548 548 231 465 548
 231 548 511 511 102  67 548 231   0 548 276 306 548 102 276 231   0 548
 130   0 566  67 548  67   0   0 548 548 548 548 548 548 548 566 511 548
 102 306 511 231   0 548 102 465 548 102 548 548 548 548 548 548 548   0
   0 465 102  67 511 548 548 548 548   0  67 548 130 102 306 130 511   0
 130 548  67   0   0 566 306 276 548 548 548  67 465 102 548 548 548 276
 548   0   0 548 548 548 548   0 102 511   0 231 102   0  67 511   0 548
 231   0 548 548 102 511 548 130 465 548 548 548 548 548 102   0 511 465
 548 548 306 548   0 511 102 102   0  67  67 548   0 548 548 548   0 511
 548  67   0 548 511 231 130 276 102   0 548 511 276 548  67 465 102 465
 276 511 231  67 511 102 548 130 548 548 566 102 548   0 511 306 231 511
 548   0   0 276 548 548 548 306   0 548 511 548 548 231 548 548 102   0
 102 306   0 231 548 548   0   0 511   0   0 548 548 548   0 548 548 548
 548 548 566 548 548 548 231 548 306 102 548   0 548 548 102   0 548   0
 276   0 102   0 102 566 465   0 548 511   0 306 548   0   0 548 465 548
 276 548   0 511   0 548 548   0 548   0   0   0 276 102 548 548 306   0
   0   0   0   0   0   0 548 566 548 548 548 276 306   0 102 548 548 102
   0 548   0 548 465   0 548   0   0 548 276 548 548 102 465 511 548 548
 511   0   0   0 102 102 511 102 511 548   0 511   0   0 548 511 548   0
   0   0   0 548   0 102   0   0   0 548 102 102 306   0 306  67 511 548
   0 276 511 548   0 231 102 548  67 548   0   0   0   0 276 465   0   0
 511 548   0 511 566 231 548 548  67  67 548   0 548 102   0  67   0   0
 130   0 548   0 548 102   0   0   0 548 231 511 548 511 548 511 306 548
 548   0 548 548   0   0 548 306   0   0 548 548 548 548 566 548 465   0
 548 102 231 511 306 511 548   0 548   0 231 548   0 548   0 511 102   0
 548  67   0 548   0 548   0 511   0   0   0   0   0 276 548  67 548 102
   0   0 548 548 548 548   0 511   0 276 548 548   0  67 465 465 548   0
 465 548 548 548 548   0  67   0 276 102 548 548 548 548 465 566 548 548
   0 548   0   0 548 102 511 231 548 548 548 548 548 548 102 231 548 548
 548   0 548 548   0 511   0   0 548 548 548 548 548 566 548 548 548 566
 102 548 548   0 465  67  67 566 548   0  67 548 548 231   0 102   0 548
   0 548 511   0 548 511 548 548   0   0 548   0 548   0 548   0 511   0
   0 566 548 276 548   0   0   0 548 548   0 511   0 548   0   0 511 548
   0 231 548 548 231 548 548   0 102 548 548 548 511 548   0 548 548   0
 548 548 548   0   0 231 231 548 511 548 548 306   0  67   0 548 102 548
  67 548 465 511 548 548 548 548 548  67 548 548 548 548 548 465 548 548
 548 130   0 102  67   0 511 306 548   0   0 102 548 548 548 548 102  67
 548 548   0 548 548   0 130 465 548 548 548 130 465   0 548 548 548 548
   0 548  67   0 548 548 465 566 102   0 276 548 548 231  67  67   0 548
 465   0 511 548 548 548 548 548 548 276 511 548   0 566 511   0   0   0
 231   0   0 511 511 548 130 548   0 548 548 548 548   0 548 130   0 548
   0 548 130 548 548 231 231 130   0   0 306 548 548 548 102  67   0 102
 548   0 465 130 231   0   0 548 548   0 102 102 511 548 231 511   0   0
 548   0  67 548 548   0 231 548 548 306 548  67 130 548 511 548 548 102]","[14 11 10  0  2  7 13  2 14 11 12  2  8  7  2 10  7  2 11  2  2  2 13  2
  2 12 12  7  8  7  8 10 11 14 11  7  7  2  2  7 11  7 11 11  8  2  7  2
 10  7  7 10 11  7  7  2  8 14  7 11  8 14 10  7 12 14 12  7  7 13 13  7
  2 14 12 10 11 11 10  2  7 12 11 11  7 11 12 11 10 12 11  7  2 10  2  7
 11 11 12  2 12  2  2 14  7  8  2 10  2 11  7 10  8  7  2 12  7 12 11 14
  8  7 14  7 13  2 14  2 11 13 13 11  2 10  2 12  7 11 10  7  8 12  2 10
 14  2 14  2 14 14 14  2 11 10  2 13  2 12 13 10  2 12 12  2  7  2  7  8
 12  8 13 14  2  2  2 11  7 13 13 11 14  2 10  7 14 10  7 12 12 11 10  7
  2  7  7 11  2 13  7 11  2  7  2  2 14 12  7 13  8 13 10 11  8 13  7 10
 11 13 11  2 12  7  2 13  7  2 11  7 10 12 11 10 11  2  7  2  2 14 11  2
  2 11  2 12 10  2  2  2  2 11  2 10  7  7 13 10  2 11 13 14 10 13 10 11
  2  7 13  2  2  8 11 14  2  2  8 11 10  2 12  7 14 10 12 11  7 13  7 11
  7  2  7 10 12  7 11 14  2  2  2  7 11 13  2  7  7 11  7  7  2  2  2  7
 10  2 14 10  2 11  7  7 10  8  7  2  2 11  2  2  2 13  7  7  7 10 14  7
 10  2  7 10  7  7  2  7  2  7  7 13 12 10  2  7  7 11  2  7 11  2  2 11
  2  2  2  2  7  7 10  7 13 14 13 13 10  2  7 13 12 13  2 13 13  7 10  7
  2 10 12  2  7  7 11  2  7  7 10  8 13 11 10  7 12 11  7 14  2 12 13 13
 13  2 10  8  2  2 13  2  2 13  7 13  7  2  2  8  2 11 11  2 10  8 11  2
 11 10 12  2  7 12  2  2 11 14 10  2 12  2  7  2 10 10  7  2  2  7  2  2
  2 11 11  2  7  7  2  7 11  2  2 11  2  7  7 10 10 13  2  2  7  2  7 11
  2 14 10 12  7 13 12 13 12 14  2  2 10  2 13  2 11  2 10  8  7 13 14  7
  2 10 10  7  2 10 13  2 10 12 14  7 13  2 11  2  2 10  2  7  7  7  7  2
  8 13 13  7  2 12  2  2  7 13 14 14 10  7 14 13 12 11  2  7  2 12  2  2
 11  7  7 10  2  2  8 13  7  2  2 13 12  2 12 12 14 14  7  7  7  7  2  2
  2  7 11 13 11  2 10 14  8 10 13 11  7 11 11  7  2 12  2  7 13  2  7 13
 14  2  2 13  2 13 12 11 12 11 13 11 11 13  2 12  7 13  2 13  7 12 13  8
  2  7 13 11 10 11 12  7 11 11 13 11 14 10  7  7  8 10 13 14  2  7  7 14
 14  2  2 13 10 12  7  7 13  2  7 14 10 13  2  2  7  7  2  7 11  8  2  7
 14 10 14 11  7 14  7 12  7  7  7 11 11  2  2 11  2  2 10 12  2 13 10 10
  2  7 12 14  7 13 12  7 13 14  2 13  7  2  2 12  7  7  7 13  2 11 11  2
 10 14  8 10 11  2 11  7  2 10 10  2 11 11  8 13  2 11  2  2 10 11  7  7
 11 12  7 12 11 12 14 11  2 13 14 13  8  2 10  8 10  7 11  8  2  7 10 11
  7 11 12 11  2 11  2  7 14 14 11 13 14  7 11 13 10  7 12 13  7 11  2  7
  7 13 11  7 14  2  2 11 11  2  7  8  2 11 11 13  2  2 12  2  2 12 12  2
  8 14  7 11 14  8  7  2 13  7 12  7]","[1772724900 1772724900 1772724900 1772724900 1772724780 1772724780
 1772723880 1772723880 1772723760 1772603700 1772603520 1772603400
 1772602860 1772602800 1772602800 1772602320 1772602260 1772600340
 1772600100 1772599920 1772599560 1772599500 1772599500 1772598480
 1772598480 1772598480 1772598300 1772597760 1772595720 1772588940
 1772588460 1772588460 1772588340 1772588280 1772588280 1772587920
 1772587080 1772586000 1772585700 1772585520 1772585040 1772556600
 1772554800 1772554500 1772554320 1772554320 1772554200 1772553300
 1772553300 1772553300 1772553120 1772552520 1772552400 1772552220
 1772551140 1772550300 1772526540 1772508900 1772508000 1772467860
 1772467800 1772467560 1772467500 1772467260 1772466300 1772466300
 1772466300 1772466300 1772434140 1772430900 1772430480 1772430480
 1772430300 1772429700 1772429700 1772429640 1772429580 1772429400
 1772429400 1772429400 1772429400 1772428500 1772428320 1772428320
 1772428320 1772427480 1772427480 1772427300 1772427300 1772427300
 1772426700 1772426460 1772425560 1772425500 1772425500 1772425500
 1772424360 1772424240 1772424240 1772424060 1772423400 1772422920
 1772422920 1772422740 1772422740 1772422740 1772380500 1772380500
 1772380500 1772380200 1772380020 1772379480 1772379240 1772379060
 1772378760 1772378640 1772378580 1772378580 1772330940 1772330940
 1772297760 1772297520 1772296740 1772296620 1772296320 1772296320
 1772208600 1772208540 1772208540 1772208540 1772208540 1772208240
 1772208180 1772207940 1772207940 1772207940 1772207580 1772152200
 1772125200 1772124600 1772123700 1772123700 1772123700 1772123520
 1772123340 1772123340 1772123340 1772123340 1772122920 1772122920
 1772122740 1772122740 1772122500 1772122200 1772122200 1772122140
 1772122020 1772121960 1772121960 1772121960 1772121960 1772121900
 1772121900 1772121900 1772121900 1772121420 1772121420 1772040360
 1772040120 1772039400 1772039400 1772039400 1772039340 1772038920
 1772038920 1772038860 1772038860 1772038560 1772038260 1772038260
 1772038260 1772038020 1772038020 1772037960 1772037360 1772037360
 1772037360 1772036460 1772007600 1772007600 1771954080 1771953720
 1771952760 1771952760 1771952340 1771951560 1771951440 1771951200
 1771951140 1771950180 1771865880 1771865640 1771865340 1771865340
 1771865040 1771865040 1771865040 1771865040 1771864620 1771864440
 1771864440 1771864440 1771864320 1771864320 1771864140 1771863720
 1771863600 1771863540 1771863540 1771863540 1771863540 1771863540
 1771863120 1771863000 1771862940 1771862940 1771862040 1771861860
 1771861320 1771804380 1771779900 1771779900 1771779900 1771779900
 1771779900 1771779900 1771779840 1771779540 1771779540 1771779540
 1771779480 1771779480 1771779240 1771779120 1771779120 1771779120
 1771779120 1771778940 1771778700 1771778640 1771778460 1771778460
 1771778460 1771777020 1771694160 1771694040 1771694040 1771693980
 1771693980 1771693980 1771693920 1771693920 1771693320 1771693320
 1771693320 1771693260 1771693260 1771693260 1771692960 1771692960
 1771692780 1771692720 1771692720 1771692720 1771692300 1771692300
 1771692180 1771692060 1771691940 1771691940 1771691940 1771691940
 1771691280 1771691100 1771691100 1771691100 1771690620 1771690380
 1771663380 1771662540 1771662540 1771662120 1771662120 1771661580
 1771661040 1771661040 1771660920 1771660860 1771660860 1771660860
 1771660560 1771660260 1771660260 1771660260 1771606980 1771606500
 1771606500 1771605960 1771605960 1771605300 1771605060 1771605060
 1771605060 1771605060 1771604640 1771604580 1771604580 1771604460
 1771604460 1771603920 1771603320 1771558680 1771558080 1771557480
 1771557180 1771557180 1771557180 1771557180 1771557120 1771557120
 1771557120 1771522980 1771521600 1771521600 1771521300 1771521300
 1771521000 1771521000 1771520880 1771520280 1771520280 1771519740
 1771519080 1771519080 1771519080 1771518540 1771517700 1771517340
 1771517340 1771517280 1771517280 1771517280 1771516500 1771515540
 1771515420 1771515420 1771433880 1771433520 1771433340 1771433340
 1771433160 1771433160 1771433100 1771433100 1771432980 1771432320
 1771431420 1771407660 1771407180 1771407000 1771407000 1771407000
 1771406940 1771406940 1771406880 1771406160 1771406160 1771406100
 1771406100 1771406040 1771406040 1771406040 1771406040 1771405440
 1771351980 1771351380 1771351200 1771351020 1771350540 1771349880
 1771348980 1771348980 1771316580 1771316100 1771315860 1771293480
 1771293300 1771293300 1771293180 1771293180 1771292400 1771291560
 1771291500 1771290780 1771261680 1771261680 1771261680 1771261680
 1771261500 1771261500 1771261500 1771261500 1771261320 1771261260
 1771261260 1771261260 1771261260 1771261200 1771261200 1771260780
 1771260720 1771260000 1771199220 1771178520 1771178340 1771178160
 1771178160 1771178160 1771177980 1771177980 1771177860 1771177860
 1771177860 1771177860 1771177860 1771177740 1771177740 1771177140
 1771177140 1771177140 1771177020 1771177020 1771176960 1771176540
 1771176060 1771176000 1771175820 1771091220 1771090800 1771090800
 1771090800 1771090140 1771089900 1771089900 1771089900 1771089900
 1771088940 1771088760 1771088520 1771088520 1771088520 1771088220
 1771088220 1771087320 1771059120 1771057680 1771057680 1771057500
 1771057500 1771056900 1771005720 1771005240 1771004640 1771004640
 1771004640 1771004640 1771004640 1771003680 1771003680 1770830520
 1770829860 1770829860 1770829860 1770829200 1770829200 1770829200
 1770828600 1770828600 1770828600 1770828420 1770828420 1770828420
 1770828360 1770828360 1770828360 1770828360 1770828360 1770828120
 1770828120 1770828120 1770827940 1770827400 1770827400 1770827340
 1770827340 1770826320 1770746400 1770746400 1770746400 1770745920
 1770745740 1770745740 1770745740 1770745740 1770745740 1770745740
 1770745080 1770745080 1770745080 1770744900 1770744900 1770744900
 1770744660 1770743880 1770743280 1770742800 1770713760 1770713220
 1770713220 1770713220 1770713220 1770713040 1770712380 1770712320
 1770712260 1770712200 1770657780 1770657480 1770657480 1770656940
 1770656880 1770656880 1770656880 1770656520 1770656040 1770655980
 1770655740 1770655560 1770655560 1770655560 1770655260 1770655260
 1770655080 1770573120 1770573120 1770572520 1770572040 1770572040
 1770572040 1770572040 1770571860 1770571860 1770571320 1770560520
 1770559860 1770559860 1770559860 1770559800 1770559800 1770559620
 1770559560 1770557520 1770490320 1770489540 1770489540 1770489540
 1770489060 1770489060 1770489060 1770488640 1770488640 1770488520
 1770488220 1770488160 1770488160 1770488160 1770488160 1770488040
 1770487620 1770486780 1770486780 1770486780 1770486780 1770486180
 1770486180 1770486180 1770485040 1770485040 1770485040 1770484380
 1770484380 1770484380 1770484200 1770484200 1770484200 1770483540
 1770483540 1770483540 1770483420 1770483420 1770483360 1770483360
 1770483360 1770483360 1770483240 1770482580 1770482580 1770403320
 1770403260 1770403260 1770403260 1770402660 1770402660 1770402660
 1770402660 1770402660 1770402660 1770401760 1770401760 1770401760
 1770401760 1770401760 1770401220 1770400980 1770400680 1770400680
 1770400680 1770400620 1770400620 1770399780 1770399060 1770398880
 1770398880 1770398880 1770398820 1770398820 1770398160 1770397620
 1770397260 1770397260 1770397200 1770397140 1770397140 1770397140
 1770397140 1770396240 1770396240 1770395820 1770395460 1770395460
 1770394440 1770394440 1770394440 1770394440 1770394440 1770393960
 1770393420 1770393060 1770392820 1770364380 1770364380 1770364140
 1770363600 1770363600 1770363540 1770363480 1770363480 1770362700
 1770362520 1770362520 1770361800 1770348840 1770312120 1770311700
 1770311460 1770311460 1770311460 1770311460 1770311460 1770311160
 1770310800 1770310800 1770310740 1770310740 1770310740 1770310740
 1770310740 1770310740 1770310200 1770310200 1770310200 1770309540
 1770309480 1770309480 1770309480 1770308700 1770308700 1770308640
 1770308580 1770308580 1770308340 1770308160 1770308100 1770191760
 1770191400 1770191400 1770191400 1770191280 1770142080 1770142080
 1770141840 1770141840 1770141840 1770141840 1770141660 1770141660
 1770141540 1770141360 1770140760 1770140760 1770140760 1770140760
 1770140760 1770140760 1770140760 1770140520 1770140520 1770140520
 1770140520 1770140340 1770139620 1770139620 1770139620 1770138780
 1770138360 1770138360 1770138360 1770137520 1770112260 1770112200
 1770112080 1770112020 1770112020 1770112020 1770111840 1770111720
 1770111660 1770111660 1770111480 1770111060 1770110820 1770110820
 1770110460 1770110160 1770109920 1770109740 1770053460 1770053460
 1770053460 1770053160 1770053160 1770053040 1770053040 1770053040
 1770053040 1770052980 1770052380 1770051660 1770051660 1770051600
 1770051600 1770051420 1770051420 1770050940 1770050880 1770050880
 1770050880 1770050280 1770050280 1770050280 1770050280 1770049140
 1769929740 1769879760 1769879760 1769879580 1769879580 1769879280
 1769879160 1769879160 1769879160 1769879100 1769879100 1769878200
 1769846760 1769846460 1769846460 1769846460 1769846460 1769846400
 1769846400 1769846400 1769846280 1769846280 1769846160 1769846100
 1769846100 1769846040 1769845860 1769845260 1769845260 1769845260
 1769845140 1769845140 1769845140 1769844660 1769844660 1769843640]"
8245764,112347232,1,1772725643,1772725172,4,894.0,758.0,[175 642 213 786],44.0,2.0,1.0,56.0,156.0,375.0,,41.0,280.0,109.0,1.0,13.0,[2 2],,,,,,[8],11.0,25.0,[0 9 9 2 2 8 2 3 3 8],[0 9 2 5 4 3 3 2 4 9],[0 4 9 3 5 4 6 9 5 2],,8.0,2.0,3.0,2.0,1.0,3.0,,2.0,,,,3.0,3.0,2.0,1.0,5.0,,"[ 8.62368643e-02  3.70725766e-02  1.02558538e-01  3.52190807e-02
 -6.07296787e-02  7.67315328e-02  8.01966526e-03  6.60438091e-02
 -5.97817078e-02  8.73103216e-02 -5.26665850e-03  2.94409338e-02
 -7.67260492e-02 -1.26010859e-02  1.43860653e-01 -2.59210076e-02
  3.18989344e-02 -2.18942333e-02 -8.68760236e-03 -1.19284809e-01
  1.33381113e-02 -4.68590856e-02  5.91768511e-02  1.94270331e-02
 -8.92332047e-02 -7.91610628e-02 -9.13530067e-02  2.58308016e-02
  6.88556954e-02 -5.27967289e-02 -9.71312448e-02  1.30543455e-01
  3.33126858e-02 -6.86790794e-03  4.25204076e-02  1.21797122e-01
 -1.27893046e-01  7.43949693e-03 -7.04860911e-02  6.47081286e-02
 -1.03839591e-01 -1.41279362e-02 -2.23794002e-02 -1.21806962e-02
  1.22210886e-02 -5.00488840e-02 -4.46160547e-02  6.61336258e-02
 -5.91042638e-02  1.13777310e-01 -2.01138817e-02 -3.57408317e-05
  3.27005237e-02  1.94602143e-02  7.68513083e-02 -2.04047989e-02
  4.42030653e-02  5.60637377e-02 -7.25598410e-02  9.64228511e-02
  4.29610945e-02  5.04011055e-04 -1.25376508e-01 -8.13841000e-02
  2.07352638e-02 -3.05665676e-02  6.35712147e-02  2.72685904e-02
 -8.81214216e-02  9.86352935e-02 -2.33340189e-02 -2.63127275e-02
 -1.12120748e-01  1.01267144e-01 -8.98595378e-02  1.30109847e-01
  8.10666382e-02  6.97889328e-02  1.20836589e-02 -3.66095081e-02
 -6.92125559e-02  3.26406001e-03  6.62422627e-02  1.11901630e-02
  7.44321896e-03 -9.46041420e-02  1.93468742e-02 -1.00887910e-01
 -2.50841435e-02  1.18655510e-01  2.17279308e-02  6.17497833e-03
  1.72459092e-02 -1.83168091e-02 -3.41465063e-02 -6.59269094e-02
  4.08080928e-02 -7.48741301e-03  1.12967286e-02  3.42624336e-02
 -1.22384116e-01 -8.85370299e-02 -4.65838984e-02 -2.17025448e-02
  4.42458354e-02 -5.72128743e-02 -6.97561130e-02  1.33057246e-02
  2.06055511e-02 -9.08880532e-02  1.29697369e-02 -4.82366756e-02
  1.17844500e-01  1.17952459e-01 -4.41425517e-02  7.51073137e-02
 -7.40191573e-03  6.33464521e-03 -6.75402908e-03  9.14321914e-02
 -6.77089626e-03 -8.64518620e-03  1.53053747e-02  7.68352821e-02
 -1.11017726e-01  5.48291299e-03 -4.15387861e-02 -8.49035941e-03
 -5.35978638e-02 -5.23339473e-02  4.40308787e-02  4.64707687e-02
 -4.80915643e-02 -1.03400603e-01 -4.32006307e-02 -8.60664546e-02
  3.21248136e-02 -3.22935171e-02 -5.52074574e-02  1.67120795e-03
 -2.25752722e-02 -2.69833002e-02 -9.06430632e-02  6.13748543e-02
 -4.94109318e-02 -2.65935380e-02  7.97488354e-03  2.38871928e-02
  1.69276819e-02 -1.03263306e-02  1.21410564e-01  3.06549799e-02
  5.54276705e-02 -8.33214894e-02 -2.11578747e-03 -1.32679781e-02
  4.10727505e-03 -1.00245755e-02 -3.65873128e-02 -2.49093790e-02
 -2.08165143e-02  3.04953405e-03 -1.70813873e-02  5.49894273e-02
 -1.24834422e-02  6.94656232e-03 -1.01558246e-01 -6.86130673e-02
  1.08438224e-01 -7.53873959e-02  6.92801774e-02 -2.17844006e-02
  5.57547901e-03 -2.02842662e-03  5.30062020e-02  5.21570211e-04
 -5.61915222e-04 -1.07270986e-01 -9.78111923e-02 -6.40326291e-02
 -1.79718379e-02  6.47069290e-02  7.93525726e-02  9.35137197e-02
 -4.53119613e-02 -9.55390781e-02  8.03915597e-03 -4.69352491e-02
 -1.82573292e-02  1.23409992e-02 -9.20821503e-02  4.30357642e-02
  2.68522315e-02  6.32359833e-02  9.53854099e-02 -1.11214899e-01
 -4.23119515e-02  1.08586110e-01  1.29528111e-02 -8.86124149e-02
  1.51686249e-02 -8.48244056e-02  5.28432168e-02  5.75526431e-02
 -3.76154892e-02  2.67798360e-02  1.20995022e-01 -2.87418664e-02
 -7.42324740e-02 -1.14543036e-01  2.08194181e-02 -7.41490424e-02
 -1.58011094e-02 -1.13053180e-01  9.17672552e-03  6.75238594e-02
  8.25953037e-02 -1.12472117e-01  1.18938953e-01  2.30963491e-02
  2.83656027e-02 -7.02585578e-02  3.62245999e-02  9.34807509e-02
  2.03972887e-02 -2.85517536e-02  5.49241006e-02  5.29125007e-03
  2.78467163e-02  1.30417466e-01 -2.26147082e-02  1.42210601e-02
  1.55556753e-01 -1.66900754e-02 -1.35347666e-02 -3.65972752e-03
 -3.82842608e-02 -6.48812875e-02  4.24819440e-03 -6.42608618e-03
 -7.27628618e-02  6.73713023e-03 -1.88781321e-02  6.51214942e-02
  5.54450564e-02 -7.62740150e-02 -5.38398139e-02 -9.38801654e-03
  2.09569582e-03  2.60867588e-02  6.35786280e-02 -1.11519769e-01
 -5.92196739e-05 -6.03575073e-02 -1.97998881e-02 -2.72439662e-02]",,,,,,"[-0.0339  0.0023  0.0226 -0.2311  0.0174  0.1215  0.0024  0.1221 -0.1441
  0.2389  0.0448 -0.0308 -0.4241  0.0423  0.0018  0.0401  0.1261  0.3229
 -0.0181 -0.2173  0.1867 -0.0953  0.2895 -0.3833  0.0279  0.2286 -0.2352
  0.1787 -0.1061 -0.0979  0.0075  0.2176  0.1777 -0.0141  0.1353 -0.098
  0.3242 -0.0105 -0.0853  0.0942  0.121   0.2072 -0.1275 -0.0374 -0.2673
 -0.0814 -0.2487  0.2412 -0.0775  0.3892 -0.0607 -0.2477 -0.0279 -0.048
  0.0858 -0.3503 -0.0194 -0.0362  0.0919  0.0674 -0.2291 -0.1659  0.0507
  0.3043  0.0306 -0.1056 -0.1891 -0.0736  0.1826 -0.0721  0.1187  0.108
 -0.1194  0.0884 -0.0769 -0.196  -0.4167 -0.0632 -0.103   0.2573  0.2241
  0.1268 -0.0021 -0.1872 -0.2833  0.0911 -0.0469 -0.2995  0.03    0.2524
 -0.2366 -0.0286 -0.3334  0.0809  0.0938  0.1787  0.      0.      0.
  0.      0.      0.      0.      0.      0.      0.      0.      0.
  0.      0.      0.      0.      0.      0.      0.      0.      0.
  0.      0.      0.      0.      0.      0.      0.      0.      0.
  0.      0.      0.      0.      0.      0.      0.      0.      0.
  0.      0.      0.      0.      0.      0.      0.      0.      0.
  0.      0.      0.      0.      0.      0.      0.      0.      0.
  0.      0.      0.      0.      0.      0.      0.      0.      0.
  0.      0.      0.      0.      0.      0.      0.      0.      0.
  0.      0.      0.      0.      0.      0.      0.      0.      0.
  0.      0.      0.      0.      0.      0.      0.      0.      0.
  0.      0.      0.      0.      0.      0.      0.      0.      0.
  0.      0.      0.      0.      0.      0.      0.      0.      0.
  0.      0.      0.      0.      0.      0.      0.      0.      0.
  0.      0.      0.      0.      0.      0.      0.      0.      0.
  0.      0.      0.      0.      0.      0.      0.      0.      0.
  0.      0.      0.      0.      0.      0.      0.      0.      0.
  0.      0.      0.      0.      0.      0.      0.      0.      0.
  0.      0.      0.      0.      0.      0.      0.      0.      0.
  0.      0.      0.      0.      0.      0.      0.      0.      0.
  0.      0.      0.      0.      0.      0.      0.      0.      0.
  0.      0.      0.      0.      0.      0.      0.      0.      0.
  0.      0.      0.      0.      0.      0.      0.      0.      0.
  0.      0.      0.      0.      0.      0.      0.      0.      0.
  0.      0.      0.      0.      0.      0.      0.      0.      0.
  0.      0.      0.      0.      0.    ]","[-0.0086 -0.2873 -0.3567  0.4255  0.7146 -0.125  -0.2787 -0.0715 -0.0119
 -0.0011]","[-0.0086 -0.2877 -0.3563  0.4235  0.7159 -0.1245 -0.2787 -0.0714 -0.0118
 -0.0011]","[-0.0026 -0.0953 -0.3678  0.869   0.095  -0.2337 -0.1768 -0.0738 -0.0126
 -0.0017]",128.0,404.0,398.0,369.0,25.0,178.0,[11938  3609 16872],1979.0,2.0,22498.0,0.0,,,,"[     0      0      0      0      0      0      0      0      0      0
      0      0      0 432169 432169      0      0      0      0      0
 785914      0      0      0      0      0      0      0      0      0
      0      0      0      0      0      0      0      0      0      0
      0      0      0      0      0      0      0      0      0      0
      0      0      0      0      0      0      0      0      0      0
      0      0      0      0      0      0      0      0      0      0
      0      0      0      0      0      0      0      0      0      0
      0      0      0      0      0      0      0      0      0      0
      0      0      0      0      0 515597      0      0   7054      0
      0      0      0      0      0      0      0      0      0      0
      0      0      0      0      0      0      0      0      0      0
      0      0      0      0      0      0      0      0      0      0
      0      0      0      0      0      0      0      0      0      0
      0      0      0      0      0      0      0      0      0      0
      0      0      0      0      0      0      0      0      0      0
      0      0      0      0      0      0      0      0      0      0
      0      0      0      0      0      0      0      0      0      0
      0      0      0      0      0      0      0      0      0      0
      0      0      0      0      0      0      0      0      0      0
      0      0      0      0      0      0      0      0      0      0
      0      0      0      0      0      0      0      0      0      0
      0      0      0      0      0      0      0      0      0      0
      0      0      0      0      0      0      0      0      0      0
      0      0      0      0      0      0      0      0      0      0
      0      0      0      0      0      0      0      0      0      0
      0      0      0      0      0      0      0      0      0      0
      0      0      0      0      0      0      0      0      0      0
      0      0      0      0      0      0      0      0      0      0
      0      0      0      0      0      0      0      0      0      0
      0      0      0      0      0      0      0      0      0      0
      0      0      0      0      0      0      0      0      0      0
      0      0      0      0      0      0      0      0      0      0
      0      0      0      0      0      0      0      0      0      0
      0      0      0      0      0      0      0      0      0      0
      0      0      0      0      0      0      0      0      0      0
      0      0      0      0      0      0      0      0      0      0
      0      0      0      0      0      0      0      0      0      0
      0      0      0      0      0      0      0      0 110325      0
      0      0      0      0      0      0      0      0      0      0
      0      0      0      0      0      0      0      0      0      0
      0      0      0      0      0      0      0      0      0      0
      0      0      0      0      0      0      0      0      0      0
      0      0      0      0      0      0      0      0      0      0
      0      0      0      0      0      0      0      0      0      0
      0      0      0      0      0      0      0      0      0      0
      0 115901      0      0      0      0      0      0      0      0
      0      0      0      0      0      0      0      0      0      0
      0      0      0      0      0      0      0      0      0      0
      0      0      0      0      0      0      0      0      0      0
      0      0      0      0      0      0      0      0      0      0
      0      0      0      0      0      0      0      0      0      0
      0      0      0      0      0      0      0      0      0      0
      0      0      0      0      0      0      0 544663      0      0
      0      0      0      0      0      0      0      0      0      0
      0      0      0      0      0 607252 448245 620558 621020 123236
      0      0      0      0      0      0      0      0      0      0
      0      0      0      0      0      0      0      0      0      0
      0      0      0      0]","[1772723160 1772357400 1771927800 1771924920 1771850520 1771738140
 1771737780 1771737720 1771737600 1771737300 1771737180 1771737060
 1771720860 1771720683 1771720462 1771676220 1771676040 1771675860
 1771639199 1771257720 1771237747 1770944640 1770702000 1770701820
 1770519600 1770346740 1770179220 1770179160 1770179135 1769910960
 1769875680 1769586600 1769586000 1769537100 1769521680 1769225580
 1769170920 1769133540 1769133240 1769088300 1769087880 1769087820
 1769076120 1769076000 1769075880 1769075700 1769075340 1769075280
 1769075160 1769075040 1769074920 1769071560 1769071200 1769070840
 1769070000 1769069880 1769069700 1769069640 1769069400 1769069280
 1769069160 1769069100 1769065920 1769065800 1769065740 1769065680
 1769065560 1769065260 1769065140 1769064960 1769064840 1769064780
 1769064720 1769064660 1769064600 1769064540 1769064300 1769064240
 1769064180 1769063940 1769063820 1769063820 1769063760 1769063700
 1769063640 1769063520 1769062800 1769062800 1769062680 1769062680
 1769062620 1769062560 1769018943 1768994820 1768994700 1768987423
 1768977900 1768880435 1768879490 1768873980 1768823880 1768794960
 1768794840 1768701540 1768701360 1768701300 1768648080 1768647120
 1768224840 1768224780 1768139700 1768136760 1768135800 1768135200
 1768134000 1768105020 1768104900 1768104360 1768103880 1768102560
 1768102080 1768101420 1768100160 1768100040 1768020360 1768020240
 1767929340 1767850500 1767837900 1767837180 1767837060 1767837000
 1767836340 1767836280 1767834960 1767834900 1767834780 1767834720
 1767834600 1767834540 1767834480 1767834420 1767834300 1767801973
 1767746880 1767686340 1767681300 1767676740 1767672960 1767672660
 1767670740 1767666000 1767665640 1767619140 1767608820 1767606000
 1767605700 1767595860 1767595440 1767595380 1767499200 1767495300
 1767495240 1767405840 1767361620 1767190140 1767161040 1767160680
 1767160560 1767073800 1767073680 1767071640 1766897160 1766805420
 1766721735 1766294520 1766294160 1766294040 1766278740 1766277600
 1766276820 1766237030 1766200980 1766200800 1766198252 1766196540
 1766196360 1766196300 1766153346 1766120040 1766119920 1766024700
 1766024640 1766023980 1766023860 1766023740 1766023680 1766022960
 1766022780 1766022720 1766022600 1765992780 1765963920 1765963860
 1765963740 1765963620 1765963560 1765895280 1765895100 1765894980
 1765894620 1765894560 1765894380 1765894320 1765893840 1765893720
 1765893480 1765893180 1765893120 1765852260 1765850880 1765800240
 1765791480 1765790580 1765790460 1765790340 1765790100 1765558860
 1765501620 1765501260 1765451580 1765449240 1765447080 1765438620
 1765438560 1765438500 1765438500 1765438440 1765438440 1765438320
 1765438200 1765438200 1765438140 1765437840 1765437780 1765431900
 1765430520 1765409640 1765393380 1765390680 1765371480 1765369020
 1765364460 1765345440 1765344780 1765344600 1765304100 1765304040
 1765303800 1765303680 1765303560 1765277760 1765277160 1765268880
 1765268400 1765268220 1765245000 1765244940 1765189920 1765189860
 1765166040 1765163340 1765159140 1765085340 1764985320 1764985260
 1764985200 1764985080 1764985020 1764938280 1764914220 1764914160
 1764913740 1764901740 1764901080 1764899400 1764899220 1764898980
 1764898920 1764898260 1764897900 1764897840 1764897780 1764897660
 1764897600 1764897540 1764897480 1764844680 1764843780 1764839880
 1764836940 1764835757 1764828960 1764828780 1764822000 1764773002
 1764742037 1764734040 1764733860 1764733680 1764733560 1764733500
 1764656940 1764656880 1764647767 1764641340 1764591900 1764591300
 1764581220 1764579480 1764576240 1764565500 1764565080 1764564900
 1764562620 1764562020 1764500460 1764303480 1764300060 1764299580
 1764298740 1764298500 1764297900 1764297360 1764294240 1764294060
 1764260940 1764260460 1764210240 1764210060 1764209280 1764209040
 1764208380 1764207180 1764206400 1764155340 1764127920 1764127740
 1764125760 1764081720 1764075420 1763956440 1763956260 1763946060
 1763862660 1763862480 1763862300 1763859480 1763859360 1763858940
 1763741880 1763690700 1763632229 1763630760 1763628300 1763628240
 1763389800 1763285065 1763258340 1763258280 1763170620 1763170200
 1763125440 1763095020 1763094660 1763039892 1762930616 1762921200
 1762909500 1762857600 1762857540 1762857240 1762857000 1762856940
 1762856760 1762856700 1762856580 1762856400 1762855829 1762854960
 1762854780 1762854120 1762853940 1762853880 1762853760 1762851600
 1762851540 1762667460 1762507440 1762409880 1762317120 1762305900
 1762239180 1762171868 1762145942 1762134840 1762134600 1762133040
 1762132920 1762132680 1762132620 1762129663 1762078800 1762078140
 1762073280 1762072860 1762072620 1762072440 1762072380 1762072260
 1762072200 1762072140 1762071900 1762071660 1762071600 1762069320
 1762013160 1762012980 1762012920 1762012800 1761994860 1761994800
 1761994560 1761993900 1761973440 1761971760 1761971580 1761971340
 1761967080 1761967050 1761967020 1761967009 1761966965 1761966900
 1761966900 1761966720 1761966600 1761966480 1761966420 1761966240
 1761965940 1761915960 1761914580 1761914280 1761914160 1761914040
 1761913920 1761911280 1761887640 1761887400 1761839940 1761838574
 1761838200 1761751500 1761751140 1761751080 1761750960 1761750720
 1761748980 1761744840 1761736260 1761735720 1761735480 1761735180
 1761735060 1761734460 1761732480 1761732240 1761732060 1761706029
 1761697200 1761689340 1761668820 1761668580 1761578460 1761578220
 1761576060 1761565620 1761549000 1761548460 1761449880 1761449580
 1761322140 1761321600 1761315060 1761314820 1761200220 1761200100
 1761197413 1761148560 1761148440 1761148380 1761148320 1761148080
 1761128213 1761124500 1761124380 1761124140 1761123840 1761123180
 1761122580 1761122520 1761122460 1761122400 1760876040 1760876040
 1760873640 1760777903 1760768724 1760682540 1760673060 1760604540
 1760604060 1760569200 1760542260 1760541900 1760539620 1760539560
 1760537520 1760537280 1760536740 1760533800 1760523480 1760189330
 1760026860 1760026800 1759891543 1759864753 1759777260 1759777140
 1759776660 1759776540 1759775400 1759775220 1759714380 1759714200
 1759713540 1759713420 1759713060 1759712880 1759488180 1759488060
 1759486620 1759486500 1759486440 1758348575 1750485999 1747116476
 1746598563 1746598387 1735228799 1733241599 1733241599 1732982399
 1732982399 1732895999 1731599999 1728662399 1727193599 1726243199
 1726070399 1724860799 1724255999 1724169599 1723996799 1723910399
 1723737599 1723564799 1722959999 1722959999 1722873599 1722787199
 1722614399 1722355199]","[ 2  2  2  2  2  2  2  2  2  2  2  2  2  7  7  2  2  2  7  2  7  2  2  2
  2  2  2  2 13  2  2  2  2  2  2  2  2  2  2  2  2  2  2  2  2  2  2  2
  2  2  2  2  2  2  2  2  2  2  2  2  2  2  2  2  2  2  2  2  2  2  2  2
  2  2  2  2  2  2  2  2  2  2  2  2  2  2  2  2  2  2  2  2  7  2  2  7
  2  7  7  2  2  2  2  2  2  2  2  2  2  2  2  2  2  2  2  2  2  2  2  2
  2  2  2  2  2  2  2  2  2  2  2  2  2  2  2  2  2  2  2  2  2  2  2  7
  2  2  2  2  2  2  2  2  2  2  2  2  2  2  2  2  2  2  2  2  2  2  2  2
  2  2  2  2  2  2  7  2  2  2  2  2  2  7  2  2  7  2  2  2  7  2  2  2
  2  2  2  2  2  2  2  2  2  2  2  2  2  2  2  2  2  2  2  2  2  2  2  2
  2  2  2  2  2  2  2  2  2  2  2  2  2  2  2  2  2  2  2  2  2  2  2  2
  2  2  2  2  2  2  2  2  2  2  2  2  2  2  2  2  2  2  2  2  2  2  2  2
  2  2  2  2  2  2  2  2  2  2  2  2  2  2  2  2  2  2  2  2  2  2  2  2
  2  2  2  2  2  2  2  2  2  2  2  2  2  7  2  2  2  1  7  2  2  2  2  2
  2  2  7  2  2  2  2  2  2  2  2  2  2  2  2  2  2  2  2  2  2  2  2  2
  2  2  2  2  2  2  2  2  2  2  2  2  2  2  2  2  2  2  2  2  2  2  2  2
  2  2  1  2  2  2  2  1  2  2  2  2  2  2  2  1  7  2  2  2  2  2  2  2
  2  2  2  2  7  2  2  2  2  2  2  2  2  2  2  2  2  2  2  7  1  2  2  2
  2  2  2 18  2  2  2  2  2  2  2  2  2  2  2  2  2  2  2  2  2  2  2  2
  2  2  2  2  2  2  2  7  2  7  7  2  2  2  2  2  2  2  2  2  2  2  2  2
  2  2  2  2  2  7  2  2  2  2  2  2  2  2  2  2  2  2  2  2  2  2  2  1
  2  2  2  2  2  2  2  2  2  2  2  2  2  2  2  2  2  2  1  2  2  2  2  2
  7  2  2  2  2  2  2  2  2  2  2  2  2  1 10  2  2  2  2  2  2  2  2  2
  2  2  2  2  2  1  2  2  7  7  2  2  2  2  2  2  2  2  2  2  2  2  2  2
  2  2  2 13 13 13 13 13 13 13 13 13 13 13 13 13 13 13 13 13 13 13 13 13
 13 13 13 13 13 13 13 13]","[ 6  6  6  6  6  6  6  6  6  6  6  6  6 11 11  6  6  6 11  6 11  6  6  6
  6  6  6  6 10  6  6  6  6  6  6  6  6  6  6  6  6  6  6  6  6  6  6  6
  6  6  6  6  6  6  6  6  6  6  6  6  6  6  6  6  6  6  6  6  6  6  6  6
  6  6  6  6  6  6  6  6  6  6  6  6  6  6  6  6  6  6  6  6 11  6  6 11
  6 11 11  6  6  6  6  6  6  6  6  6  6  6  6  6  6  6  6  6  6  6  6  6
  6  6  6  6  6  6  6  6  6  6  6  6  6  6  6  6  6  6  6  6  6  6  6 11
  6  6  6  6  6  6  6  6  6  6  6  6  6  6  6  6  6  6  6  6  6  6  6  6
  6  6  6  6  6  6 11  6  6  6  6  6  6 11  6  6 11  6  6  6 11  6  6  6
  6  6  6  6  6  6  6  6  6  6  6  6  6  6  6  6  6  6  6  6  6  6  6  6
  6  6  6  6  6  6  6  6  6  6  6  6  6  6  6  6  6  6  6  6  6  6  6  6
  6  6  6  6  6  6  6  6  6  6  6  6  6  6  6  6  6  6  6  6  6  6  6  6
  6  6  6  6  6  6  6  6  6  6  6  6  6  6  6  6  6  6  6  6  6  6  6  6
  6  6  6  6  6  6  6  6  6  6  6  6  6 11  6  6  6  4 11  6  6  6  6  6
  6  6 11  6  6  6  6  6  6  6  6  6  6  6  6  6  6  6  6  6  6  6  6  6
  6  6  6  6  6  6  6  6  6  6  6  6  6  6  6  6  6  6  6  6  6  6  6  6
  6  6  4  6  6  6  6  4  6  6  6  6  6  6  6  4 11  6  6  6  6  6  6  6
  6  6  6  6 11  6  6  6  6  6  6  6  6  6  6  6  6  6  6 11  4  6  6  6
  6  6  6  8  6  6  6  6  6  6  6  6  6  6  6  6  6  6  6  6  6  6  6  6
  6  6  6  6  6  6  6 11  6 11 11  6  6  6  6  6  6  6  6  6  6  6  6  6
  6  6  6  6  6 11  6  6  6  6  6  6  6  6  6  6  6  6  6  6  6  6  6  4
  6  6  6  6  6  6  6  6  6  6  6  6  6  6  6  6  6  6  4  6  6  6  6  6
 11  6  6  6  6  6  6  6  6  6  6  6  6  4  4  6  6  6  6  6  6  6  6  6
  6  6  6  6  6  4  6  6 11 11  6  6  6  6  6  6  6  6  6  6  6  6  6  6
  6  6  6 10 10 10 10 10 10 10 10 10 10 10 10 10 10 10 10 10 10 10 10 10
 10 10 10 10 10 10 10 10]","[ 149  800  676  676  398    0    0    0    0    0    0    0  840  439
  439  840  840  840  956  398    0    0  840  840    0  149  149  149
  215  840  149  318  318  149    0  149  398  840  840    0    0    0
  840  840  840  840  840  840  840  840  840  800  800  800  800  800
  800  800  840  840  840  840  800  800  800  800  800  800  800  800
  800  800  800  800  800  800  800  800  800  800  800  840  800  800
  800  840  840  800  800  840  840  840    0  840  840  352  840    0
  106  800  840  800  800  840  840  840  800  800    0    0    0    0
    0    0    0    0    0    0    0    0    0    0    0    0  840  840
    0  840  840  840  840  840  840  840  840  840  840  840  840  840
  840  840  840  695  840    0    0    0    0    0    0    0    0  840
    0    0    0    0    0    0  318  149  318  840  800  840  840  840
  840    0    0  800  800  800  187  840  840  840  840  840  840  554
  840  840  554  840  840  840    0  800  800  800  800  840  840  840
  840  840  840  840  840  149  840  840  840  840  840  800  800  800
    0  800  800  800  800  800  800  800  800  800  800  352  352  352
  352  352  352  149  149  149  800  800    0    0  559    0  559    0
  559    0   41    0   41    0    0  800  800  840  840  840    0    0
  559  800  800  800  840  840  840  840  840  533  533  840  840  840
  800  800  559  559  840  840  840  559  840  840  840  840  840  559
  800  800  800  840  840  840  840  840  840  840  840  840  840  840
  840  840  840    0    0    0    0    0    0    0  149  766   20  840
  840  840  840  840  840  840  560  149    0    0    0    0    0    0
    0    0    0    0    0    0    0    0    0    0    0    0    0    0
  149  149    0    0    0    0    0    0    0  559    0    0    0  800
  676  800  800    0    0    0    0    0    0    0  149  318  766  149
  149  149  840 1006  676  676  215  274  215  326  326  974  676  326
  206  819  819  819  819  819  819  819  819  819  429  800  800  800
  800  800  800  800  800  215  149  840  676  676  800  676    0  840
  840  840  840  840  840  187  215  215  840  840  840  840  840  840
  840  840  840  840  840  840  800  800  800  800  229  229  229  229
  398  229  229  229  187  187  187  187  187  187  187  187  187  187
  187  187  229  840  840  840  840  840  840  840  800  800  800    0
  800  800  800  800  800  800  800  800  840  840  840  840  840  840
  840  840  840    0  840  800  800  800  215  215  215  215  800  800
  800  800  800  800  800  800  800  800  554  800  800  800  800  800
  840  274  274  274  274  274  274  274  274  274  398  559  559  974
  559  215  608  143  143  800  800  800  800  800  800  800  800  800
  800  554  149  149  840  840  840  840  840  840  840  840  840  840
  840  840  840  840   41   41   41   41   41   59  705  936  519  519
    0    0    0    0    0    0    0    0    0    0    0    0    0    0
    0    0    0    0    0    0    0    0    0    0]","[   0 2759 1657 1657  376    0    0    0    0    0    0    0    0 2637
 2637 2415 2415 2415 1889  376    0    0 2415 2415    0    0    0    0
 3006    0    0    0    0    0    0    0  376    0    0    0    0    0
 2415 2415 2415 2415 2415 2415 2415 2415 2415 1044 1044 1044 1044 1044
 1044 1044 2415 2415 2415 2415 1044 1044 1044 1044 1044 1044 1044 1044
 1044 1044 1044 1044 1044 1044 1044 1044 1044 1044 1044 2415 1044 1044
 1044 2415 2415 1044 1044 2415 2415 2415    0 2415 2415    0 2415    0
    0 1044 1066 1044 1044 2415 2415 2415 1044 1044    0    0    0    0
    0    0    0    0    0    0    0    0    0    0    0    0 2046 2046
    0 2415 2415 2415 2415 2415 2415 2415 2415 2415 2415 2415 2415 2415
 2415 2415 2415 2152    0    0    0    0    0    0    0    0    0 2415
    0    0    0    0    0    0    0    0    0    0 1044 2046 2415 2415
 2415    0    0 1044 1044 1044 2406 1365 1365 1365 2415 2415 2415    0
 2415 2415    0 2415 2415 2415    0 1044 1044 1044 1044 2415 2415 2415
 2415 2415 2415 2415 2415    0 2415 2415 2415 2415 2415 1044 1044 1044
    0 1044 1044 1044 1044 1044 1044 1044 1044 1044 1044    0    0    0
    0    0    0    0    0    0 1044 1044    0    0    0    0    0    0
    0    0 1893    0 1893    0    0 1044 1044 2415 2415 2415    0    0
    0 1044 1044 1044 2415 2415 2415 2415 2415 1181 1181 2415 2415 2415
 1044 1044    0    0    0    0 2415    0 2415 2415 2415 2415 2415    0
 1044 1044 1044 2415 2415 2415 2415 2415 2415 2415 2415 2415 2415 2415
 2415 2415 2415    0    0    0    0    0    0    0    0    0    0 2415
 2415 2415 2415 2415 2415 2415    0    0    0    0    0    0    0    0
    0    0    0    0    0    0    0    0    0    0    0    0    0    0
    0    0    0    0    0    0    0    0    0    0    0    0    0 1044
 1657 1044 1044    0    0    0    0    0    0    0    0    0    0  227
    0    0  555    0 1657 1657 1193 1666 1193 3093 3093    0 2787 3093
 1955  162  162  162  162  162  162  162  162  162 1405 1044 1044 1044
 1044 1044 1044 1044 1044 1193    0 2415 1657 1657 2759 2787    0  555
  555 2415 2415 2415 2415  512 2087 2087 2415 2415 2415 2415 2415 2415
 2415 2415 2415 2415 2415 2415 1044 1044 1044 1044 2153 2153 2153 2153
  376 2153 2153 2153  324 2406  324 2406 2406  324  324  324  324  324
  324  324 2153 2415 2415 2415 2415 2415 2415 2415 1044 1044 1044    0
 1044 1044 1044 1044 1044 1044 1044 1044 2415 2415 2415 2415 2415 2415
 2415 2415 2415    0 2415 1044 1044 1044 1193 1193 1193 1193 1044 1044
 1044 1044 1044 1044 1044 1044 1044 1044    0 1044 1044 1044 1044 1044
 1066 1666 1666 1666 1666 1666 1666 1666 1666 1666  376    0    0    0
 3206 1193    0 1517 1517 1044 1044 1044 1044 1044 1044 1044 1044 1044
 1044    0    0    0 2941 2941 2415 2415 2415 2415 2415 2415 2415 2415
 2415 2415 2415 2415 1893 1893 1893 1893 1893 2435  118 2609  902  902
    0    0    0    0    0    0    0    0    0    0    0    0    0    0
    0    0    0    0    0    0    0    0    0    0]","[    0  7074  9963  9963     0     0     0     0     0     0     0     0
     0     0     0   938   938   938     0     0     0     0   938   938
     0     0     0     0   371     0     0     0     0     0     0     0
     0     0     0     0     0     0   938   938   938   938   938   938
   938   938   938     0     0     0     0     0     0     0   938   938
   938   938     0     0     0     0     0     0     0     0     0     0
     0     0     0     0     0     0     0     0     0   938     0     0
     0   938   938     0     0   938   938   938     0   938   938     0
   938     0     0     0  1943     0     0   938   938   938     0     0
     0     0     0     0     0     0     0     0     0     0     0     0
     0     0     0     0  9579  9579     0   938   938   938   938   938
   938   938   938   938   938   938   938   938   938   938   938     0
     0     0     0     0     0     0     0     0     0   938     0     0
     0     0     0     0     0     0     0     0     0  9579   938   938
   938     0     0     0     0     0     0  3233  3233  3233   938   938
   938     0   938   938     0   938   938   938     0     0     0     0
     0   938   938   938   938   938   938   938   938     0   938   938
   938   938   938     0     0     0     0     0     0     0     0     0
     0     0     0     0     0     0     0     0     0     0     0     0
     0     0     0     0     0     0     0     0     0     0     0     0
  8818     0  8818     0     0     0     0   938   938   938     0     0
     0     0     0     0   938   938   938   938   938  9743  9743   938
   938   938     0     0     0     0     0     0   938     0   938   938
   938   938   938     0     0     0     0   938   938   938   938   938
   938   938   938   938   938   938   938   938   938     0     0     0
     0     0     0     0     0     0     0   938   938   938   938   938
   938   938     0     0     0     0     0     0     0     0     0     0
     0     0     0     0     0     0     0     0     0     0     0     0
     0     0     0     0     0     0     0     0     0     0     0     0
     0     0  9963     0     0     0     0     0     0     0     0     0
     0     0     0     0     0     0  5395     0  9963  9963     0   623
     0     0     0     0  9208     0  9611     0     0     0     0     0
     0     0     0     0  4941     0     0     0     0     0     0     0
     0     0     0   938  9963  9963  7074  9208     0  5395  5395   938
   938   938   938  7968     0     0   938   938   938   938   938   938
   938   938   938   938   938   938     0     0     0     0     0     0
     0     0     0     0     0     0  5565     0  5565     0     0 12425
  5565  5565 12425 12425 12425 12425     0   938   938   938   938   938
   938   938     0     0     0     0     0     0     0     0     0     0
     0     0   938   938   938   938   938   938   938   938   938     0
   938     0     0     0     0     0     0     0     0     0     0     0
     0     0     0     0     0     0     0     0     0     0     0     0
  1907   623   623   623   623   623   623   623   623   623     0     0
     0     0     0     0     0   462   462     0     0     0     0     0
     0     0     0     0     0     0     0     0  7331  7331   938   938
   938   938   938   938   938   938   938   938   938   938  8818  8818
  8818  8818  8818  8299 13164 10445  2885  6152     0     0     0     0
     0     0     0     0     0     0     0     0     0     0     0     0
     0     0     0     0     0     0     0     0]","[   0    0    0    0    0    0    0    0    0    0    0    0    0    0
    0    0    0    0    0    0    0    0    0    0    0    0    0    0
 2851    0    0    0    0    0    0    0    0    0    0    0    0    0
    0    0    0    0    0    0    0    0    0    0    0    0    0    0
    0    0    0    0    0    0    0    0    0    0    0    0    0    0
    0    0    0    0    0    0    0    0    0    0    0    0    0    0
    0    0    0    0    0    0    0    0    0    0    0    0    0    0
    0    0    0    0    0    0    0    0    0    0    0    0    0    0
    0    0    0    0    0    0    0    0    0    0    0    0    0    0
    0    0    0    0    0    0    0    0    0    0    0    0    0    0
    0    0    0    0    0    0    0    0    0    0    0    0    0    0
    0    0    0    0    0    0    0    0    0    0    0    0    0    0
    0    0    0    0    0    0    0    0    0    0    0    0    0    0
    0    0    0    0    0    0    0    0    0    0    0    0    0    0
    0    0    0    0    0    0    0    0    0    0    0    0    0    0
    0    0    0    0    0    0    0    0    0    0    0    0    0    0
    0    0    0    0    0    0    0    0    0    0    0    0    0    0
    0    0    0    0    0    0    0    0    0    0    0    0    0    0
    0    0    0    0    0    0    0    0    0  456  456    0    0    0
    0    0    0    0    0    0    0    0    0    0    0    0    0    0
    0    0    0    0    0    0    0    0    0    0    0    0    0    0
    0    0    0    0    0    0    0    0    0    0    0    0    0    0
    0    0    0    0    0    0    0    0    0    0    0    0    0    0
    0    0    0    0    0    0    0    0    0    0    0    0    0    0
    0    0    0    0    0    0    0    0    0    0    0    0    0    0
    0    0    0    0    0    0    0    0    0    0    0    0    0    0
    0    0    0    0    0    0    0    0    0    0    0    0 7144    0
    0    0    0    0    0    0    0    0    0    0    0    0    0    0
    0    0    0    0    0    0    0    0    0    0    0 7144    0    0
    0    0    0    0    0    0    0    0    0    0    0    0    0    0
    0    0    0    0    0    0    0    0    0    0    0    0    0    0
    0    0    0    0    0    0    0    0    0    0    0    0    0    0
    0    0    0    0    0    0    0    0    0    0    0    0    0    0
    0    0    0    0    0    0    0    0    0    0    0    0    0    0
    0    0    0    0    0    0    0    0    0    0    0    0    0    0
    0    0    0    0    0    0    0    0    0    0    0    0    0    0
    0    0    0    0    0    0    0    0    0    0    0    0    0    0
    0    0    0 7863 7863    0    0    0    0    0    0    0    0    0
    0    0    0    0    0    0    0    0    0    0    0    0    0    0
    0    0    0    0    0    0    0    0    0    0 5879 5566    0 2651
    0    0    0    0    0    0    0    0    0    0    0    0    0    0
    0    0    0    0    0    0    0    0    0    0]","[12  1 11  1 17 12 16 14 14  1 16  1  1  0  0  1 16  1  0  1  0 16 16  1
  1 12 12  1 17 12 14  1  1  1 12 12 12 14 14  1 16 16  1  1 16  1 14 14
 16 14  1  1 16  1 14 16 16  1 14  1 16  1 16  1  1 14 16  1 16 16 16 16
 14  1  1 14 16 14 14  1  1 16  1 16 14 14 14  1  1  1 16 16  0  1 17  0
 16  0  0  1 16 16  1 14 16 16 14 16  1  1 11 11 11 11  1 14  1 11 11  1
 11 11 14  1 16 16  1  1  2  1 14 14  1  1  1 14  1  1  1 16  1 14  1  0
 14 11 11  2 14 11 11 16  2  2 11 12 11 14  1 14  1  1 14 16  1 16 11  1
  1  1 16 16  1 14  0  1 16 12  1 14  1  0 16  1  0  2  1 16  0  1 14  1
 16 12  1 16  1 14 12 14 16 12  1 14 14 16 16 14 14 14  1  1  1 16 16 14
 11  1  2  1 12  1 16  1  1  2 14 16  1  1  1 16  1  1 16 14  1  1 14 12
  1 14  1  1 16  1 16  2  2 16 14 12 16 16  2  1  1  1 14  1  1 14 16 14
 16  1  1  1 16  1 12  1  1  1 14 14 14 16 16 14 16  2  1 12  1 12 14  1
  2 17  1 16  1  1 14 14 14 11 11 11 16  0 11 11  1  0  0 14 14 14  1  1
  1  1  0  1 11 11 11 11 11  1  2 11 11 12  1 14 11 11 16  1 11 11  1  1
  1  1 14 11  2 11 11  2 11 14 11 11  1 16  1  1  1  1 14 14  1 11 14  1
 14  1  0 12 16  1  2  0 16  1 14  1  1  1  1  0  0  1 16 14  1 14 17 16
 16 14 12  1  0  1  1  1 16 14 12  1 14 11 16 16 11  2  1  0  0 14 12 16
  2 14  1  1 12 14 16 16  2  1  1 16  1  2  2  1 16  1  1 16 16  1 14  1
 14  1 14 14  1  1  1  0 12  0  0 12  2  1 16  1  1  2 14 11  1 16  1  1
 14 17 14 16 14  0 14 11  1  2 16 14  1 14  1  1 12  1 16  1 14 12 14  0
 16  1 16 14 16 16 11 11 14  1 12  1  2  1 11 17  1  1  0 14 14 16 14 14
  0 14  2 11 11  1 16  1 14  1 12 16  1  0  0  1 14  1 17  1  1 14  1 12
  1 12  1 12 14  0  1 16  0  0  1 16  1  2 16 14 16  1  1 14 16  1 16 14
 14 14 16 17 17 17 17 17 17 17 17 17 17 17 17 17 17 17 17  1 17 17 17 17
 17 17 17 17 17 17 17 17]","[1769132064 1769131947 1769131782 1767921477 1766135556 1766120867
 1765498939 1764569886 1763310215 1763003386 1762988820 1762948500
 1762948200 1762921260 1762921200 1762909920 1762909500 1762875664
 1762859460 1762857600 1762857540 1762857240 1762857000 1762856940
 1762856760 1762856700 1762856580 1762856400 1762855020 1762854960
 1762854900 1762854840 1762854780 1762854120 1762853940 1762853880
 1762853760 1762851600 1762851540 1762846727 1762816920 1762667460
 1762665660 1762507440 1762411080 1762409880 1762317120 1762305900
 1762239180 1762166400 1762134840 1762134600 1762133280 1762133040
 1762132920 1762132680 1762132620 1762129663 1762078800 1762078140
 1762074660 1762074060 1762073280 1762072860 1762072620 1762072440
 1762072380 1762072260 1762072200 1762072140 1762071900 1762071660
 1762071600 1762069320 1762013160 1762012980 1762012920 1762012800
 1762012140 1762011420 1762009620 1762002120 1762001220 1762001100
 1762000980 1761998297 1761997020 1761995700 1761994860 1761994800
 1761994560 1761993900 1761987237 1761973680 1761973440 1761971760
 1761971700 1761971616 1761971580 1761971340 1761967860 1761967860
 1761967080 1761967080 1761967020 1761966900 1761966900 1761966720
 1761966600 1761966480 1761966420 1761966240 1761965940 1761916080
 1761915960 1761915300 1761915300 1761914580 1761914280 1761914160
 1761914040 1761913920 1761913860 1761912360 1761911280 1761887640
 1761887400 1761839940 1761838440 1761838200 1761838020 1761751500
 1761751140 1761751080 1761750960 1761750720 1761748980 1761744840
 1761744600 1761742980 1761737700 1761736260 1761735720 1761735480
 1761735180 1761735060 1761734640 1761734460 1761732480 1761732240
 1761732060 1761697200 1761689340 1761616221 1761615719 1761578460
 1761578220 1761576060 1761565620 1761449940 1761449880 1761449580
 1761405480 1761405420 1761322140 1761321600 1761321000 1761315060
 1761314820 1761200220 1761200100 1761148560 1761148440 1761148380
 1761148320 1761148080 1761124500 1761124380 1761124140 1761123840
 1761123180 1761122580 1761122520 1761122460 1761122400 1761002074
 1760941560 1760876940 1760876940 1760876940 1760876040 1760876040
 1760873640 1760792749 1760684760 1760682540 1760673060 1760605140
 1760604540 1760604060 1760569260 1760569200 1760542260 1760542200
 1760541900 1760539620 1760539560 1760537520 1760537280 1760536740
 1760535120 1760533800 1760523720 1760523480 1760497829 1760489956
 1760488814 1760026860 1760026800 1759845000 1759777380 1759777260
 1759777140 1759776660 1759776540 1759775400 1759775220 1759735680
 1759714560 1759714380 1759714200 1759713540 1759713420 1759713060
 1759713000 1759712880 1759486620 1759486500 1759486440]","[ 6  6  6  6  6  6  6  6  6  6 19 19 19 19 19 19 19  6 19 19 19 19 19 19
 19 19 19 19 19 19 19 19 19 19 19 19 19 19 19  6 19 19 19 19 19 19 19 19
 19 19 19 19 19 19 19 19 19 17 19 19 19 19 19 19 19 19 19 19 19 19 19 19
 19 19 19 19 19 19 19 19 19 19 19 19 19  8 19 19 19 19 19 19  6 19 19 19
 19  6 19 19 19 19 19 19 19 19 19 19 19 19 19 19 19 19 19 19 19 19 19 19
 19 19 19 19 19 19 19 19 19 19 19 19 19 19 19 19 19 19 19 19 19 19 19 19
 19 19 19 19 19 19 19 19 19  8  8 19 19 19 19 19 19 19 19 19 19 19 19 19
 19 19 19 19 19 19 19 19 19 19 19 19 19 19 19 19 19  6 19 19 19 19 19 19
 19  6 19 19 19 19 19 19 19 19 19 19 19 19 19 19 19 19 19 19 19 19  6  6
  6 19 19 19 19 19 19 19 19 19 19 19 19 19 19 19 19 19 19 19 19 19 19]","[ 72923528  50795427  35841024  68938744  74588113  32282896  16198313
  47728252  66423468  52860267  75792768  54668214  54668214  69983256
  69983256  63558762  63558762  47146046  65935311  65935311  65935311
  65935311  65935311  65935311  65935311  65935311  65935311  65935311
  21596484  21596484  21596484  21596484  21596484  21596484  21596484
  21596484  21596484  21596484  21596484  45863280  75792768  66749643
  66749643   3922986  18779796  18779796  75792768  75792768  57457139
  25530707  11963100  11963100  18779796  18779796  18779796  18779796
  18779796  39761343  24907592  24907592  18779796  18779796  18779796
  18779796  18779796  18779796  18779796  18779796  18779796  18779796
  18779796  18779796  18779796  18779796  21596484  21596484  21596484
  21596484  21596484   3922986   3922986   3922986   3922986   3922986
   3922986  25332077  14505944  14505944  14505944  14505944  14505944
  14505944  43863257  52913782  52913782  14505944  14505944  43863257
  14505944  14505944  63283465  14505944  52664026  63283465  63283465
  52664026  63283465  63283465  52664026  52664026  52664026  52664026
  14505944  18779796  18779796  18779796  64489458  18779796  18779796
  18779796  18779796  18779796  18779796  18779796  18779796  21596484
  21596484  21596484  21596484  21596484  21596484  21596484  21596484
  21596484  21596484  21596484  21596484  21596484  21596484  21596484
  18779796  18779796  18779796  18779796  18779796  18779796  18779796
  18779796  18779796  18779796  18779796  18779796  21596484   2678239
   2678239  66749643  66749643  66749643  66749643  21596484  21596484
  21596484  21596484  21596484  21596484  21596484  21596484  21596484
  21596484  21596484  21596484  21596484  21596484  21596484  21596484
  21596484  70940474  70940474  70940474  70940474  70940474  70940474
  70940474  70940474  70940474  21966972  25643566  20674341  44415779
  26229171  20674341  26229171  26229171 142180470  25643566  25643566
  61392798   7961589   7961589   7961589  21596484  21596484  21596484
  21596484  21596484  21596484  21596484  21596484  21596484  21596484
  21596484  21596484  21596484  21596484  31948490  58508120  73288078
   3922986   3922986   3922986  18779796  18779796  18779796  18779796
  18779796  18779796  18779796  27379144  18779796  18779796  18779796
  18779796  18779796  18779796  18779796  18779796  41287301  41287301
  41287301]","[705 193 246 522 522 511 522   0 249 530 169 385 385 447 447 484 484 549
 192 192 192 192 192 192 192 192 192 192 555 555 555 555 555 555 555 555
 555 555 555 549 169 246 246 385 472 472 169 169 555 619 472 472 472 472
 472 472 472 619 246 246 472 472 472 472 472 472 472 472 472 472 472 472
 472 472 555 555 555 555 555 385 385 385 385 385 385 628 371 371 371 371
 371 371 726 587 587 371 371 726 371 371 619 371 619 619 619 619 619 619
 619 619 619 619 371 472 472 472 472 472 472 472 472 472 472 472 472 555
 555 555 555 555 555 555 555 555 555 555 555 555 555 555 472 472 472 472
 472 472 472 472 472 472 472 472 555 169 169 246 246 246 246 555 555 555
 555 555 555 555 555 555 555 555 555 555 555 555 555 555  61  61  61  61
  61  61  61  61  61 107 246 587 472 351 587 351 351 249 246 246 633 705
 705 705 555 555 555 555 555 555 555 555 555 555 555 555 555 555 619 130
 549 385 385 385 472 472 472 472 472 472 472 351 472 472 472 472 472 472
 472 472 179 179 179]","[  12 1086 1629 2248 2248    0 2248    0  433 2309  594    0    0  550
  550  324  324  967 1182 1182 1182 1182 1182 1182 1182 1182 1182 1182
 1341 1341 1341 1341 1341 1341 1341 1341 1341 1341 1341  644  594 1629
 1629    0  831  831  594  594  797  349 1191 1191  831  831  831  831
  831 2428 1034 1034  831  831  831  831  831  831  831  831  831  831
  831  831  831  831 1341 1341 1341 1341 1341    0    0    0    0    0
    0 2485  788  788  788  788  788  788  795 1384 1384  788  788  795
  788  788  995  788  995  995  995  995  995  995  995  995  995  995
  788  831  831  831  831  831  831  831  831  831  831  831  831 1341
 1341 1341 1341 1341 1341 1341 1341 1341 1341 1341 1341 1341 1341 1341
  831  831  831  831  831  831  831  831  831  831  831  831 1341 1236
 1236 1629 1629 1629 1629 1341 1341 1341 1341 1341 1341 1341 1341 1341
 1341 1341 1341 1341 1341 1341 1341 1341 2518 2518 2518 2518 2518 2518
 2518 2518 2518  939 1629 1384  831    0 1384    0    0  760 1629 1629
    0 2028 2028 2028 1341 1341 1341 1341 1341 1341 1341 1341 1341 1341
 1341 1341 1341 1341 2428 2177 1842    0    0    0  831  831  831  831
  831  831  831 1121  831  831  831  831  831  831  831  831  589  589
  589]","[ 9972  5637     0     0     0     0  8303     0  9471  1182  2113     0
     0     0     0  9178  9178  6243     0     0     0     0     0     0
     0     0     0     0     0     0     0     0     0     0     0     0
     0     0     0     0  2113     0     0     0  6864  6864  2113  2113
  9031 10155  9501  9501  6864  6864  6864  6864  6864   779     0     0
  6864  6864  6864  6864  6864  6864  6864  6864  6864  6864  6864  6864
  6864  6864     0     0     0     0     0     0     0     0     0     0
     0  4969     0     0     0     0     0     0  7520     0     0     0
     0  7520     0     0  4840     0  2892  4840  4840  2892  4840  4840
  2892  2892  2892  2892     0  6864  6864  6864  6864  6864  6864  6864
  6864  6864  6864  6864  6864     0     0     0     0     0     0     0
     0     0     0     0     0     0     0     0  6864  6864  6864  6864
  6864  6864  6864  6864  6864  6864  6864  6864     0   435   435     0
     0     0     0     0     0     0     0     0     0     0     0     0
     0     0     0     0     0     0     0     0   133   133   133   133
   133   133   133   133   133  7576     0     0  6719     0     0     0
     0 10036     0     0     0  8228  8228  8228     0     0     0     0
     0     0     0     0     0     0     0     0     0     0  1957  1773
  5940     0     0     0  6864  6864  6864  6864  6864  6864  6864     0
  6864  6864  6864  6864  6864  6864  6864  6864  5791  5791  5791]","[3038    0    0    0    0    0    0    0    0    0    0    0    0    0
    0    0    0    0    0    0    0    0    0    0    0    0    0    0
    0    0    0    0    0    0    0    0    0    0    0    0    0    0
    0    0    0    0    0    0    0    0    0    0    0    0    0    0
    0    0    0    0    0    0    0    0    0    0    0    0    0    0
    0    0    0    0    0    0    0    0    0    0    0    0    0    0
    0 6368    0    0    0    0    0    0    0    0    0    0    0    0
    0    0    0    0    0    0    0    0    0    0    0    0    0    0
    0    0    0    0    0    0    0    0    0    0    0    0    0    0
    0    0    0    0    0    0    0    0    0    0    0    0    0    0
    0    0    0    0    0    0    0    0    0    0    0    0    0    0
    0    0    0    0    0    0    0    0    0    0    0    0    0    0
    0    0    0    0    0    0    0    0    0    0    0    0    0    0
    0    0    0    0    0    0    0    0    0    0    0    0    0    0
    0  198  198  198    0    0    0    0    0    0    0    0    0    0
    0    0    0    0    0    0    0    0    0    0    0    0    0    0
    0    0    0    0    0    0    0    0    0    0    0    0    0    0
    0]","[     0      0      0      0      0      0      0      0      0      0
      0      0      0      0      0      0      0      0      0      0
      0      0      0      0      0      0      0      0      0      0
      0      0      0      0      0      0      0      0      0      0
      0      0      0      0      0      0      0      0      0      0
      0      0      0      0      0      0      0      0      0      0
      0      0      0      0      0      0      0      0      0      0
      0      0      0      0      0      0      0      0      0      0
      0      0      0      0      0      0      0      0      0      0
      0      0      0      0      0      0      0      0      0      0
      0      0      0      0      0      0      0      0      0      0
      0      0      0      0      0      0      0      0      0      0
      0      0      0      0      0      0      0      0      0      0
      0      0      0      0      0      0      0      0      0      0
      0      0      0      0      0      0      0      0      0      0
      0      0      0 168846 168846      0      0      0      0      0
      0      0      0      0      0      0      0      0      0      0
      0      0      0      0      0      0      0      0      0      0
      0      0      0      0      0      0      0      0      0      0
      0      0      0      0      0      0      0      0      0      0
      0      0      0      0      0      0      0      0      0      0
      0      0      0      0      0      0      0      0      0      0
      0      0      0      0      0      0      0      0      0      0
      0      0      0      0      0      0      0      0      0]","[15  5 15 15 15  6 15  0 15  1 15 15 15  1  1 21 21  1  9  9  9  9  9  9
  9  9  9  9 15 15 15 15 15 15 15 15 15 15 15  1 15 15 15 15 26 26 15 15
 15 26 26 26 26 26 26 26 26 26 15 15 26 26 26 26 26 26 26 26 26 26 26 26
 26 26 15 15 15 15 15 15 15 15 15 15 15 15  5  5  5  5  5  5 15 12 12  5
  5 15  5  5 26  5 26 26 26 26 26 26 26 26 26 26  5 26 26 26 26 26 26 26
 26 26 26 26 26 15 15 15 15 15 15 15 15 15 15 15 15 15 15 15 26 26 26 26
 26 26 26 26 26 26 26 26 15 15 15 15 15 15 15 15 15 15 15 15 15 15 15 15
 15 15 15 15 15 15 15 15 11 11 11 11 11 11 11 11 11 15 15 12 26  5 12  5
  5 15 15 15 14 15 15 15 15 15 15 15 15 15 15 15 15 15 15 15 15 15 26 15
  1 15 15 15 26 26 26 26 26 26 26  5 26 26 26 26 26 26 26 26 15 15 15]","[     0      0      0      0      0      0      0      0      0      0
      0      0      0      0      0      0      0      0  33686  33686
  33686  33686  33686  33686  33686  33686  33686  33686      0      0
      0      0      0      0      0      0      0      0      0      0
      0      0      0      0      0      0      0      0  45139      0
  35008  35008      0      0      0      0      0      0  93833  93833
      0      0      0      0      0      0      0      0      0      0
      0      0      0      0      0      0      0      0      0      0
      0      0      0      0      0      0      0      0      0      0
      0      0      0      0      0      0      0      0      0      0
      0      0      0      0      0      0      0      0      0      0
      0      0      0      0      0      0  45139      0      0      0
      0      0      0      0      0      0      0      0      0      0
      0      0      0      0      0      0      0      0      0      0
      0      0      0      0      0      0      0      0      0      0
      0      0      0      0      0      0      0      0      0      0
      0      0      0      0      0      0      0      0      0      0
      0      0      0      0      0      0      0      0      0      0
      0      0      0      0      0      0      0      0 134386      0
      0      0      0      0      0      0      0      0      0      0
      0      0      0      0      0      0      0      0      0      0
      0      0      0      0      0      0      0      0      0      0
      0      0      0      0      0      0      0      0      0      0
      0      0      0      0      0      0      0      0      0]","[ 71  92 103 108 103 151 108  86  97 103 161 110 110 103 103 139 139 103
 109 109 109 109 109 109 109 109 109 109  57  57  57  57  57  57  57  57
  57  57  57 103 161 103 103 110 138 138 161 161  83 110 151 151 138 138
 138 138 138 132 109 109 138 138 138 138 138 138 138 138 138 138 138 138
 138 138  57  57  57  57  57 110 110 110 110 110 110 136 110 110 110 110
 110 110 137 151 151 110 110 137 110 110  44 110  44  44  44  44  44  44
  44  44  44  44 110 138 138 138 138 138 138 138 138 138 138 138 138  57
  57  57  57  57  57  57  57  57  57  57  57  57  57  57 138 138 138 138
 138 138 138 138 138 138 138 138  57 108 108 103 103 103 103  57  57  57
  57  57  57  57  57  57  57  57  57  57  57  57  57  57 103 103 103 103
 103 103 103 103 103  62 103 151 152 152 151 152 152  92 103 103 153  42
  42  42  57  57  57  57  57  57  57  57  57  57  57  57  57  57   6   0
 103 110 110 110 138 138 138 138 138 138 138 153 138 138 138 138 138 138
 138 138 139 139 139]","[3295  717 4251 1913 1684  932 1355 3513 2238  697 3952 1798 1798  416
  416  322  322  697 2326 2326 2326 2326 2326 2326 2326 2326 2326 2326
 1353 1353 1353 1353 1353 1353 1353 1353 1353 1353 1353 3835 3952 2327
 2327 1798    0    0 3952 3952 1720 4062 3106 3106    0    0    0    0
    0  512  534  534    0    0    0    0    0    0    0    0    0    0
    0    0    0    0 1353 1353 1353 1353 1353 1798 1798 1798 1798 1798
 1798  352 3123 3123 3123 3123 3123 3123 3039  168  168 3123 3123 3039
 3123 3123 1093 3123 1093 1093 1093 1093 1093 1093 1093 1093 1093 1093
 3123    0    0    0 2546    0    0    0    0    0    0    0    0 1353
 1353 1353 1353 1353 1353 1353 1353 1353 1353 1353 1353 1353 1353 1353
    0    0    0    0    0    0    0    0    0    0    0    0 1353 2800
 2800 2327 2327 2327 2327 1353 1353 1353 1353 1353 1353 1353 1353 1353
 1353 1353 1353 1353 1353 1353 1353 1353  402  402  402  402  402  402
  402  402  402 1998 2133  168 2017 2017  168 2017 2017 1966 2133 2133
    0  156  156  156 1353 1353 1353 1353 1353 1353 1353 1353 1353 1353
 1353 1353 1353 1353 3051    0 1023 1798 1798 1798    0    0    0    0
    0    0    0 3653    0    0    0    0    0    0    0    0 1194 1194
 1194]","[  694  8825    64  5375     0  1845  7717     0     0  6183  8190  1129
  1129     0     0  3149  3149  6183  8631  8631  8631  8631  8631  8631
  8631  8631  8631  8631     0     0     0     0     0     0     0     0
     0     0     0   319  8190   595   595  2265     0     0  8190  8190
     0     0 10740 10740     0     0     0     0     0     0     0     0
     0     0     0     0     0     0     0     0     0     0     0     0
     0     0     0     0     0     0     0  2265  2265  2265  2265  2265
  2265 11337  6424  6424  6424  6424  6424  6424  1751  2329  2329  6424
  6424  1751  6424  6424  3117  6424  9416  3117  3117  9416  3117  3117
  9416  9416  9416  9416  6424     0     0     0     0     0     0     0
     0     0     0     0     0     0     0     0     0     0     0     0
     0     0     0     0     0     0     0     0     0     0     0     0
     0     0     0     0     0     0     0     0     0  5415  5415   595
   595   595   595     0     0     0     0     0     0     0     0     0
     0     0     0     0     0     0     0     0  8025  8025  8025  8025
  8025  8025  8025  8025  8025  4815     0  2329     0  1795  2329  1795
  1795 10295     0     0     0  4804  4804  4804     0     0     0     0
     0     0     0     0     0     0     0     0     0     0     0     0
  4982  2265  2265  2265     0     0     0     0     0     0     0     0
     0     0     0     0     0     0     0     0  7851  7851  7851]","[  4305 237581  99899  10135 215505      0  91649      0      0 113292
 204115      0      0 194947 194947 137199 137199 202633  78682  78682
  78682  78682  78682  78682  78682  78682  78682  78682 188331 188331
 188331 188331 188331 188331 188331 188331 188331 188331 188331      0
 204115 155036 155036      0  22581  22581 204115 204115  38718 114453
  70720  70720  22581  22581  22581  22581  22581      0 150243 150243
  22581  22581  22581  22581  22581  22581  22581  22581  22581  22581
  22581  22581  22581  22581 188331 188331 188331 188331 188331      0
      0      0      0      0      0 185632 176522 176522 176522 176522
 176522 176522 151233  86027  86027 176522 176522 151233 176522 176522
  58579 176522  64998  58579  58579  64998  58579  58579  64998  64998
  64998  64998 176522  22581  22581  22581  92187  22581  22581  22581
  22581  22581  22581  22581  22581 188331 188331 188331 188331 188331
 188331 188331 188331 188331 188331 188331 188331 188331 188331 188331
  22581  22581  22581  22581  22581  22581  22581  22581  22581  22581
  22581  22581 188331  43608  43608 155036 155036 155036 155036 188331
 188331 188331 188331 188331 188331 188331 188331 188331 188331 188331
 188331 188331 188331 188331 188331 188331  25458  25458  25458  25458
  25458  25458  25458  25458  25458 213042  34524  70720 101619 187913
  70720 187913 187913      0  34524  34524 187913   3628   3628   3628
 188331 188331 188331 188331 188331 188331 188331 188331 188331 188331
 188331 188331 188331 188331      0 137600 185169      0      0      0
  22581  22581  22581  22581  22581  22581  22581 185207  22581  22581
  22581  22581  22581  22581  22581  22581 135297 135297 135297]","[1772716946 1772271196 1771980178 1771407379 1767663040 1767495196
 1767495195 1766915973 1765501171 1765438096 1764260366 1763689240
 1763688967 1763688818 1762749917 1762008551 1761998556 1761967091
 1761967068 1758249026 1757572878 1756564462 1755515115 1754985843
 1754985688 1754985674 1754985668 1754979156 1754405509 1754405351
 1754405056 1754405052 1754324319 1754324174 1754151769 1754151596
 1754151427 1754150973 1754150682 1754149429 1754149281 1754149257
 1754149254 1754135075 1754132644 1754132617 1754132616 1754132480
 1754132468 1754131923 1754131922 1754131842 1754131782 1754131773
 1754130985 1754130842 1754130123 1754130122 1754130122 1754130028
 1754130020 1754130016 1754129991 1754129974 1754129884 1754129851
 1754129746 1754129628 1754129294 1754129232 1754129102 1754126728
 1754126599 1754126506 1754126506 1754126373 1754126366 1754126306
 1754126235 1754126021 1754126020 1754125887 1754125810 1752941022
 1752237901 1751899351 1751592878 1751471107 1751013233 1751012852
 1750426713 1750083186 1750083137 1749821251 1749803986 1749786679
 1749457725 1748647607 1748483351 1747991343 1747581366 1747581312
 1747357093 1746918720 1746846063 1746495275 1746494948 1746490634
 1746490633 1746489172 1746489021 1746489020 1746488926 1746488519
 1746230910 1745887605 1745887514 1744682934 1744682906 1744682737
 1744682712 1744682700 1744680773 1744680741 1744679953 1744679945
 1744679792 1744034212 1744034184 1743907996 1743907992 1742603792
 1742603759 1741594410 1740126046 1738061047 1738060964 1737384854
 1737384817 1737032679 1736435314 1736435080 1736349836 1736349164
 1736349138 1736349104 1736197093 1735864279 1735724854 1735224351
 1735088623 1735034648 1735034629 1734687141 1734608762 1734219463
 1734219446 1733651250 1733143156 1733120185 1733043288 1733042948
 1733042631 1733042623 1733042604 1733042368 1732975915 1732972318
 1732972089 1732889906 1732760068 1732699351 1732616342 1732615949
 1732615923 1732615863 1732615796 1732535333 1732500904 1731557647
 1731557547 1731415924 1731331427 1731329573 1731227462 1731224997
 1731224157 1731219488 1731161574 1731160369 1731160305 1731077216
 1731073748 1731073058 1730899634 1730898887 1730898837 1730639845
 1730628774 1730628119 1730624478 1730623365 1730551799 1730550216
 1730528317 1730527514 1730386557 1730250690 1730210873 1730209445
 1730207564 1730207122 1730205996 1730120990 1730001456 1729746672
 1729553598 1729400425 1729312008 1729250141 1729067537 1728802787
 1728802516 1728443972 1728359903 1728286908 1728286168 1728265309
 1728265296 1728264284 1728263690 1728092952 1727707766 1727707358
 1727706837 1727706710 1727702642 1727518256 1727517546 1727516736
 1727511319 1727509087 1727507706 1727413538 1727413523 1727325402
 1727269534 1727065372 1726965179 1726638074 1725768590 1725619986
 1725608767 1725608761 1725601988 1725282727 1725282069 1725281965
 1725281947 1725281895 1725281862 1725204379 1725160938 1724745256
 1724745239 1724745167 1724744877 1724744810 1724635219 1724635188
 1724511356 1724318367 1724317597 1724317562 1724147487 1724044823
 1723995122 1723985643 1723985152 1723971415 1723875595 1723726297
 1723724259 1723686052 1723685961 1723681166 1723681090 1723680667
 1723524490 1723292603 1722913079 1722830639 1722830601 1722691081
 1721612136 1721146389 1721146365 1721146359 1720969656 1720352102
 1720141556 1720141450 1718987824]","[31 31 31 31 31 31 31 31 31 31 31 31 31 31 31 31 31 31 31 31 31 31 31 10
 10 31 31 29 10 31 29 29 10 31 10 31 29 10 31 29 29 29 29 10 31 10 10 31
 31 10 10 10 31 31 10 31 10 10 10 31 31 29 31 29 29 10 31 10 31 10 31 10
 31 10 10 31 10 31 31 10 10 31 31 31 31 31 62 31 31 31 31 31 31 31 31 31
 31 31 31 31 31 31 31 31 31 65 31 31 31 31 31 31 65 31 31 10 31 31 31 31
 31 31 31 31 31 31 31 31 31 31 31 62 31 31 31 10 31 31 31 31 65 31 31 31
 31 31 31 31 31 31 31 31 31 31 31 31 31 31 31 31 52 52 31 31 31 31 31 31
 31 31 31 31 31 65 65 31 31 31 31 65 31 31 31 31 31 52 31 31 52 31 31 31
 52 31 52 31 31 31 52 31 52 31 52 31 52 31 31 31 52 31 52 52 31 31 31 31
 31 31 52 31 31 31 31 31 31 52 31 52 52 31 31 31 52 52 31 31 31 52 31 31
 31 52 31 10 31 31 31 31 31 31 31 31 31 31 31 52 31 31 31 31 31 31 31 65
 31 31 31 31 31 31 31 31 31 31 31 31 31 65 31 31 31 31 31 65 31 65 31 31
 31 31 31 65 31 31 31 31 31 31 31 31 31 31 31]","[1329871 4349204  292187 2006873 1220759 4138593 4138593 1661663 2862378
 5340930 2584345  990818  990818  990818 4560623 3884169 5811622 4260047
 4260047 5727555 2323830  568409 1986266 2661888 5709662 5709662 2661888
 5751224 2471540 2471540 1743448 5768943 3991838 3991838  659591  659591
 1164536 5101907 5101907  260848 5388460 5440681 2255861 3091916 3091916
 2564639 4334698 4334698 2564639 3122686 2550197 2239305 2550197 3122686
 3951205 2239305 1133495 2450310 1668360 1668360 1133495 3513573 2450310
 3749446 2939071 1574160 1574160 5349536 5349536 4856447 4856447 1658219
 1658219 1549850 2130958 1549850 4679148 2130958 4679148 1077180 1219913
 1077180 1219913 2258509 5808411 1917370 2942295 4621807 4717713 2888893
  846571 1604406 1604406 4650970 1244480 1374925 2327824 1354120  844971
 3902909 4964136 4964136 3445390 4147762 1040885 1040885 1040885  702073
  702073   70067   70067   70067   70067   70067 4106986 2365152 2365152
 2016456 2016456 4976686 4976686 4976686 2144221 2144221  412237  412237
  412237 5068859 5068859 3062407 3062407  183005  183005  740436 3506390
  934633  934633 2411323 2411323 1406884 2476615 2476615 5680388 3023920
 3023920 3023920 5427335 6010310 5448658  323202 3575536  798059  798059
 4139863 1441165 4601106 4601106 3839388 2900787  111802 6050826 6050826
 5466217 6050826 6050826  224793 5608505 1339463 5337031 5115902  183929
 5970959 3600798 3064868 3064868 3064868 3064868 3600798  381994 3653228
 3653228 4471447  158777  158777 4293914 3997771 3997771 1446309 3802677
 5060532 3802677  158777 5260123 5260123  168116 4008052  168116  359059
 3352784 3352784 2375765 2375765  158777  158777 2641780 2641780 2762240
 5421290 5558028 5558028  158777 2375765 2375765 2354336 5233935  922627
 5482309 5822744 5558028 5558028  605039 3766366 3408958  226837 4725628
 5558028 5558028  158777  158777  158777 4041549 3808848 5971902 5762648
 5971902 5762648  158777 2641780 2641780 1247772 1570587 5083273 5083273
 1831496 1831496 1283983 4535672 3294059 5883888  399986 5115902 2892582
 2604042 2604042 5115902 2367849 1587496 2673445 2673445 2330961 2367849
 3289792 5747984 2528324 2528324 2528324 2528324 2528324 2528324 2528324
 2528324  111374 2528324 2528324 3179376 4806083 5310561  182587  182587
  839906 3077933 2092354 2401927 3711965 3711965 1232482 1232482 1232482
  147486  308077 5005160 4505763 4505763 2974808 5923450 1504269 1504269
 1504269 3415957 1784498 5049233 4840647 3459261]","[ 71 316 154 386 802 326 326 154 196  42 106 272 272 272 211 154 154 316
 316 211 729 456  91 813  71  71 813 651 824 824 310 111  92  92  92  92
 670 259 259 670 217 813 813 670 670 670 670 670 670 813  70  92  70 813
 319  92  92  70 670 670  92 670  70 123 670 670 670 670 670 123 123 651
 651 524 651 524 824 651 824 824 670 824 670 154 855 272 656 348 316 316
 196 326 326 196 348 802 656 449 828 838 326 326 513 656 196 196 196 196
 196 196 196 196 196 196 196  70  70 513 513 513 513 513 513 513 513 513
 513 513 513 513 513 656 656 106 326 824 824 802 802 513 196 196 106 106
 106 106 828 154 810 810 154 154 154  91 185 154 154 326 259 318 217  92
 235  92 217 828 154 154 154 799 838 185 154 154 154 154 154 154 693  64
  64 316 259 259 524  71  71  81 259  64 259 531 651 651  92 828  92 196
  71  71  71  71 259 259 647 647 196 196 651 651 714 531 531 656 656 656
 196 196 651 651 154 824  71 154 323 259 259  71 259 259 588 474 217 651
 217 651  71 259 259 656 220 651 651  97  97 656 575 386 729 386 799 513
 326 326 799 651 259  64  64  64 651 326 323 326 326 326 326 326 326 326
 326 326 326 326 656 575 196 196 196 799 828 367 196 449 449 154 154 154
 154 810  64 196 196 810 513 326 326 326 513 810 810 290 554]","[   0    0 2382    0 5749    0    0 6172  604    0 3015    0    0    0
    0 2656 1811    0    0    0    0    0    0  550 6558 6558  550 4303
    0    0    0 1464    0    0 1187 1187 5490    0    0    0 6295    0
    0 5739 5739 5739 1741 1741 5739 4200    0    0    0 4200 5682    0
 6704    0 5490 5490 6704 1741    0    0    0    0    0 6368 6368    0
    0 6359 6359 1751 1837 1751    0 1837    0    0    0    0    0    0
    0    0    0    0    0    0  604 6136 6136  604    0    0    0   -1
 2418 7085 6136 6136  706    0 5403 5403 5403 6576 6576 5403 5403 5403
 5403 5403 5403    0    0 4769 4769 4769 4769 4769 5434 5434 4769 4769
 4769    0    0    0    0    0    0 3139 1577    0    0  988  988 4769
 4686 4686 4735    0    0    0 2418 3284    0    0 3284    0    0    0
    0    0    0 6239    0    0 6295 5466    0 5466 6295    0  959 3049
  959    0 6383    0 1811 5421 5421 5421 5421 1811    0    0    0    0
    0    0    0    0    0  687    0 4167    0    0   12   12    0 6168
    0 5041    0    0    0    0    0    0    0    0    0  713 1203 1203
 6495 6568 6568    0    0    0    0    0 5674 5674   -1    0    0   -1
    0    0    0    0    0    0    0    0 6295    0 6295    0    0  752
  752    0    0 4303 4303 2267 2267    0  145 3590    0 3590    0 4769
 6136 6136    0    0    0 1587 1587 2553    0 6604    0 6136 6136 6136
 6136 6136 6136 6136 6136 6136 6136 6136    0  145 4407 6576 6576    0
   -1 4258 1719 3889 3889    0    0    0 1811    0    0 6576 6576    0
    0 6136 6136 6136    0    0    0    0    0]","[5 2 2 2 2 2 2 2 2 2 2 2 2 2 2 2 2 2 2 2 2 2 3 2 2 2 2 2 2 2 2 2 2 2 2 2 2
 2 2 2 2 2 2 2 2 2 2 2 2 2 2 2 2 2 2 2 2 2 2 2 2 2 2 2 2 2 2 2 2 2 2 2 2 2
 2 2 2 2 2 2 2 2 2 2 2 2 5 2 1 1 2 2 2 2 2 3 5 2 2 2 2 2 2 5 2 2 2 2 2 2 2
 2 2 2 2 2 2 2 2 2 2 2 2 2 2 2 2 2 2 2 2 2 2 2 3 2 2 2 2 2 2 2 2 2 2 2 2 2
 2 2 2 2 2 3 2 2 2 2 1 2 1 1 1 1 1 1 2 2 2 2 2 2 2 2 2 2 2 2 2 2 2 1 1 1 1
 1 1 1 1 1 1 1 1 1 1 1 1 2 1 1 1 1 1 1 1 1 2 2 1 1 1 1 1 1 1 1 2 2 1 1 2 1
 1 2 3 1 1 1 1 1 1 1 1 1 1 1 1 1 1 1 1 1 1 1 1 1 2 2 1 2 2 2 2 2 2 1 1 1 1
 1 1 2 1 2 2 2 2 2 2 2 2 2 2 2 1 2 2 2 2 2 1 1 1 1 1 2 2 2 2 2 2 2 2 2 2 2
 2 2 2 2 2 2 2]","[1 1 1 1 1 1 1 1 1 1 1 1 1 1 1 1 1 1 1 1 1 1 1 1 1 1 1 3 1 1 3 3 1 1 1 1 3
 1 1 3 3 3 3 1 1 1 1 1 1 1 1 1 1 1 1 1 1 1 1 1 1 3 1 3 3 1 1 1 1 1 1 1 1 1
 1 1 1 1 1 1 1 1 1 1 1 1 1 1 1 1 1 1 1 1 1 1 1 1 1 1 1 1 1 1 1 1 1 1 1 1 1
 1 1 1 1 1 1 1 1 1 1 1 1 1 1 1 1 1 1 1 1 1 1 1 1 1 1 1 1 1 1 1 1 1 1 1 1 1
 1 1 1 1 1 1 1 1 1 1 1 1 1 1 1 1 1 1 1 1 1 1 1 1 1 1 1 1 1 1 1 1 1 1 1 1 1
 1 1 1 1 1 1 1 1 1 1 1 1 1 1 1 1 1 1 1 1 1 1 1 1 1 1 1 1 1 1 1 1 1 1 1 1 1
 1 1 1 1 1 1 1 1 1 1 1 1 1 1 1 1 1 1 1 1 1 1 1 1 1 1 1 1 1 1 1 1 1 1 1 1 1
 1 1 1 1 1 1 1 1 1 1 1 1 1 1 1 1 1 1 1 1 1 1 1 1 1 1 1 1 1 1 1 1 1 1 1 1 1
 1 1 1 1 1 1 1]","[ 274878  956826  789853  789853  789853  789853  789853  956826  789853
   16797  789853  789853  789853  789853  956826  789853  789853  793384
  793384  956826  318279  956826  552986   16797   16797   16797   16797
   16797   16797   16797   16797   16797   16797   16797  592187  592187
   16797   16797   16797   16797   16797   16797   16797  592187  592187
   16797   16797   16797   16797   16797   16797   16797   16797   16797
  592187   16797   16797   16797   16797   16797   16797   16797   16797
   16797   16797   16797   16797  592187  592187   16797   16797   16797
   16797   16797   16797   16797   16797   16797   16797   16797   16797
   16797   16797  167269  793384  956826  188508  789853  982682  982682
  789853  789853  789853  789853  789853  552986  188508  956826  789853
  956826  789853  789853  789853  188508  789853  789853  789853  789853
  789853  789853  789853  789853  789853  789853  789853  318279  318279
  789853  789853  789853  789853  789853  789853  789853  789853  789853
  789853  789853  789853  789853  789853  956826  956826  789853  552986
  613059  613059  789853  789853  956826  789853  789853  789853  789853
  789853  789853  789853  789853  956826   47432  789853  956826  956826
  677866  878081  956826  956826  956826  731134  956826  454678 1020017
 1020017 1020017  454678 1020017  789853  789853  789853  956826  956826
   16197  789853  789853  789853  789853  789853  789853  956826  789853
  789853  720826 1155876  731134  454678  454678  454678 1020017  454678
 1020017  454678 1155876  454678  454678  454678 1020017  454678  789853
  454678  454678 1155876 1155876  454678  454678  731134  731134  789853
  789853  454678  454678 1155876  454678  454678  720826 1020017  720826
  789853  789853  454678  454678  956826  720826  720826  956826  677866
  731134  731134 1155876  454678  454678  166490  720826  731134  454678
  731134  454678 1155876  454678  454678  166490 1020017  454678  454678
  731134  731134  720826  956826  789853  720826  789853  956826  956826
  789853  789853  956826  454678 1155876 1020017 1020017 1020017  454678
  956826  720826  789853  789853  789853  789853  789853  789853  789853
  789853  789853  789853  789853  720826  878081  789853  789853  789853
  956826  146173  720826  720826  842618  842618  789853  789853  789853
  789853  956826  789853  789853  789853   47432  956826  789853  789853
  789853  956826   47432  956826  956826  956826]","[  97 1706 1227  956  317 1184 1184   46 1480 2430 2771 2487 2487 2487
 2396 1227   46    0    0 2396 2759 2347    0 1161   97   97 1161 1352
 2752 2752 2633 1868 2170 2170 2170 2170  168 2033 2033  168  126 1335
 1335  168  168  168  168  168  168 1161 2244 2170 2244 1161 1047 2170
 2170 1589  168  168 2170  168 1589 2732  168  168  168  168  168 2732
 2732 1352 1352 2720 1352 2720 2752 1352 2752 2752  168 2752  168 1123
    0  349    0 1182    0    0 1480  384  384 1480 1182  234    0 2689
 2110 2889  384  384 2220    0 1504 1504 1504 1504 1504 1504 1504 1504
 1504 1504 1504 1589 1589  960  960  960  960  960  960  960  960  960
  960 2793 2793 2793 2793    0    0 1105 2366 2752 2752  116  116  960
 1480 1480 2771    0    0    0 2110   46 1006 1006   46   46   46 1392
 2731   46   46  384 2033  996  126 2170 1930 2170  126 1421 1227 1227
 1227 2510 2137 2731   46 1227 1227 1227 1227   46 1655  682  682    0
 2033 2033 2720   97   97 1278 2033   33 2033 2089 1352 1352 2170 2110
 2170 1504   97   97   97   97 2033 2033 1426 1426 1504 1504 1352 1352
 2428 2089 2089 1247 1247 1247 1504 1504 1352 1352   46 2752   97   46
  314 2033 2033   97 2033 2033 1306 1700  126 1171  126 1171   97 2033
 2033    0 1595 1352 1352 1162 1162    0  189 1643 2759 1643 2510  960
  384  384 2510 1831 2033   33   33   33 1831  384 1049  384  384  384
  384  384  384  384  384  384  384  384    0  189 1504 1504 1504 2105
 1421 1039 1504 2689 2689    0    0    0   46 1006  682 1504 1504 1237
 2372  384  384  384 2372 1006 1237  711 1606]","[ 194261  767838  747896  170580  796731       0       0       0       0
       0  307237  823467  823467  823467       0       0  750761       0
       0       0       0       0       0  885293  503635  503635  885293
  576671  969235  969235  215651  968713  810371  810371   40770   40770
  188093  108517  108517  344992  665542  941118  380736  804135  804135
  868228  909754  909754  868228  875577 1006908  724469 1006908  875577
  815433  724469   12137  691013  742080  742080   12137  908073  691013
  296867  346195  269800  269800 1050308 1050308   34901   34901  155133
  155133  939229  637642  939229  127552  637642  127552  381808  322464
  381808  322464       0       0  420182  813586  129366       0       0
  830787       0       0  849064  129366  353831  925692   79177  411740
       0  889054  889054  247971  925692  751105  224692  224692  693008
  693008   77645   77645   77645   77645   77645  790906  262420  262420
  745950  745950  745950  745950  745950       0       0  745950  745950
  745950  610667  610667  610667  610667       0       0  960060  282170
  189502  189502       0       0  745950  307769  307769 1053571       0
       0       0   83258       0  167171       0       0       0       0
  946211  637455  461692  461692  836539  439284       0  907419  526902
  674705  526902  907419  733411  713724       0       0   16035       0
  637455  374004  117674  117674  117674  117674  374004  672061       0
       0  303178   89486  595881  924260 1066509 1066509  417803  467165
  507943  467165  881490  377684  377684  504934  822612  504934  165040
  449813  449813  681627  681627  595881  595881  600561  600561       0
  458795  279151  279151  135935  963945  963945  674705  674705  674705
       0       0  511035  511035   49257  119387  356577   49257  318411
  301550  301550 1068593   89486   89486       0  274079 1011242       0
 1011242       0 1068593  866636  866636  817762  991447   53032   53032
  969592  969592       0  699954  325775  742626  451813   16035  989842
  439804  439804  537020  704208  780706  336860  336860  206957  704208
  691112   25152  344269  344269  344269  344269  344269  344269  344269
  344269  344269  344269  344269       0  869677  713100  578375  578375
  817163  753894  733774  143520  284215  284215       0       0       0
  911995  982427       0  968443  968443  112567  420182  333056  333056
  333056   96718  982427  112567  241164  982427]","[8448 6252 4026 5184 3558 3350 3350 4962 3676    0 9566 4261 4261 4261
    0 2930 4962    0    0    0    0 7213    0 8977 8612 8612 8977  370
 9354 9354 6790  652  180  180 4960 4960 1709 7926 7926 6955 2632 3611
 3611 1709 1709 1709 1333 1333 1709 5135  570  180  570 5135 7689  180
  180 3817 1709 1709  180 1333 3817 3960 6955 6955 6955 1709 1709 3960
 3960  370  370 4521  370 4521 9354  370 9354 9354 6955 9354 6955 3971
    0 7722    0 9424    0    0 3676 5627 5627 3676 9424 8588    0 4618
 6941 3628 5627 5627 6701    0 2802 2802 2802 8504 8504 2802 2802 2802
 2802 2802 2802 3817 3817 6888 6888 6888 6888 6888 6888 6888 6888 6888
 6888  211  211  211  211    0    0 5633 9603 6835 6835 6623 6623 6888
 7459 7459 2423    0    0    0 6941 4962    0    0 4962 2272 2272 6890
 6077  885  885 9123 6913 3547 2632 9598    0 9598 2632    0 1620 1620
 1620 5526 7555 6077 4962 2930 2930 2930 2930 4962 7791    0    0    0
 6913 6913  375 9307 9307 4005 6913  876 6913 4823 8599 8599  180 1838
  180 8050 7781 7781 9077 9077 6913 6913 4083 4083    0  445  933  933
 3558 2997 2997    0    0    0    0    0 8599 8599 2128 9354 7260 2128
 5667 1521 1521 9077 6913 6913 1386 9104 2632 5168 2632 5168 9077  195
  195    0 3986  370  370 1750 1750    0 5387 4725    0 4725 5526 6888
 5627 5627 5526 2137 9607 6896 6896 6896 2137 5627 3727 5627 5627 5627
 5627 5627 5627 5627 5627 5627 5627 5627    0 5387 2802 8504 8504 7719
   -1 8246 2538  971  971    0    0    0 4962    0    0 8504 8504    0
 3606 5627 5627 5627 3606    0    0 4450    0]","[ 31848423  28573582 105059971  93361246   6855513  87922984  87922984
  33178875  32761953  10767232  29712329  98288792  98288792  98288792
  91799696  96021491 102280797  13917691  13917691  34935635  49763392
  17661629  58003486   3336778 100623003 100623003   3336778  13907695
  73785301  73785301  96258913   3266145   8154553   8154553  43017806
  43017806 259316286  61469142  61469142  97171559  48977442  50290849
 100358572  53010534  53010534  64059270   4899152   4899152  64059270
  57067075  40611502  99727249  40611502  57067075  26881469  99727249
  13714929  20914786  25475792  25475792  13714929 101969242  20914786
  19308364 101441149  26951302  26951302  68475468  68475468  94551747
  94551747  72337809  72337809  15241792  70884866  15241792  80748916
  70884866  80748916 102834579  92792106 102834579  92792106  49602446
  75549190  94270726  71725281  69077204  69747471  24829023   5294054
   4213798   4213798  38460911  84396282  90758400   8865981  86726465
  88082020  49110945  76161406  76161406  52556167 116593205  63074793
  88873909  88873909   8488245   8488245  52183489  52183489  52183489
  52183489  52183489  67322296  91265999  91265999  70019882  70019882
  96201772  96201772  96201772   4272204   4272204  82195380  82195380
  82195380  34387452  34387452  71725682  71725682  23600482  23600482
 108200766 247671885  20428057  20428057  74992458  74992458  16900810
  63731974  63731974  10881877  33076048  33076048  33076048  21346169
 101249286  46336663  48081632  31550360  12755413  12755413  35057736
  38646846  51434360  51434360  29006842   1406932  70125422  58646738
  61941405  25693285  61941405  58646738  51282343 221971135  42132906
  25736107  85848633   9124536  79493704  53172223  70724458  70724458
  70724458  70724458   1585801   5937951  39867849  39867849 100905883
  76656415  80724597  58893757  47453808  47453808   3162485  89847068
  86009363  89847068 108259523 126750282 126750282  27904586 140804867
  27904586  75361313  67657479  67657479  86851556  86851556  80724597
  80724597  42615197  42615197  26971211  35569362  41106367  41106367
  66395924  24913314  24913314  30220004 179825999 106384736  62029271
   9745095  46821834  46821834  76086202 225324799  43534536   4471306
  32115254  11047418  11047418  56296755  19400334  19400334 226593074
  20076007   9643634 106302762   9643634 106302762  56296755  83002610
  83002610 119193600 273894195  50277566  50277566  56739091  56739091
  11122913 125322516  40465339  24796050  49840024 103063393  36448426
  91268742  91268742 147938560  43447984 128818504  49095747  62120938
 159625941  43447984  89965813  93610540   7396859   7396859   7396859
   7396859   7396859  14848855  14848855  23250292  32111562  42970065
  42970065  64537855  32042573  89068002  37246164  37246164 229962295
  68546293  91611395  26416787  26289060  26289060 253063587 253063587
 253063587  13631271 105893982    987228   9552454   9552454  25122131
  31130042  61772130  61772130  61772130  35308654  23068478 114843777
  59839184  95539364]","[3 3 3 3 3 3 3 3 3 3 3 3 3 3 3 3 3 3 3 3 3 3 3 3 3 3 3 3 3 3 3 3 3 3 3 3 3
 3 3 3 3 3 3 3 3 3 3 3 3 3 3 3 3 3 3 3 3 3 3 3 3 3 3 3 3 3 3 3 3 3 3 3 3 3
 3 3 3 3 3 3 3 3 3 3 3 3 3 3 3 3 3 3 3 3 3 3 3 3 3 3 3 3 3 3 3 3 3 3 3 3 3
 3 3 3 3 3 3 3 3 3 3 3 3 3 3 3 3 3 3 3 3 3 3 3 3 3 3 3 3 3 3 3 3 3 3 3 3 3
 3 3 3 3 3 3 3 3 3 3 3 3 3 3 3 3 3 3 3 3 3 3 3 3 3 3 3 3 3 3 3 3 3 3 3 3 3
 3 3 3 3 3 3 3 3 3 3 3 3 3 3 3 3 3 3 3 3 3 3 3 3 3 3 3 3 3 3 3 3 3 3 3 3 3
 3 3 3 3 3 3 3 3 3 3 3 3 3 3 3 3 3 3 3 3 3 3 3 3 3 3 3 3 3 3 3 3 3 3 3 3 3
 3 3 3 3 3 3 3 3 3 3 3 3 3 3 3 3 3 3 3 3 3 3 3 3 3 3 3 3 3 3 3 3 3 3 3 3 3
 3 3 3 3 3 3 3 3 3 3 3 3 3 3 3 3 3 3 3 3 3 3 3 3 3 3 1 3 3 3 3 3 3 3 3 3 3
 3 3 3 3 3 3 3 3 3 3 3 3 3 3 3 3 3 3 3 3 3 3 3 3 3 3 3 3 3 3 3 3 3 3 3 3 3
 3 3 3 3 3 1 3 3 3 3 3 3 3 3 3 3 3 3 3 3 3 3 3 3 3 3 3 3 3 3 3 3 3 3 3 3 3
 3 3 3 3 3 3 3 3 3 3 3 3 3 3 3 3 3 3 3 3 3 3 3 3 3 3 3 3 3 3 3 3 3 3 3 3 3
 3 3 3 3 3 3 3 3 3 3 3 3 3 3 3 3 3 3 3 3 3 3 3 3 3 3 3 3 3 3 3 3 3 3 3 3 3
 3 3 3 3 3 3 3 3 3 3 3 3 3 3 3 3 3 3 3 3 3 3 3 3 3 3 3 3 3 3 3 3 3 3 3 3 3
 3 3 3 3 3 3 3 3 3 3 3 3 3 3 3 3 3 3 3 3 3 3 3 3 3 3 3 3 3 3 3 3 3 3 3 3 3
 3 3 3 3 3 3 3 3 3 3 3 3 3 3 3 3 3 3 3 3 3 3 3 3 3 3 3 3 3 3 3 3 3 3 3 3 3
 3 3 3 3 3 3 3 3 3 3 3 3 3 3 3 3 3 3 3 3 3 3 3 3 3 3 3 3 3 3 3 3 3 3 3 3 3
 3 3 3 3 3 3 3 3 1 3 3 3 3 3 3 3 3 3 3 3 3 3 3 3 3 3 3 3 3 3 3 3 3 3 3 3 3
 3 3 3 3 3 3 3 3 3 3 3 3 3 3 3 3 3 3 3 3 3 3 3 3 3 3 3 3 3 3 3 3 3 3 3 3 3
 3 3 3 3 3 3 3 3 3 3 3 3 3 3 3 3 3 3 3 3 3 3 3 3 3 3 3 3 3 3 3 3 3 3 3 3 3
 3 3 3 3 3 3 3 3 3 3 3 3 3 1 3 3 3 3 3 3 3 3 3 3 3 3 3 3 3 3 3 3 3 3 3 3 3
 3 3 3 3 3 3 3 3 3 3 3 3 3 3 3 3 3 3 3 3 3 3 3 3 3 3 3 3 3 3 3 3 3 3 3 3 3
 3 3 3 3 3 3 3 3 3 3 3 3 3 3 3 3 3 3 3 3 3 3 3 3 3 3 3 3 3 3 3 3 3 3 3 3 3
 3 3 3 3 3 3 3 3 3 3 3 3 3 3 3 3 3 3 3 3 3 3 3 3 3 3 3 3 3 3 3 3 3 3 3 3 3
 3 3 3 3 3 3 3 3 3 3 3 3 3 3 3 3 3 3 3 3 3 3 3 3 3 3 3 3 3 3 3 3 3 3 3 3 3
 2 3 3 3 3]","[650 432 422 422 156 422  37 368 549 473 473 742 473 476 122 122 241 248
 156 193 193 193 193 193 193 193 193 193 661 156  33 368  55 156 213 290
 432 549 422 422 422 256 899 899 256 256 193 127 549 549 549 549 549 549
 549 549 882  21 213 378 968 213  53 193 882 156 114   0 213 230 193 615
 213 213 156  53 432 422 193 882 241 801 230  37 763 968 615  82  67 732
 549 241 615   0 473 805   0 114 882 675 230 473 882   0   0 114 218 882
  18 882 650 230 241 879 230 114   0 615 241 213 882 422 882 241 432 256
  53 422 949 256 615 615 422 678 970 952 926 422 882 678 882 968 422 114
 882 256 241 256 256 882 193 882 650 798 368 230 114  33 882 193 156 549
 230  67  67 114 200 193 193 422 322 193 193 114 193 156 882 805 805 650
 805 924 114 882 650 882 422 902 256 882 368 456 273  33 706 732 810  37
 294 114 373 476 473 114 678  18  96 473  33 422 882  53 658 432 882 256
 882  18   0 549   4 114 114 256 926 156 882 156 156 241 378 882 960 882
 805 432  26 422 558 615  53 193 549 193 473 882 882 273 114 473   0   0
 556 241 615 456 805 241   0   0 882 137 476 882  53 802 615 378  33 422
 273 615 473 230 256   0 556 642  33 368   0 960 476 208 156 549 549 549
 549 114 383  21 373 154 256 571 218 114  18 801 114  95   0 256 193 615
  18  33 368 156 193 114  89 368 241 549 549 432 114 840  82   0  21 243
 476 156 273 256 802 960 114 241 422 805 114 256 899 256 256 256 899 256
 256 256 256 256 256 256 156 642 273  33 248 368 136 241 258 227 422 241
 322 422  82 802 549 549  18 230 549 549 549 373 241 615 241 241 241  33
  53 805 805 805 805   0 193 422  53  82 156 156 642 114 422 615 615 378
  82  82 476 476 801 156 114  55 230 156 882 368   0 476 230 368   0  82
 114  53 556  53 549 114 549 549 156 156 373 968 658 737 615 720 615 230
 476 193 368 241 556 114 114 432 801 273 473 473 960 213 368 114  82 821
 200 476 476 476 114 549 549 549 549 273 114 968 256 156 549 549  82 732
 450 669 481 549  33  53 200 661 241 273 476 227 227 481 200 476 200 476
 968  33 549 968 368 122 241 556 481 899 675 200 926 230 230 200 899 615
 650 924 156 156 227 368 241 960 241 367 422 882 432 256 114   0   0 882
 549   0 549 549 549 549 549 549 549 549 241  37 432 720 156 368 968 156
 114 368 114  53 367 241 961 961 761 156 156 761 193 259 432  82   0 549
 549 549 549 737 432 615 241 758 960 241  26 241 432 549 882 960 882 256
 241 114 241 828 241 828 615 805 368 476 650 882 368 549 661 368 805 114
 227 156 156 476 556 665  82  52 368 555 114 368   0 882 368 840 658 615
 383 380 241 200 380 549 549 549 549 549 549 549 368 456 380 615 547 200
 241 122 882   0  26 556  25  25  25 924 114  82 678 256 156   0 924 960
 473 322 615  89 114 258 241 241 642  18 256 227 882   0 241 473 658 658
 476 473 241 473 241  37 114 882 368 241 241 968 403 473 473 473 200 241
  82 801   0 122 882 661 615 661 403 403 801 230 114 432  89 802 473 473
 473 473 473 156 156 114 114 556 968 615 114 615 615 476 476 805 882 156
 241 154 256 256 256 256 933 556  82 658 476  84 882 634 476 368 241 556
 840 899 230  18 193 378 476 882 114 556 549 549 368 368   0   0 671 241
 615 241 556 615 193 156 368 273 273 256 403 241 241 154 422   0 193 256
 556 821  67 678 556 256 256 650 230 801  82 368 256  95 241 549 114 476
 241 256   0 256 256 556 156 156 156 156 368 556 241 556 373 805 368 422
 658 549 556   0 227 243 556 367 378 101 968 924 432   8  33 476  33 476
 706 476 678 476 368   0 241  18 549 549 549 882 926 241 368   0  82 549
 549 549 549 549 549 368 241 156 156   0 241 615 241 801  55 241 241 650
 805 241 193 368 241 114 368 241 368 241 241 368 368   8 241 241 241 882
 241 193 476 882 882   0 241 241   8 840 899 642 642 961 193 368 241 114
 241 241 840 241 805 241 422 660 241 368   8 193 961 241 642 114 241 241
 241 368 368 368 805 241  53 241 241 241 241 432]","[2466 3119  171  171 3411  171 3269 3413  303 1894 1894 1524 1894 3160
  770  770 2021 2606  438  257 1927 1927    0 1927    0 1927    0  257
 2235  438  372 1797    0  438 3328    0 3119  977  171  171  171 2414
 1482 1247 2414 2414 1927    0  303  303 2426  303 2426  303  303  303
  856    0  669 1531 2507  669   20    0  856  438  143    0  669 1960
    0  517  524  524  438   20 3119  171    0  856 2021   24 2580 2210
 3151    0   38 2472 2500 2075    0 2021   38    0 1894  164    0  100
 2565 1656 1012 1894  856    0    0  143 1461 1411 1586 1411 3272 2580
 2561   87 1012  100    0 2610 2021  669 2131 1896 2961 2561 3119  228
   20  171 1232  228 2600 2600  171    0    0  184 2756 2538  856  390
  856 2507 2538  100 2565  416    0  416  416  856    0  856 3272    0
 1797 2580  143 1704  856  830  438  745 2580 3013 3013    0 1413    0
    0  171  845    0    0 1244    0  438 2565  580  580 3271 1633  305
  143  856 3272  856 2855 1720  395  856 1556   86 2527 2194 1251 2016
  710 3269 2659 1244 2863 2904 1894  100    0 1514    0 1894 1383  171
  856  279 2906  716  856  416 1212  695    0    0  207  100  100  416
  570  438  856  484  484 2021 1531  856 3029  856 1633  871 1554  171
 2000 2610  279    0    0    0 1894 3026 3026  952  100 1894    0    0
 2622 2561 2600 1114  580 2021    0    0  856    0  873  856   20 2301
 2610 1531  372 2538 1989  517 1894 1960  416    0 2622 2030 1514 1556
    0   58  738  870  438 2426 2426 2426 2426  100 1932    0 2863   79
  228    0 1461  100 1514 3051  100  334    0  395  536 2610  989 2194
  706  438    0  100 1355 1556 2561  745  745 3119  100  392 2260    0
    0 2192 1395  438  952 2414 2301  915  100 2021  171 1378    0  416
 3050  676  416  416 3050  416 3035  416 3035  416    0  416  438 2222
 3253 1383 2606  706  461 2561 2809 1770  171 2561  362 2538 2260 2301
  303  303  695 1012  303  303  155 1453    0  635 2595 2595 2595 2194
   20  164  164  164  164    0 1927 2538   20 2260    0    0 2222    0
 1869   38   38 3070 1233 1233 1395 1395 3051  438  100    0 1012 2048
 1411 1556    0 1395 1012 2893    0 3350  100   20 2622  279 2386  100
 2386 2426  438  438 2863 2507 1404 1202   38 1432 2610 1012 2295  645
 1556 2021 2622  100  143 3119 1342  952 1894 1894 2875    0 3413  100
  609 2116   50 1395 1395 1395  100  977  977  977  977  952  100 2507
  489 3411    0    0 2472 2016 3229 1481 2910    0 1704   20   50 2235
 2561 2682 1395    0    0 2910   50 1395   50 1395 2507 1514 2426 2507
 1556  770 2561 2622 2835 1247 1656   50  895 1960 2580   50 2195 2600
  249  678  438  438    0 1126 2021   58 2561 3132 2538  856    0  395
  143    0    0  856  303    0  155  155  303  303  303  303  303  303
 2021 2210   19    0    0  706 2507  438  143 1797  100  279 3132 2021
 1117 1117    0  266  266    0    0    0  716    0    0    0 2426 2426
    0 1202  716  445 2021 3339 1539 2021 1554 2021  716  303  856   58
  856 2414 2561  143 2021 2968 2021 2968 2600 1633 2966  907  979 1411
 1471 2426 2888 1556  164  100 3373  438  438 1243 2622  690 1233 1945
  706  241  100 1126    0  856 3295 1483 2906 2610   70 2921 2561   50
 2921  155 2386 2426 2426 2426 2426 2426  706 2073 2921   38 2525 1413
 2021  770  856    0 2320 2622 3343 3343 3343  305  143 2620    0    0
  438    0  305  915 1894  845  517 1355  100 2809 2561 2021 2222  695
  228 1329  856    0 2021 1894 2950 2950  873 1894 2021 1894    0 3269
  100 1411  706 2561 2561 2507 3417 1894 1894 1894  670 2021  810 1342
    0  770  856 2235  517  852  608  608   24 1960  100  716 1355 2301
 1894 1894 1894 1894 1894  438    0  143  143 2622 2507   38  143  340
 2610 1395 1395 2317  856  438 2021   79  228  228  228  228 1582 2622
 1233 2906 1395  998 3026    0 1395 1797 2021 2622  392 2298 1960 1586
    0 3070 1395 1411  143 2622 2426 2426  706  706    0    0   99 2021
   38 2021 2622   38 1927  438 1556  952  952 1397 2013 2021 2021   79
 2538    0 2017  395 2622   67 2500 1694 2622  395 2414  979 1012 3051
 2472 2893  982  334 2561 2548  143 1792 2561 1708    0 1523 1708 2622
  438  438  438  438 3413 2622 2021 2622 1453 1378  706 2538 2950 2426
 2622    0 2899 1852 2622 3132 1531 2412 2507  678  716 1399  372 1395
 1704 1395  297 1395    0 1395  706    0 2021 1514  977  977  977 1411
 2756 2561 1556    0 2260  977  977 2426  977  977  977 1471 2021  266
  266    0 2021  445 2561   24    0 2021 2021  979  610 2021 1927 1556
 2021  100 2966 2561  706 2021 2021 1556 1556 1399 2272 2561 2561 1411
 2021    0 1395  856  856    0 2021 2021  515    0  173 2030 2030 1060
  257 2893 2021  100 2021 2021    0 2021  610 2021 2538    0 2561 2893
  515  257 1060 2561 2030  100    0 2021 2021 1556 1556 1556 1633 2021
   20 2021 2021 2021 2561 3119]","[    0  3909  2023  2023  9409  1027     0  1866     0     0     0     0
     0     0     0     0  6517  7799 11014     0     0     0     0     0
     0     0     0     0  9935 11014  7648  2605     0 11014     0     0
  3909     0  1027  1027  1027     0     0     0     0     0     0     0
     0     0     0     0     0     0     0     0  9600     0     0     0
   775     0  6825     0  1828 11014  6435     0     0 10459     0  7231
     0     0 11014  6825  3909  1027     0  8826  6517  3716  1689    60
   540     0  4103     0     0  9998     0  8870  5434     0     0     0
     0  8259  6835 10941 10069     0  9600     0     0  1807  2322  6795
     0  8034     0  5466  8387  6800 10069  8259     0 11237  6517     0
  1806  6270  3722  5086   863     0  6825  6247  2611     0  2620  2620
  7210     0     0  1676     0  8700  5130     0  9600   775   883  8259
  6835     0     0     0     0  7797     0  1828     0     0  5148  1577
     0  9961  9600     0  3591     0  1347     0     0     0  7319     0
     0  1027     0     0     0     0     0 10739  6835  6880 10333     0
     0     0  6435  1828     0  9947  7439  5103  4375  9600  1803  5344
  9663   801 11188  1000     0     0     0     0  5285  6301     0  8064
     0   534     0     0  7498  1027  3205  5497     0     0  7797  6924
  1806  2727     0     0     0   396   396  9185     0 11014  9600 10290
 10290  6517     0  9600  8838     0  5458     0  6917  2023     0  2387
     0     0     0     0     0     0     0  8108  8064     0     0     0
 10828  8387  7407  6169 10333  6517     0     0     0     0  4995     0
   237   543 11237     0  6813     0   752  7231     0  1978     0     0
  3596  2398  1484  6713     0  1980 10516  8158 11014     0     0     0
     0  8064     0     0  5285     0     0     0  2322   396  5908 10726
   396     0     0     0     0  2387  6682   801 10253 11014     0  8064
  7693  1803  8387     0     0     0  8064     0     0     0     0 10252
  5571 11014  1574 10691   543     0  8064     0  2023  3930     0  9185
     0     0  9185  9185     0  9185  3291  9185  3291     0     0  9185
 11014  3243 10798  5449     0  9224  9523     0     0     0  6247  8387
   348   883     0   543     0     0     0 10069     0     0     0     0
     0  9956     0     0     0   801   237     0     0     0     0     0
     0   883   237     0     0     0  1849     0  7446  4103  4103  1437
     0     0  5571  5571  9958  5793  2597     0 10069   458  4050  1803
     0  5571 10069  3208     0     0  8064   237  3596  3839     0  8064
     0     0 11014 11014  5285   775     0     0  5434     0  2387  5837
  1336     0  1803  6517  3596   396  1807     0  4515  7209     0     0
  8466     0  6172  9803     0 11017   110  5571  5571  5571  8064     0
     0     0     0  1574   396   775  5308   269     0     0     0  1000
  1610 10812     0     0  9961  6825  7925  9935  5086     0  5571     0
     0   732   110  5571   110  5571   775  1969     0   775  1803     0
  8387  3596 10977     0     0  7925     0 10459  1347  7925     0  7407
     0     0 11014 11014     0   815  6517  1980     0  7055   883  1828
     0     0  1807     0     0  9600     0     0     0     0     0     0
     0     0     0     0  6517    60  4539     0     0  1325   775  3591
 10819  5148 10900  3839  7055  6517  3244  3244     0 10189 10189     0
     0     0     0     0     0     0     0     0     0     0     0  3836
  6517  9853   177  6517  6917  6517     0     0  9600  1980  9600 10691
     0  1807  6517  9121  6517  9121  2620  5458  7997 11168     0  4050
     0     0  6319  1803     0  8064     0 11014 11014  1839  3596  1816
     0  7398  8867  4089  8064   815     0  9600     0     0  8444  2387
     0  1503  5086 10932     0     0     0     0     0     0     0     0
 10253  4390  1503  2173  2558  7319  6517     0  7797     0  4306  3596
   429   429   429     0  1807     0     0     0 11014     0     0  4194
     0     0  7231  7693   396     0  5086  6517  9566   153     0     0
  9600     0  6517     0  9583  9583  5159     0  8405     0     0     0
  9803  4050 10253  8387  8387  8230  9522     0     0     0  6211  6517
     0  4515     0     0  1828  9935  7231     0  9279  9279  5289  7647
 10900     0  7693   543     0     0     0     0     0 11014     0  1807
  1807  3596   775  4103  6435  5376  2387  5571  5571  3687  8826  5793
  6517  9135     0  4195     0     0     0  3596     0  2199  5571     0
  4844     0  5571  5148     0  3596     0     0 10459  8767     0  1437
  5571  5871  1807  3596     0     0 10253 10253     0     0 10987  7349
  2173  6517  3596  4103     0 11014  6713  1574  1574     0     0     0
  6517     0  8700     0     0     0  3596     0     0     0  3596  1431
 10691     0  6235  8001     0  1499     0     0  8387     0  1807  5112
  5086     0     0     0     0  3596 11014 11014 11014 11014  6172  3596
     0  3596     0  3930  8867   883  3903     0  3596     0     0     0
  3596  2826     0     0   775     0     0  9942  7256  5571  9961  5571
 10118  5571     0  5571  6318     0  6517 10641     0     0     0     0
     0  5086  1803     0     0     0     0     0     0     0     0  4661
  6517  3218  3218     0  8405  3836  8387  8710     0  6517  8405     0
     0  6517     0  1803  8405   396  4883     0 10253  6517  6517  1803
  1803  9942     0     0     0  8034  6517     0  5571  5130  3205     0
  6517  6517  1164     0  4866  3539  3539     0     0  1499  6517  8259
     0  6517     0  6517     0  6517  8700     0  5086  1499  1164     0
     0     0  3539  2503     0  6517  6517     0     0     0  5458  6517
   237  6517  6517  6517  8387  3909]","[   0    0    0    0 3436    0    0  794    0    0    0    0    0    0
    0    0 2794    0    0    0    0    0    0    0    0    0    0    0
    0    0 4013    0    0    0    0    0    0    0    0    0    0    0
    0    0    0    0    0    0    0    0    0    0    0    0    0    0
  966    0    0    0    0    0    0    0  488    0 3948    0    0 3707
    0 3430    0    0    0    0    0    0    0    0 1035    0 3960    0
    0    0 3054    0    0    0    0    0 2574    0    0    0    0    0
 2978    0 1095    0    0    0    0 2427    0    0    0    0    0  122
    0    0 1095 1540    0 2249 1035    0    0    0 1582    0    0    0
    0    0    0    0  181  181    0    0    0    0    0    0 3404    0
    0    0    0 1540 2978    0    0    0    0    0    0    0    0    0
    0 2919    0 5087  966    0    0    0 1673    0    0    0 2918    0
    0    0    0    0    0    0    0    0 2978    0    0    0    0    0
 3948  488    0    0    0    0    0    0  320    0 4880 3191    0    0
    0    0    0    0    0    0    0    0    0    0    0    0 2208    0
    0    0    0    0    0    0    0  634    0    0    0    0    0    0
    0    0    0    0    0    0    0    0    0    0    0    0    0    0
    0 2587    0    0    0    0    0    0    0 5051    0    0    0    0
 4723    0 1699    0    0 1035    0    0    0    0    0    0    0  961
 2249    0  922    0    0 4493    0  195    0    0 4022    0  183  737
    0    0    0    0    0    0    0    0    0    0    0    0    0    0
    0    0    0    0  761    0 1592    0    0    0    0    0    0 3191
    0    0    0    0    0  962    0    0    0    0    0    0    0    0
    0    0    0    0    0    0  961    0    0    0    0    0    0    0
    0    0    0    0    0    0    0    0    0    0    0    0    0    0
 1277    0    0    0    0    0    0    0    0    0    0    0    0  961
    0    0    0 1095    0    0    0    0    0    0    0    0    0 3191
    0    0    0    0    0    0    0    0    0    0    0    0    0    0
    0  301  301    0    0    0    0    0    0    0   11    0 1095    0
    0  962    0 4661 1095  185    0    0 3088    0 4022    0    0    0
    0    0    0    0    0    0    0    0 2239    0    0    0    0    0
  320 1035 4022    0  992    0    0 3960    0    0    0    0 4666 3461
    0    0  992    0    0    0 3088    0    0    0    0    0  582    0
    0    0    0    0    0 2128    0    0    0    0 5087    0 3128    0
 3400    0    0    0    0    0  992    0  992    0    0    0    0    0
    0    0    0 4022    0    0    0 3128    0  896 3041 3128    0  121
    0    0    0    0    0 2518 2794    0    0  204    0    0    0    0
 2221    0    0    0    0    0    0    0    0    0    0    0    0    0
    0    0    0    0    0 4979    0    0    0    0    0    0  412 1035
    0    0    0    0    0    0    0    0    0    0    0    0    0    0
    0    0    0 2141 1035    0 2686 1035    0 1035    0    0    0    0
    0    0    0 2221 1035    0 1035    0  635    0 2057    0    0    0
    0    0    0 3767    0 3026    0    0    0    0 4022    0    0    0
  401    0    0 2518    0    0    0    0    0 2587    0    0 3400 2658
    0    0    0    0    0    0    0    0    0    0    0    0    0  482
 2794    0 2585    0    0 4022    0    0    0    0    0    0    0    0
    0    0    0    0    0    0 4493    0    0    0 3400 2794    0 3058
    0    0 3027    0 1035    0    0    0    0    0    0    0    0    0
    0    0    0    0    0    0    0    0    0    0 3170 1035    0    0
    0    0    0    0 4493    0    0    0    0    0    0    0    0 2040
    0    0    0    0    0    0    0 3406 2221 4022    0  301 3948    0
    0    0    0    0    0    0 1035    0    0    0    0    0    0 4022
    0    0    0    0    0    0    0    0    0 4022    0    0 3707    0
    0    0    0    0 2221 4022    0    0    0    0    0    0    0  894
    0 2794 4022  301    0    0 4024    0    0    0    0    0 1035    0
    0    0    0    0 4022    0    0    0 4022    0    0    0    0    0
    0 2100    0    0    0    0 2427    0 3400    0    0    0    0 4022
    0    0    0    0  424 4022    0 4022    0    0  559    0    0    0
 4022    0    0    0 4022  418    0    0    0    0    0    0 1017    0
 5087    0    0    0    0    0    0    0 1035 2519    0    0    0    0
    0    0    0    0    0    0    0    0    0    0    0 2130 1035 3610
 3610    0    0 2141    0    0    0 1035    0    0    0 1035    0  320
    0 1592 1286    0    0    0 1035  232  232    0    0    0    0  910
    0    0    0    0    0    0 1035 1035    0    0    0    0    0    0
    0 2100 1035 1540    0 1035    0    0    0 2794    0    0 3400 2100
    0    0    0    0    0 2392    0 1035 1035    0    0    0    0 1035
    0 1035 1035 1035    0    0]","[     0      0      0      0  19068      0      0 269108      0      0
      0      0      0      0      0      0      0      0      0      0
      0      0      0      0      0      0      0      0      0 276519
  81464      0      0 179682      0      0      0      0      0      0
      0      0      0      0      0      0      0      0      0      0
      0      0      0      0      0      0      0      0      0      0
      0      0      0      0      0 105141 179747 173045      0  66879
      0      0      0      0 179682      0      0      0      0  76222
      0      0      0      0      0      0      0      0      0 314526
      0      0  29558      0      0      0 155706      0      0      0
      0      0      0      0      0      0      0 131650      0      0
      0      0      0      0      0      0  66254      0      0      0
      0      0      0      0      0      0      0      0      0      0
      0      0      0      0      0      0      0      0      0      0
      0      0      0      0      0      0      0      0      0      0
      0      0      0      0      0      0      0      0      0      0
      0      0      0 328441 328441      0      0      0      0      0
      0      0      0      0      0 348982      0      0      0      0
      0      0      0      0      0 177428      0      0      0      0
      0 127687      0      0      0      0      0      0      0      0
      0      0      0      0      0      0      0      0      0      0
      0      0      0      0      0      0      0      0   1124      0
      0 295046 295046      0      0 179682      0  89328  89328      0
      0      0   5141      0      0      0      0      0      0      0
      0      0      0      0      0      0      0      0      0      0
 228891 228891      0      0      0   8198      0      0      0      0
      0      0      0      0      0      0      0      0  19954      0
      0      0      0 365918      0 418547      0      0      0      0
 287844      0      0      0 105141      0      0      0      0      0
      0      0      0      0      0      0      0      0      0      0
      0      0  89328      0      0      0      0      0      0      0
      0      0      0      0      0      0      0      0      0      0
      0 228924      0      0      0 179682      0      0      0      0
 182615      0      0      0      0      0      0      0      0      0
      0      0      0      0      0      0      0      0 276519      0
      0      0      0      0  59154      0      0      0      0      0
      0      0      0      0      0      0      0      0      0      0
      0      0      0      0      0      0      0      0      0      0
      0      0      0      0      0      0      0      0      0      0
      0      0      0      0      0      0      0      0      0      0
      0 239417 403432      0 143501      0      0      0 235327 357549
      0      0 255467      0 182615      0      0      0      0      0
      0      0 179682 179682      0      0      0      0 392595      0
      0      0      0      0 267835      0      0 295046  27370      0
      0      0      0      0 170559      0      0  55105      0      0
      0      0      0      0  42549      0      0      0      0      0
      0      0      0 109967      0      0      0      0      0 386717
      0      0      0      0      0      0      0      0      0      0
 360140      0      0      0      0      0      0      0      0      0
      0      0      0      0      0      0      0      0      0 361553
      0      0      0 211425      0      0 276519 276519      0      0
      0      0      0   3918      0      0  25616      0  91798 334317
  89328      0      0      0      0      0      0      0      0      0
      0      0      0      0      0      0 218944 133812      0      0
      0      0      0      0      0      0      0      0      0 272688
      0      0      0      0      0      0      0      0      0      0
      0      0      0      0      0      0      0      0      0      0
      0      0      0      0      0      0      0 292328      0      0
      0      0      0      0      0      0      0      0      0      0
      0      0      0 373713      0 276519 276519      0      0      0
      0      0 318032      0 349028 246299 387946      0      0      0
      0      0      0      0      0      0      0      0      0      0
      0      0      0      0      0 327331      0 150654      0      0
      0      0      0  85091 254752      0      0      0      0      0
 286247      0      0      0      0 276519      0      0 102187      0
      0      0      0      0      0      0      0      0      0      0
      0      0      0      0      0      0      0      0      0      0
      0      0      0      0      0      0      0      0      0      0
      0      0      0      0      0      0 258437      0      0      0
 186167      0      0      0      0      0      0      0      0  40972
      0      0      0      0      0      0      0  63397 418071      0
      0      0 343443      0      0 311009      0      0 133451      0
      0  37822      0      0      0      0      0      0      0      0
      0      0      0      0      0      0      0      0      0      0
      0      0      0      0      0      0 406942      0      0      0
      0      0 199178 199178      0      0 150654      0      0 328008
      0 276519      0 309568 309568      0      0      0      0      0
      0      0      0      0      0      0      0      0      0      0
      0      0      0      0      0      0      0      0      0      0
 136884      0      0      0      0      0      0      0 179682 179682
 179682 179682      0      0      0      0      0      0      0      0
      0      0      0      0      0      0      0      0      0      0
      0      0      0      0      0      0      0      0      0      0
      0      0      0 311009      0 416343      0      0      0      0
      0      0      0 116924      0      0      0      0      0      0
      0 383234      0 408780 408780 228924      0      0      0      0
 409896      0      0      0      0      0      0      0      0      0
      0      0      0      0      0      0      0      0      0      0
      0 223513      0      0      0      0      0      0      0      0
      0      0      0      0      0      0      0      0      0  96276
      0      0      0      0      0      0      0      0      0      0
      0      0      0      0      0 394111      0      0      0      0
      0      0      0      0      0      0      0      0      0      0]","[429783 197616 556019 556019 286892 283475 555345  60470      0 163163
 163163 190311 163163 287060 118409 118409 369627 451460 326539 302285
 290672  99064 290672 260831 290672 260831 290672 302285 525400 474612
 116326 119079  69824 505877  58370  65870 282880 243693 571081 571081
 571081      0 290672 520087      0      0 430992 480899 533237 533237
 475355 533237 475355 533237 533237 533237 505111      0 555433 344575
 521396 555433 440907 290672 154103  20999 155121 458817 555433 492351
 290672 430702 207680 207680 430610 440907 611482 225988 286070 276844
 246765      0  17372      0 248007 580566  32457  74621 410129 277059
 474370 315909 154502   8441 163163 405963 117610 321630 575903      0
 305607 163163  95803 308406 175100 306233  13754 156179 241864 298654
 119234 314008 214284 331630 170990 326096  83505 322887 157104 613670
 180898 490945  63866  24003 160947 375200 558066 253698 329741 401874
 589571 589571 272175 474723   8022 162175 108754  63232 343459 384244
 428675 110265  44550 543812 219843 383261 162072 383261 383261 535658
 225440 367392 119234  58961 576068 350584 597011 284628 531680 233787
 309076 275471 395368 322667 322667  45214 552401 225440 225440 479313
 199976 220698 220698 437362 225440 331461 575903 357666 262570 532764
 209013 330725 112529 244806 119234 330049   6096 194462 111874 111053
 179184 250726  54899  85307 555312 300670 255335 429709 576640 467469
  44559 253712 163163 244166 576086 602898  64268 163163 149034 225988
 462642 428164 324454  52304 473946      0 252451 561780 122534 574026
 386867 378310 378310 260831 443648 505877 469147 155005 155005 121865
 344575  82841 422471 164156 500466 309321      0 334097 402329 133743
 572151 290672 596876 290672 161132  29882  29882 246311 165834  40804
 453725 453725 359969 496926 589571 438429 252626 622607      0      0
  88718 181249 268829 458527 574026 506573 322887  63740 506526 167148
      0 571899  50984  93273 130536 447435 289198 219400 597754 290144
 402297  76158 498889 557617 430610 209818 209818 209818 209818 373456
 241123      0 183033 563558 401874  22831 565725 443648  59873      0
 156712 247130 454426 443090 140567      0 158506 367700 141995      0
      0 477244 216223 132432 148165  21850  21850 118331 584540 287816
  45706 592505      0 557655      0 505877  77929 587806 506573 171695
 318403 558983 283475 617057 400267 260831 544565 119856 383261 383261
 544565 383261 499438 383261 499438 260831      0 260831 505877 122333
 621586  63451 429272 374484      0 166222 219400 461400 555345 377924
 364151  53735 574968 506573 218305 574026  29072 181446 218305 218305
 125388 612015 501980 268995 322547 322547 322547 506573 440505 177578
 177578 177578 177578 601197  96714 347343 574026 469849 536085 536085
 425528  90767  12894 602187 602187 461724 386647      0 217406 217406
 479839 540815 173339 234854 181446 122534 124205 374729 454426 413675
 464998  93135 198193 161289 373456  98673      0 503273 137761 465752
 567687 567687 487663 487663 387043  54386 471409 517083 586207 505170
 439394      0 158629 193802 327082 369627 289198 378310   3882 252097
  75872 388978 163163 163163 598843 165473      0 447463 459022  32859
      0  61141  61141  61141 534511 154270 154270 154270 154270 528519
 612965 169356 600248 104643 265515 265515 485631 474807 311461 160126
 353437 383849 485501 488599 397705 573295 507492 181747  83505 569461
 363638 499608 511792 319823 511792 319823 601421      0 576077 601421
   2435 111168 221251 289198 534724 260831 244098   1573 445167   6259
 250936   1573 443090 614948 302505  56674 430610 430610 421958 148766
 315909 446850 124408      0 462687 244806  12975 290672 132670 467114
 422049 341221      0 549297 101510 101510 153571      0 153571 153571
      0      0 228678   9779 372221      0 198193 373144 172146 302118
  70980 169505 489811 322374 570058 429831 159585 159585 335077 173200
 335077 335077 290672 171438 372221  45669 122534 209818 209818 209818
 209818 401350 549831      0 241638 111275 348106  57174 546694 373533
 517034 322913      0 591928      0 385107 185641 119477 283560  96639
 283560  96639 239898 153137 275529 602530      0 582829 498838 567687
 285133 156067 258430 584540 160399 505877 505877 551424 462311  32223
 169333 302771 318736  93929 465752 148766 486476 539048      0 353670
 526683 133743  27230 489362 341389 422981 338580 136608 574026 567687
 567687 567687 567687 567687 141995 355213  91552 538993 224718 412605
 315909 420033 244806 323232 405710 289198 318145 318145 318145 136066
 330972 199137 496315 587806 505877 310177 497780  99130 615921      0
 571899 216223 201240 518798   4218 582296 411444 489640 401874 234886
 523358 161142   4218 163163  82787  82787 440861 163163 540554 163163
 501980 183290  75872 550802 141995 272258 272258  67809 259177 198572
 163163 198572   5798 215160      0 222703 538685 357188 164156 367879
 537757 152640  29998  29998 548232 593054 489811 177628 266397 421075
 163163 163163 163163 163163 163163 505877 403888 316743 610898 289198
 357746  23586 540090 578490  39479 158937  61141  52627 406485 593023
  43272 497856 401874 335039 401874 401874 140098 289198 466385 434787
 572705 427233 455585  36152 231910 169505 582296 289198 204927 214879
 492351 460256 604398  48718 465678 421808 132670 462311 430022 430022
 141995 141995 141942 141942  25596 115281 250036  76468 289198 602187
 260831 430610 461527 357440 357440 233706 491641 216605 315909 563558
 348226      0 139868 553907 289198 268281  58006 226005 462311 402560
 499438 310642 249514 604624 589015 335963 180661  94120 541254 282559
 472100  77168 284225 290672 120110 111874 290672 289198 505877 505877
 505877 505877 542186 462311 502012 462311 136567 324267 106983 143214
 212130 574026 462311 360956 113427      0      0      0 538121      0
 539117 370974 129910 461835  63267 434127 618260  83505 563726 465678
      0  83505 338236 365809   4218 197496 599417 599417 599417 485631
 108754 502012 289198 612252 500455 413984 413984 430022 157607 157607
 413984  74906 369627 326539 326539 511619  28472 502955 608052 366362
 337250 341389 608052 161960 226757 315909 290672 289198 380917 463146
 167875 181737  11318 194878 341389      0      0 620090 265853 536564
 536564 223909 315909 543481 365809 324194 117571 329089 423361 423361
 366822 252138  61487 261379 261379 513065  27271  13847 327217 387285
 164744 228678 439028 545493 427567 132690 122255 532764  43099  13847
 168596  27271 513065 201369 230574 188579  76468 612144 605179 126615
 126615 126615 384526 341389      0 341389 462668 216605 377924 118331]","[548 548 566   0 548   0 231 548   0 130   0   0   0 548 548 511   0   0
 548 511 276 548 548 548   0   0 548 548 548 548 548 511 511 548 548 102
 306   0 548 511   0   0   0 548 548  67 548 276 102 102 231 102   0   0
 548 130   0   0 548   0   0 566   0   0   0 102 465 130 548   0 511   0
 548  67 102 548 276   0 548   0   0   0 548 511 306   0   0 548  67 511
   0 511   0 548 548   0 548 465   0  67   0 548   0 548 566   0   0   0
 548   0 231 231 130   0   0   0 548 465 465   0 511 566 465  67 102 548
 548   0 548   0 548 102 548   0 548   0 548 548   0   0  67 548 548 276
  67   0 276   0   0 511 548   0 548 548   0 130   0 130  67   0   0 231
 548 130 548  67 511 102 306 102 548 102 102   0 548 548 566 548 548  67
   0 306   0   0 548   0 276 548   0   0 511   0   0   0   0   0 465 231
 102   0   0 511   0   0 548   0 306   0  67   0 511 306 566 548 465 465
 465 465 548 548 548   0   0 548   0   0   0 102   0   0   0   0 548   0
   0 102 306   0  67   0 548 102 102 102 548  67  67   0   0   0 548 511
   0 511   0 548 465 511   0   0 566 548 231  67 548   0 306 231   0 276
 548 511 548   0   0 548   0 548   0   0 548 548 511  67   0 102 306 102
 102   0 548 511  67   0   0  67 548   0 465 548 511   0 548   0 548 511
 548   0   0 548   0 566 102 511 548 566 130 548   0 548 130 548   0 566
 548   0 548 566 511 511 511 465 130  67   0   0   0   0   0   0   0 548
   0   0   0 548 548 548 102 548   0   0   0 231 566 465 548 306   0 231
   0 548  67   0 548   0   0   0 548 231   0   0 276   0 465   0 548 465
 548   0   0   0 548 548   0 548 465 548 548 130   0   0   0   0   0   0
 231 548   0   0 548 465   0 548   0 102  67 465   0 548   0 511 548 548
 511 548 511  67 548 465   0   0 306   0 276   0 306 548   0 548   0 465
 548   0   0 511   0   0 511 548   0 548 548 102   0 465 306   0  67 511
   0  67 548 548   0 102 306 276   0 548   0 548   0 276   0   0 548 306
 511 548 130 102 548 465   0 566 465   0 548 566 276   0   0  67   0 548
 465 130   0  67   0 511 465   0 511   0  67   0 566   0 548   0 511   0
 548 548 130 130 548   0 130   0 306   0 548   0 465 511   0   0 130   0
 511 548 548 306 231 511  67  67 548 511  67   0 102 511 102   0 548 548
 511   0   0 511   0 511  67 511 306   0 102 566 511 130 548 548 548   0
 548 276 548 548 276   0   0 511   0 548 548 276 548   0 276 276   0 130
 548   0 548 465   0 548   0 130   0 102  67 548  67 511 548   0   0   0
  67 511 511 548   0  67 511 465 511 130   0   0 548 511   0 548  67   0
 276 548 511   0 548   0   0   0  67 548   0 548  67 548 548   0 130 465
 231 548   0 548 548 511 548   0   0   0   0  67  67   0 566 548 130   0
 548 548   0 130   0 231   0 511 548   0 548 548   0 276 548 566 548 548
 465 276 511 548 130 511   0 102  67 130 548 566 548   0   0 548   0   0
 130   0 548 465   0 548   0 465 548   0 231 548 511 102 548   0   0 548
   0   0 548 566 548   0 511 511  67 548   0 548   0   0 548 465   0 102
   0   0   0 231   0 548 102   0 548 102 465 511 511   0 548   0 231   0
 465 511   0 548 306 548 548 548   0 511   0 548   0   0 548   0 548   0
   0 511   0   0   0 548   0   0   0 465   0 511 511   0 306 276 548   0
   0 102   0  67   0   0   0 548   0 130 548   0 548   0   0 231   0 511
 511   0 548 548 465 511 102 231 130   0   0   0 276   0 465   0   0 548
 465 511  67   0 548   0 130 306  67 548 548 548 276 548  67 548   0   0
 548 102   0 548   0 548   0   0   0 102 231 548 548 511   0 231 548 511
 511 548   0   0 548   0 511 231 511 548   0 511 276   0 231 548 231 102
 511 465   0 511 548  67 306 130   0 276 548   0   0  67 511  67  67   0
   0   0 276   0   0 548 548 548 548 231 548 102   0 511   0   0 511   0
 231 465 548   0   0 511 276  67 102   0 548 548 511 102   0   0 231 548
  67  67  67   0 548 231 465   0   0  67 548 102]","[14  2  2  2 11 13 12 11 14 11  2  0 11 14 14  2  2  2 14  2 12  2  2  2
 13 13  2  2 11 11 12 10 10  7 14  8  2 14  8 10 13 10 14 11  7  2  7  2
  2  2 11  2  2  2  7 11  2 13  8 13  2 11  2  0  2  8 14 10 11  2  2 13
  7  2 11 12  2  2  7  2 13  2  2 11 10  2 10 11  2 10 10  2  2 11  7  2
  2 10 13 11 13  7  2  2 10 13  2 13 14 10 10 12  2 10 13 13  2 10 14  2
 10 14 11 13 11  7 10 10 10 11  2  7  2 11 14 13  2 11 13  0 11 12  2 11
  2 13 13  2  2 13  7 10 14  2  2 10 10 10  2 11 11 14 10  2 10 11 10  2
  7 12 11  2  7 13  7 11  2  2  2 10  2 14  2 13  2 13 14  2 11 13 10 13
  2  2 10  2 13 14 10 13  2 13 10 13 12 14  2 13 13 13 13  2 11 11 11 14
 10  2 14 12  2  2  2  7  2 10 13  8 13  2 13  2 10  2 13  8 10  2 13 13
  2  2  7  7  8  2  2 10  2 14 10  2 13  2 10 10 11 10  2 11  2  2 13 10
 14  2 14 12 10  2  2  2 11  2 10 12 13  2 13 13 12 10  2 10 10 11  8 14
  7 13 11 13 10  2 12 11 14  2 10 10 13 13  2 11  7 10  2  2  2  2 13 12
 11 11 12 10 11 12 10 11 10 11 10 14  2 14 10  7 13 10 13  2 12 11  2  2
 13 10  2  2  2  7  2 13 13  7  7  7  2  7  2  0  0  8 10 10  2 11 13 13
  2  2 10 13  2 10  2  2 12 11 13 13 11 13 10 10  2 14 12  2  2  2  7  7
 13 12 10 10  8  8 10  2  2  2  2  2 11  2  2 13 14 10  2  2  2 14 13 14
  2 11 13 13 14 10 13 12 10  2  2 12 11  0  8 13 10  2 14 10 13  2 13  2
 14 11  2 14  2  2  2  2  2  2 14  7 13 10 11  2 13  2 10  2 11  2 13 12
  2 11 11  2  2  2 14  2 13 11 11  2 13  2 11  7  2  2  2 13 12  2 12 13
 10  2  2  2  2 14  2  2  2  2  2 11 13  2  2 11 13 13 13 14 11  2  2 11
 12 11  2  8 11  2 10  2 14 13 12  2 11  2 13  2 11  2  2  7  8  7  7  2
 11 11  7  8  2 13  7 13  8  2 10 14 10  2 13 13 10  2  2  2 10  2  7  7
 11 10  7 10  2  2  8 11  7 14 10 13  2 13 10 14 10  2  2  2 12 13  2 14
  2 13 11  2  2 10  2 11 13 12 10  2 11  2  2  2 12  2 11  2 12 11  2  2
 13 12 10  2 10 13 14 13  2 12 13  2 11  2  2 10 11  2  0  0  0  7  2 11
 13 12 12 13  2  2 10 14 13 12 10 10  2 10 13 13 10 10  2 11 13 12 13 10
  2 11 10 10  2 13  2 10 12 13 12 11 13 14  2  2 11 14 11  7  2  7 11 10
  2 14  2 10 12 11 14  2 11  7 13 10 11 10 11 13  2 12 13 13  2  2  2 10
  2 12 12  2 13  7  2 11 11 11  2  2 14 10  2 11  2  2  2  2 14 11 13 11
 10  2  2 13  2  7  2 13 14  8  2 13  2  2 14 13 10  2  2  2 13 11  7 14
  2 14 13 13  2  7  2 11  2 10 11  2  2  2  2  2  2  8  2  2  2 11  2 11
  2 10 10 13  7 11  2 14  2 11 13 11  2  7 13 14  2  2 12 10 13  7  2 13
 10  2  7 11  2 10  8 11  8 14  2  2 10  2 11 11  2 11 10  2  2 11  2 10
 14 10 11 11 14  2 14 11 10  2  2  2  2  2  2 12  2  8  2  2  2  7 11 11
 10  2  2 14 11  2  2  8  2 13  2  2  2  8  2  8  2 13 11  2 10 12 10  2
  2 13 11 13  2 11 11  2  2 11 10 14  2  2 10  2 10 13  2 13 11 13  2 11
 14 11  2 13  2  7  2  2  0  0  2 13 11 10 10  2 13 11 10 13  2  2 11  7
 13  8  2 13 13 11 14 13  2 12 11 14 10  6  2  2  7 12]","[1772725080 1772724180 1772723940 1772723760 1772723100 1772722860
 1772722680 1772722560 1772718060 1772718060 1772717820 1772717760
 1772717760 1772686140 1772683620 1772683500 1772683440 1772683380
 1772683020 1772678640 1772678640 1772678580 1772678520 1772678520
 1772678340 1772678340 1772678340 1772678220 1772678100 1772678100
 1772677860 1772642760 1772642700 1772642700 1772642340 1772603220
 1772602620 1772596500 1772596320 1772596200 1772596140 1772596080
 1772596020 1772596020 1772595900 1772595120 1772595000 1772594100
 1772583420 1772582760 1772582760 1772582340 1772582160 1772582160
 1772582100 1772581860 1772547060 1772546880 1772546760 1772546460
 1772540640 1772516040 1772515740 1772515680 1772515560 1772515380
 1772515200 1772515200 1772514960 1772514540 1772514540 1772513940
 1772513940 1772513400 1772513340 1772512920 1772495760 1772495700
 1772495640 1772428980 1772428860 1772428860 1772428800 1772428740
 1772428680 1772428500 1772428320 1772428320 1772428320 1772428320
 1772428140 1772273280 1772273160 1772273160 1772272920 1772226780
 1772225340 1772217060 1772214960 1772214720 1772214180 1772214180
 1772213580 1772213580 1772213340 1772213340 1772211300 1772172420
 1772172180 1772172120 1772172120 1772172000 1772161140 1772161140
 1772161140 1772160420 1772160360 1772160360 1772160360 1772160240
 1772160240 1772160180 1772159820 1772159820 1772159760 1772159580
 1772159340 1772159100 1772159100 1772159100 1772141040 1772140980
 1772139660 1772139660 1772139240 1772138340 1772138220 1772138100
 1772138100 1772136900 1772135700 1772135700 1772135700 1772135640
 1772135520 1772135460 1772124600 1772124600 1772124540 1772124540
 1772124480 1772123760 1772123760 1772123700 1772123520 1772123520
 1772123040 1772122980 1772122680 1772122680 1772122200 1772083260
 1772083260 1772083260 1772083200 1772083020 1772082780 1772082780
 1772082720 1772082300 1772082300 1772082300 1772082240 1772039340
 1772038680 1772038380 1772038140 1772036700 1772036280 1772036280
 1772035920 1772035920 1772035680 1772034960 1772034900 1772034540
 1772033880 1772033820 1772033520 1772033460 1772033160 1772033160
 1772032680 1772032620 1772032500 1772032440 1772032440 1772032320
 1772032140 1772031960 1772028840 1772027100 1772027040 1772027040
 1772027040 1772026980 1772024580 1772014200 1772014200 1772013420
 1772013180 1772013180 1772013180 1772013000 1772012880 1772012760
 1772012520 1772012280 1772012220 1772011920 1772011740 1772007300
 1772000880 1772000340 1771999800 1771995240 1771989960 1771989960
 1771989840 1771989480 1771989300 1771988520 1771988460 1771988400
 1771988400 1771988220 1771987920 1771980600 1771980420 1771980420
 1771980240 1771980180 1771980180 1771979580 1771978380 1771958520
 1771951800 1771951200 1771951080 1771950780 1771950600 1771950480
 1771924020 1771923960 1771923840 1771923840 1771923300 1771923300
 1771923300 1771923120 1771923120 1771923060 1771923060 1771922520
 1771922280 1771921440 1771921140 1771921020 1771920240 1771919460
 1771919340 1771919340 1771919160 1771919040 1771918560 1771918560
 1771918440 1771917600 1771917600 1771917180 1771916640 1771910040
 1771906620 1771906080 1771902300 1771898760 1771898460 1771898160
 1771898100 1771897620 1771897620 1771897620 1771897620 1771897620
 1771897560 1771897560 1771896900 1771862400 1771861980 1771861920
 1771861920 1771861920 1771861920 1771861620 1771861620 1771861020
 1771860900 1771860840 1771859220 1771859220 1771859040 1771858620
 1771858620 1771858260 1771858260 1771858200 1771858080 1771857900
 1771857900 1771857180 1771856940 1771855680 1771855320 1771852140
 1771852140 1771827120 1771822380 1771813440 1771813140 1771813140
 1771812720 1771812360 1771812180 1771811940 1771776780 1771776720
 1771776660 1771776660 1771776660 1771776600 1771776600 1771776600
 1771776600 1771776360 1771776360 1771776360 1771776000 1771775760
 1771775160 1771775100 1771774620 1771730400 1771730400 1771694160
 1771693980 1771693980 1771693980 1771693980 1771693920 1771693920
 1771693920 1771693320 1771692900 1771692900 1771692720 1771692360
 1771687920 1771639380 1771639260 1771639200 1771639200 1771639140
 1771639140 1771639140 1771639080 1771639080 1771639020 1771638900
 1771638900 1771638840 1771638540 1771638120 1771638060 1771637220
 1771636740 1771636200 1771636140 1771605960 1771591080 1771590900
 1771568880 1771545000 1771542600 1771524960 1771524360 1771524000
 1771523940 1771523940 1771460520 1771437600 1771437600 1771410360
 1771410060 1771409820 1771409640 1771409640 1771409400 1771409400
 1771409280 1771409280 1771408680 1771408440 1771408140 1771408140
 1771408140 1771408140 1771407660 1771407300 1771407300 1771407300
 1771392240 1771391880 1771391580 1771391160 1771389600 1771389600
 1771324320 1771323900 1771323900 1771323600 1771323420 1771323180
 1771322340 1771322280 1771321920 1771321560 1771321560 1771320900
 1771243140 1771242480 1771241040 1771241040 1771240860 1771240680
 1771238460 1771238460 1771238340 1771238220 1771238220 1771238220
 1771238160 1771238160 1771238100 1771237740 1771236360 1771236120
 1771236060 1771235640 1771235460 1771234860 1771233420 1771233360
 1771233180 1771231920 1771135140 1771135020 1771135020 1771114140
 1771086120 1771085760 1771085700 1771085640 1771084560 1771084260
 1771051500 1771051440 1771051440 1771051380 1771051380 1771051380
 1771051140 1771051140 1771050960 1771050960 1771050900 1771050900
 1771050840 1771050780 1771050780 1771050780 1771050780 1771050720
 1771050660 1771050660 1771050660 1771050600 1771050600 1771050600
 1771050600 1771050480 1771050480 1771049640 1771049400 1771049400
 1771049220 1771049220 1771045320 1771045260 1771045140 1771045080
 1771045080 1771045020 1771045020 1771002780 1771002660 1771002600
 1771002600 1771002480 1770962460 1770962340 1770962340 1770949680
 1770949680 1770949500 1770948780 1770948540 1770948180 1770948180
 1770947520 1770947460 1770947340 1770946620 1770946080 1770946020
 1770945780 1770945360 1770917100 1770916860 1770916860 1770916740
 1770916740 1770915840 1770914940 1770914940 1770914520 1770914520
 1770914340 1770914280 1770914220 1770914220 1770914160 1770913680
 1770906060 1770905820 1770905760 1770875580 1770873240 1770865620
 1770865560 1770865380 1770865140 1770864780 1770864780 1770864600
 1770864600 1770864540 1770864480 1770864480 1770864420 1770864420
 1770864300 1770864180 1770864180 1770864060 1770864060 1770864060
 1770864000 1770827040 1770826920 1770826920 1770826860 1770826860
 1770826860 1770826320 1770825840 1770825840 1770825660 1770825540
 1770822360 1770818340 1770818220 1770818160 1770818160 1770818040
 1770817740 1770791520 1770791460 1770791400 1770791400 1770791340
 1770791340 1770791280 1770791280 1770791280 1770791100 1770782400
 1770782340 1770779220 1770779220 1770778860 1770778860 1770778140
 1770778080 1770778080 1770778080 1770778080 1770778020 1770777900
 1770777840 1770777840 1770777840 1770777600 1770777360 1770777060
 1770739200 1770736920 1770698820 1770688320 1770688320 1770688320
 1770688320 1770688260 1770688140 1770687060 1770652560 1770650940
 1770650820 1770650700 1770650700 1770648660 1770645840 1770645540
 1770645240 1770645120 1770644820 1770641580 1770640620 1770638340
 1770638280 1770635760 1770608100 1770608100 1770607980 1770607440
 1770607380 1770607380 1770607380 1770568140 1770568080 1770568020
 1770568020 1770568020 1770568020 1770528960 1770528900 1770528780
 1770528600 1770521580 1770516480 1770516480 1770516060 1770516060
 1770516060 1770516060 1770515460 1770515460 1770515340 1770515280
 1770515280 1770514800 1770514440 1770514440 1770483960 1770483900
 1770483660 1770483420 1770483420 1770482820 1770482760 1770482280
 1770482040 1770482040 1770481440 1770480960 1770473520 1770473520
 1770473220 1770472260 1770472260 1770472260 1770472200 1770472140
 1770471720 1770471660 1770471660 1770443820 1770423660 1770423660
 1770422640 1770422160 1770421260 1770421200 1770421200 1770421020
 1770421020 1770421020 1770421020 1770420960 1770420540 1770420540
 1770420180 1770420180 1770420180 1770420120 1770420120 1770419580
 1770419040 1770418860 1770418860 1770390240 1770311400 1770311400
 1770311400 1770311400 1770311100 1770311040 1770310980 1770310980
 1770310980 1770256800 1770256680 1770256680 1770256320 1770255960
 1770255900 1770255780 1770255660 1770225420 1770225180 1770224760
 1770179160 1770178020 1770177600 1770177600 1770177480 1770137580
 1770137580 1770137520 1770137280 1770136680 1770134040 1770133980
 1770133740 1770088860 1770088800 1770088800 1770088800 1770088080
 1770088080 1770088020 1770088020 1770087960 1770087960 1770087240
 1770087240 1770087240 1770087240 1770087120 1770087120 1770087120
 1770087120 1770052740 1770051060 1770051060 1770051060 1770050940
 1770050940 1770050880 1770050880 1770050880 1770050580 1770050220
 1770050220 1770050220 1770050160 1770049920 1770049740 1770049500
 1770047700 1770047400 1770046740 1770046140 1770040500 1770004560
 1770004020 1770004020 1770003780 1770003120 1769962620 1769962560
 1769962440 1769962380 1769962380 1769962320 1769955480 1769951940
 1769950980 1769950740 1769950440 1769949780 1769949780 1769949780
 1769949660 1769949660 1769949480 1769947920 1769947920 1769947920
 1769947740 1769947740 1769947200 1769947020 1769947020 1769946960
 1769946900 1769946720 1769946660 1769946660 1769946360 1769945940
 1769945940 1769945940 1769945880 1769945880 1769944620 1769926500
 1769926440 1769926440 1769926440 1769926380 1769926380 1769926140
 1769926080 1769925900 1769925660 1769925660 1769923380 1769923200
 1769922960 1769922960 1769922960 1769922240 1769918160 1769918040
 1769918040 1769917980 1769917920 1769917740 1769917740 1769917620
 1769917620 1769917620 1769917620 1769917380 1769916900 1769916900
 1769916840 1769916840 1769916540 1769909280 1769900400 1769900400
 1769900340 1769900340 1769900340 1769900340 1769899920 1769899740
 1769898960 1769898840 1769898780 1769898780 1769898780 1769897580
 1769897160 1769897160 1769897100 1769897100 1769897100 1769896920
 1769896920 1769896680 1769896500 1769896500 1769896500 1769896500
 1769896440 1769896440 1769896440 1769896440 1769896440 1769896380
 1769894820 1769875980 1769875800 1769875800 1769875800 1769875680
 1769875680 1769875680 1769875620 1769875500 1769875440 1769874180
 1769874180 1769874180 1769873880 1769873760 1769873640 1769873340]"
7649279,154963340,2,1772725429,1772725240,4,1426.0,730.0,[842],57.0,2.0,1.0,56.0,152.0,344.0,,41.0,1432.0,56.0,1.0,13.0,,[6 2 4],[45  0 27],[ 2 34 44],[216 164 141],[1027  404 1152],[6],23.0,,[0 9 9 2 2 8 2 3 3 8],[0 9 2 5 4 3 3 2 4 9],,2.0,4.0,,3.0,,1.0,1.0,,,,,,3.0,2.0,1.0,2.0,,,"[ 0.09927718  0.02916855  0.08384901  0.03348164 -0.03778057  0.04568826
  0.07948206  0.09891038 -0.11022431  0.10455474  0.01753994 -0.01722663
 -0.05876457  0.00970762  0.0993722  -0.01055728  0.05777635 -0.01461063
 -0.00189508 -0.12141538  0.00020085 -0.04623073  0.04044064 -0.03626647
 -0.08011246  0.01753857 -0.05320654  0.01056768  0.07349965 -0.05274733
 -0.11176293  0.10294749  0.01898002  0.03057358  0.0684607   0.1110954
 -0.15908404 -0.01222593 -0.08111989  0.03041713 -0.0372109  -0.05573873
  0.01283835  0.03154172 -0.00661023 -0.03571184 -0.05062227  0.07069987
 -0.03659268  0.07294326  0.0165532   0.00891998  0.04799479  0.01822288
  0.02011551 -0.011711    0.11289273  0.04135006  0.0013096   0.12181647
  0.0142069  -0.03108684 -0.11051033 -0.08643655  0.12651217  0.02245166
  0.0593815  -0.00461324 -0.10122728  0.11060994 -0.00418429 -0.02683885
 -0.06796949  0.09379832 -0.1077856   0.13497831  0.08365468  0.06562557
  0.0125542  -0.05573335 -0.05227285  0.0672574   0.05000165  0.00179068
  0.08207105 -0.09726981  0.03126795 -0.09128363  0.04632401  0.10952878
  0.03358524  0.06183879 -0.01120059 -0.0255742  -0.05012932  0.04155821
  0.01705357 -0.00781668  0.02723427 -0.07603294 -0.1166934  -0.07954764
 -0.05428214  0.0105999   0.04066524 -0.18122602 -0.01650939 -0.04555842
 -0.02046415 -0.05432807  0.07903561 -0.01737097  0.0701859   0.11075772
 -0.08678547  0.07327019  0.00667618 -0.00357914 -0.00314461  0.08542354
 -0.00382127 -0.00159256 -0.01849831  0.05714476 -0.06192186  0.05943996
  0.02585311 -0.0109162   0.00023017 -0.05635341  0.05724633  0.07444245
 -0.07953822 -0.03698383 -0.04949545 -0.03258853 -0.02108807 -0.01050483
 -0.02549054 -0.02393803 -0.04082296 -0.00367306 -0.11706207  0.05476493
 -0.0849295  -0.03433632 -0.00067042 -0.08834663  0.00154991  0.01369549
  0.04407481 -0.03356799  0.06070467  0.02954691 -0.01250078  0.02650402
 -0.02856326  0.04283874 -0.02749519 -0.0209592  -0.08888337  0.00448524
 -0.06721683 -0.01128146 -0.02103057 -0.02508672 -0.13240781 -0.09802398
  0.11183828 -0.03228442  0.08507493 -0.0188904  -0.00728696  0.01353863
 -0.00602203 -0.01833645 -0.00922687 -0.08357652 -0.0850699  -0.05020551
 -0.08870871  0.09076245  0.10968909  0.12283919 -0.04393214 -0.08515922
 -0.02290803 -0.03292497 -0.00106488 -0.08080006 -0.09298282  0.08165032
  0.01336213  0.06364667  0.10480061 -0.11518019 -0.03714559  0.02451234
  0.0104156  -0.06139405 -0.0298383  -0.07045975  0.01610412  0.09889513
 -0.00533295  0.01060007  0.080586   -0.06435265 -0.07050507 -0.08342332
 -0.00749995 -0.05846987 -0.01734656 -0.1037975   0.01216138  0.07725449
  0.02391362 -0.05962528  0.11008982  0.02540695  0.05439548 -0.04340684
  0.04131595  0.07983477  0.03620702 -0.0264251   0.02644199  0.03134099
  0.03024614  0.09265777 -0.04512602  0.01125412  0.1035046  -0.03169271
 -0.01783332 -0.02389518 -0.07620183 -0.07826518 -0.00437398 -0.02406209
 -0.07396571  0.04931268  0.07465474  0.0797687   0.00123036 -0.0174841
 -0.06232544  0.02162614 -0.00466772  0.02922337 -0.01769575 -0.12901266
  0.043369   -0.09144539 -0.01314717 -0.03102367]",[159564.5  18644.    1550. ],[314945.  11414.   1550.],[159564.5  18644.    1550. ],[314945.  18644.   4184.],[314945.  18644.   4184.],"[ 0.0026  0.0848  0.2165 -0.1477 -0.0478  0.1523  0.1243  0.1739 -0.18
  0.3195  0.004  -0.0709 -0.313   0.1374 -0.0125  0.0378  0.1568  0.3158
  0.018  -0.1931  0.1331 -0.0699  0.198  -0.3349  0.0562  0.2222 -0.2293
  0.2777 -0.0853 -0.1357 -0.0205  0.2254 -0.0378  0.1127  0.0349 -0.229
 -0.1613  0.0476  0.0364 -0.2698 -0.2782  0.1164 -0.1169  0.0999 -0.3517
 -0.1398 -0.0776  0.0069  0.2436  0.0491 -0.0108  0.0309 -0.152  -0.3043
 -0.2211 -0.1898  0.0787 -0.1394 -0.0917  0.0904 -0.4256 -0.2488 -0.129
  0.0254  0.0325  0.1619  0.0514 -0.1956  0.1836 -0.1552 -0.0261  0.0349
 -0.0989  0.0268 -0.0939 -0.294  -0.18    0.0943 -0.3309  0.2027  0.0369
  0.1683 -0.1483 -0.0504  0.1098 -0.1046  0.0366 -0.4408  0.1071  0.1065
 -0.0247  0.0347 -0.3271 -0.0292  0.0875  0.4019  0.      0.      0.
  0.      0.      0.      0.      0.      0.      0.      0.      0.
  0.      0.      0.      0.      0.      0.      0.      0.      0.
  0.      0.      0.      0.      0.      0.      0.      0.      0.
  0.      0.      0.      0.      0.      0.      0.      0.      0.
  0.      0.      0.      0.      0.      0.      0.      0.      0.
  0.      0.      0.      0.      0.      0.      0.      0.      0.
  0.      0.      0.      0.      0.      0.      0.      0.      0.
  0.      0.      0.      0.      0.      0.      0.      0.      0.
  0.      0.      0.      0.      0.      0.      0.      0.      0.
  0.      0.      0.      0.      0.      0.      0.      0.      0.
  0.      0.      0.      0.      0.      0.      0.      0.      0.
  0.      0.      0.      0.      0.      0.      0.      0.      0.
  0.      0.      0.      0.      0.      0.      0.      0.      0.
  0.      0.      0.      0.      0.      0.      0.      0.      0.
  0.      0.      0.      0.      0.      0.      0.      0.      0.
  0.      0.      0.      0.      0.      0.      0.      0.      0.
  0.      0.      0.      0.      0.      0.      0.      0.      0.
  0.      0.      0.      0.      0.      0.      0.      0.      0.
  0.      0.      0.      0.      0.      0.      0.      0.      0.
  0.      0.      0.      0.      0.      0.      0.      0.      0.
  0.      0.      0.      0.      0.      0.      0.      0.      0.
  0.      0.      0.      0.      0.      0.      0.      0.      0.
  0.      0.      0.      0.      0.      0.      0.      0.      0.
  0.      0.      0.      0.      0.      0.      0.      0.      0.
  0.      0.      0.      0.      0.    ]","[ 0.0255  0.6328  0.1878  0.1789  0.0146 -0.6618 -0.2974 -0.0703 -0.0096
 -0.001 ]","[ 0.0255  0.6328  0.1878  0.1789  0.0146 -0.6618 -0.2974 -0.0703 -0.0096
 -0.001 ]",,325.0,977.0,74.0,0.0,29.0,189.0,,2670.0,8.0,30689.0,0.0,,,,[0 0 0 ... 0 0 0],[1772724600 1772700420 1772700120 ... 1761732600 1761732480 1761732420],[2 2 2 ... 2 2 2],[6 6 6 ... 6 6 6],[533 800 800 ... 676 676 676],[   0 2017 2017 ... 1657 1657 1657],[   0    0    0 ... 8288 8288 8288],[0 0 0 ... 0 0 0],[12 16  1 ... 14 17 14],"[1772639280 1772598864 1772598861 1772598852 1772598833 1772527140
 1772464860 1772352360 1772291160 1771676008 1771601760 1771232825
 1771087260 1771084500 1770942120 1770911760 1770768180 1770768120
 1770645240 1770525594 1770482100 1770384480 1770295223 1770134460
 1769939852 1769869860 1769688300 1769680614 1769678340 1769380740
 1769308740 1769207820 1769125620 1769011380 1768864380 1768778820
 1768698480 1768577700 1768260120 1768220820 1768220820 1768146480
 1768021500 1767962417 1767957640 1767957611 1767913020 1767826980
 1767787640 1767787634 1767787624 1767787618 1767787606 1767787599
 1767740880 1767692280 1767572460 1767523860 1767426526 1767367920
 1767361680 1767332520 1767332460 1767322440 1767267899 1767260820
 1767134220 1767129360 1767086400 1767083580 1766976120 1766826332
 1766826273 1766769540 1766769120 1766677620 1766551020 1766461740
 1766404980 1766365260 1766292420 1766239080 1766195940 1766155860
 1765940049 1765874460 1765866591 1765865566 1765726680 1765638240
 1765603380 1765380120 1765240020 1765186020 1765037040 1764985800
 1764920100 1764805500 1764747720 1764601148 1764601027 1764600907
 1764600896 1764600883 1764600875 1764600864 1764600466 1764600436
 1764600427 1764600158 1764600104 1764599383 1764575040 1764431040
 1764428520 1764325873 1764318122 1764257640 1764207720 1764113040
 1764056400 1763999100 1763998680 1763989924 1763987220 1763981388
 1763967558 1763833740 1763822280 1763681520 1763537760 1763385540
 1763222340 1763186820 1763085120 1763011620 1763011560 1762905300
 1762905060 1762871100 1762829280 1762828560 1762827720 1762815960
 1762815840 1762783920 1762779720 1762730820 1762690620 1762689180
 1762687200 1762666003 1762665847 1762665806 1762665780 1762665250
 1762609260 1762590420 1762562400 1762562280 1762559940 1762559880
 1762557600 1762510020 1762508820 1762508520 1762475160 1762475100
 1762388580 1762388100 1762387440 1762383900 1762383780 1762383360
 1762343298 1762326960 1762299660 1762299240 1762297980 1762297260
 1762272060 1762244520 1762211580 1762211460 1762210560 1762210440
 1762210380 1762185180 1762159320 1762158360 1762128180 1762124400
 1762124340 1762124160 1762098720 1762098480 1762097820 1762095960
 1762078800 1762078740 1762078560 1762078380 1762078320 1762078080
 1762078020 1762077900 1762077660 1762077360 1762077060 1762076940
 1762076760 1762076700 1762076220 1762076040 1762075980 1762075920
 1762075920 1762075740 1762073390 1762073280 1762069740 1762060080
 1762060020 1762059840 1762059780 1762059780 1762059660 1762059300
 1762059120 1762058820 1762058640 1762058520 1762058400 1762058160
 1762058040 1762058040 1762057980 1762057800 1762057680 1762052940
 1762044660 1762044480 1762013220 1762011000 1762010580 1762005480
 1761990060 1761969300 1761928320 1761926220 1761865620 1761865440
 1761864960 1761864900 1761838500 1761829440 1761829140 1761829080
 1761828840 1761828600 1761827940 1761827760 1761827520 1761827100
 1761826980 1761825900 1761825420 1761825300 1761819780 1761819600
 1761815400 1761808440 1761808320 1761804480 1761804360 1761804240
 1761803820 1761803520 1761803460 1761803400 1761803280 1761802560
 1761802500 1761802380 1761802320 1761802260 1761802200 1761802140
 1761802080 1761801960 1761799740 1761779640 1761779520 1761779220
 1761779160 1761778680 1761778620 1761778560 1761753540 1761752760
 1761749640 1761742140 1761741060 1761740100 1761732960 1761732660
 1761732600 1761732480 1761732420 1761732360 1761732300 1761732060
 1761732000 1761731880 1761731820 1761663780 1761662640 1761662400
 1761646140 1761645840 1761645720 1761645600 1761605700 1761605640
 1761605580 1761605520 1761542460 1761521640 1761521280 1761487980
 1761487500 1761487200 1761487020 1761486480 1761486180 1761485160
 1761484980 1761484680 1761484620 1761484080 1761482940 1761480900
 1761480720 1761480240 1761479820 1761479580 1761468240 1761459240
 1761459180 1761456540 1761455040 1761454980 1761454980 1761453540
 1761451500 1761450000 1761450000 1761449040 1761447360 1761445560
 1761442920 1761441960 1761441660 1761441600 1761413700 1761406920
 1761406800 1761406560 1761406380 1761406200 1761406140 1761406080
 1761405960 1761405720 1761405660 1761405180 1761403620 1761403440
 1761397800 1761394353 1761390060 1761387960 1761314460 1761311640
 1761300360 1761300060 1761296280 1761296220 1761296100 1761263520
 1761263460 1761233940 1761174180 1761174060 1761090540 1761088080
 1761087600 1761032700 1761004800 1761003240 1761003060 1760918700
 1760918520 1760886840 1760868540 1760868540 1760868360 1760849340
 1760849040 1760848860 1760842800 1760835900 1760835840 1760835780
 1760832120 1760766960 1760690940 1760690640 1760690580 1760655840
 1760655540 1760655480 1760635020 1760634960 1760529060 1760528760
 1760528760 1760527620 1760519040 1760484720 1760484000 1760483820
 1760483280 1760482680 1760482680 1760458140 1760455320 1760455260
 1760453495 1760439120 1760433418 1760430420 1760428860 1760417220
 1760416740 1760371320 1760332320 1760326380 1760317560 1760316420
 1760316300 1760314140 1760266800 1760264580 1760260680 1760260560
 1760260380 1760259720 1760259600 1760259480 1760247180 1760185920
 1760185800 1760177940 1760177760 1760176800 1760176680 1760176560
 1760176260 1760176020 1760175900 1760162220 1760162160 1760161620
 1760161560 1760161140 1760161080 1760160840 1760160780 1760160720
 1760160420 1760160180 1760159940 1760159580 1760106240 1760093520
 1760093460 1760093460 1760093400 1760093400 1760093100 1760091960
 1760091900 1760091900 1760091900 1760091840 1760091660 1760091540
 1760091480 1760091480 1760090400 1760089740 1760073660 1760072700
 1760072340 1760072340 1760072220 1760061660 1760061600 1760015580
 1760015520 1760015100 1760015100 1760015040 1760014980 1760014800
 1760013960 1760013600 1760013360 1760013180 1760013180 1760012880
 1760011680 1760005980 1760005860 1760005740 1760005500 1760005380
 1760005260 1760005080 1760004960 1760004900 1760004720 1760004660
 1760004600 1760004540 1760000880 1760000460 1760000400 1760000340
 1760000100 1759991400 1759985940 1759985940 1759985880 1759985760
 1759983180 1759983120 1759936560 1759934640 1759934400 1759934280
 1759918730 1759821900 1759821720 1759821660 1759821600 1759816080
 1759804380 1759803660 1759800720 1759770000 1759769880 1759769100
 1759719900 1759719540 1759716780 1759671900 1759661700 1759659480
 1759640040 1759639920 1759634700 1759595640 1759595160 1759573959
 1759495020 1759489980 1759460460]","[ 8  5  5  7 25  8  8  8  8  5  8 25  8  8  8  8  8  8  8 22  8  8  8  8
  6  8  8  6  8  8  8  8  8  8  8  8  8  8  8  8  8  8  8 24 24 24  8  8
 26 26 26 26 26 26  8  8  8  8  6  8  8  8  8  8 24  8  8  8  8  8  8  6
  6  8  8  8  8  8  8  8  8  8  8  8 22  8  6  6  8  8  2  8  8  8  8  8
  8  8  8  5 20 26 26 26 26 26  5  5  8  5  5  5  8  8  8  6 22  8  8  8
  8  8  8  6  8  6  6  8  8  8  8  8  8  8  8 19  8 19  8 19 19 19 19 19
  8 19  8 19 19  8 19  6  6  6 19  6 19 19 19  8 19 19 19 19 19  8  8  8
 19  8 19 19 19 19  6 19 19 19 19 19 19 19 19 19 19 19 19  8 19 19 19 19
 19 19 19 19  8 19 19 19 19 19 19 19 19 19 19 19 19 19 19 19 19 19 19 19
 19 19 22 22 19 19 19 19 19 19 19 19 19 19 19 19 19 19 19 19 19 19 19 19
 19 19 19 19 19 19 19 19 19  8 19 19 19 19 19 19 19 19 19 19 19 19 19 19
 19 19 19 19 19 19 19 19 19 19 19 19 19 19 19  8 19 19 19 19 19 19 19 19
 19 19 19 19 19 19 19 19 19 19 19  8 19 19 19 19 19 19 19 19 19 19 19 19
 19 19 19 19  8  8 19 19 19 19 19 19 19 19 19  8  8 19 19 19 19 19 19 19
 19 19 19 19 19 19 19 19 19 19 19 19 19 19 19  2 19 19 19 19 19 19 19 19
 19 19 19 19 19 19 19 19 19 19 19 19 19 19 19  8 19 19 19  6 19 19 19 19
 19 19 19 19  2 19  8 19 19 19 19 19 19 19 19 19  8 19  8 19 19 19  8 19
 19 19 19 19 19 19 19 19 19 19  8 19 19 19 19  8 19 19 19 19 19 19 19 19
 19 19 19  8 19 19  6 19  6 19 19 19  8 19 19 19 19 19  8 19 19 19 19 19
 19 19 19 19 19 19 19 19 19 19 19 19 19 19 19 19 19 19 19 19 19 19 19 19
 19 19 19 19 19 19 19 19 19 19 19 19 19 19 19 19 19 19 19 19 19  8 19 19
 19 19 19 19  8 19 19 19 19 19 19 19 19 19 19 19 19 19  8 19 19 19 19 19
 19 19 19 19 19 19 19 19 19 19 19 19 19 19 19 19 19 19 19 19 19 19 19  8
  1 19 19 19  8 19  8 19 19 19 19 19 19 19 19 19 19 19 19 19 19 19  8  1
 19 19 19]","[  1851614  78956078  78956078  78956078  77387200   1851614   1851614
  66744608   1851614  46180137   1851614    649597  41459291   1851614
   1851614   1851614  16031409   1851614   1851614  39492114   1851614
   1851614  57243862   1851614  90928720   1851614   1851614  43114820
   1851614   1851614   1851614   1851614   1851614   1851614   1851614
   1851614   1851614   1851614   1851614  64818167  60807322   1851614
   1851614  28637567  28776006  28776006   1851614   1851614  31806715
  31806715  31806715  31806715  31806715  31806715   1851614   1851614
   1851614   1851614  72025731   1851614   1851614  37049948  37049948
   1851614  67447002   1851614   1851614   1851614   1851614   1851614
   1851614  95763167   7341850   1851614   1851614   1851614   1851614
   1851614  37049948   1851614   1851614   1851614   1851614   1851614
  69145137   1851614  36305375  36305375   1851614   1851614  74019301
   1851614   1851614   1851614   1851614   1851614   1851614   1851614
   1851614  73496879  57985511  57985511  57985511  57985511  57985511
  57985511  57985511  57985511  57985511  98999637  22434397  57985511
   1851614   1851614  35947269  16702954  45462321   1851614   1851614
   1851614   1851614   1851614   1851614  21512151  41459291   8123313
   8123313   1851614   1851614   1851614   1851614   1851614   1851614
   1851614   1851614   1851614   1851614   1851614   1851614   1851614
   3922986  37049948  37049948   1851614   1851614  42513677   1851614
   3922986   1851614   1851614  42513677  23619554  14179355  14179355
  42513677  62177051   1851614  42513677   1851614   1851614  42513677
  42513677  20150559   1851614   1851614   1851614   1851614   1851614
   1851614   1851614  18779796  18779796  18779796  18779796  89168244
   1851614  36447902  38177383  18779796  18779796   1851614  35673626
  18779796  18779796  18779796  18779796   1851614   1851614  73351298
  73351298  16031409  18779796  18779796  18779796   1851614   1851614
   1851614  73351298  18779796  18779796  18779796  18779796  24159202
  24159202  24159202  24159202  24159202  24159202  24159202  24159202
  24159202  24159202  24159202  24159202  73351298  73351298  24159202
  24159202  29606132  29606132  24874923  20150559  73351298  73351298
  20150559  73351298  20150559  24874923  24874923  24874923  24874923
  24874923  24874923  24874923  45144430  24874923  24874923  24874923
  24874923  29322821  18779796  18779796  73351298  37089872  37089872
   1851614  21596484   1851614   1851614   1851614  18779796  18779796
  18779796   1851614   1851614  24874923  24874923  24874923  24874923
  24874923  24874923  24874923  24874923  24874923  24874923  24874923
  24874923  24874923  29322821  42086057  29322821  42086057  42086057
  24874923  24874923  24874923  73351298  73351298  24874923  24874923
  36447902  24874923  24874923  24874923  24874923  24874923  24874923
  24874923  24874923  24874923  73351298   1851614  24874923  18779796
  18779796  18779796  18779796   1851614   1851614   1851614  64489458
  24874923  24874923  24874923  24874923  24874923  24874923  24874923
  24874923  24874923  24874923  24874923  24874923  24874923  24874923
   1851614   1851614   1851614  24874923  24874923  24874923  24874923
  18779796  18779796  18779796  18779796   1851614   1851614   1851614
  18779796  18779796  18779796  74168007  74168007  18779796  18779796
  74168007  29322821  74168007  29322821  53636302  53636302  53636302
  53636302  53636302  53636302  15708656   3922986   3922986   3922986
  55632330  55632330  13694410  29322821  29322821  42086057  29322821
  42513677  42513677  29322821  29322821  18779796  18779796  18779796
  54668214   1851614  36447902  36447902  36447902  36447902  36447902
  36447902  36447902  36447902  36447902   1851614  36447902  36447902
  13694410    415668  73351298  73351298  54668214  54668214  73351298
  73351298  42513677  42513677  42513677   1851614   1851614  73351298
  18779796  18779796  18779796  18779796  18779796   1851614  73351298
   1851614   1851614   1851614   1851614   1851614  41459291   1851614
   1851614  29322821  42086057  42086057   3922986  29322821  42086057
  29322821  29322821   3922986   1851614  41459291  41459291  18779796
  18779796  18779796   1851614   1851614  60807322  60807322  16031409
  60807322  73351298  73351298  73351298  73351298  18779796  36447902
  18779796   1851614  10271269  10271269  93581728   3922986 114743637
   3922986  60807322   1851614   1851614  73351298  29322821  29322821
  29322821   1851614   1851614   5753270  24875812   3922986  18901278
  18901278  18901278   5753270   5753270   5753270  29322821  20150559
  20150559  18779796  18779796  18779796  18779796  18779796  18779796
  18779796  18779796  73351298  73351298  18779796  18779796  18779796
  18779796  18779796  18779796  18779796  18779796  18779796  18779796
  18779796   3922986  74663537   1851614  74663537  74663537   1851614
  74663537  74663537  44415779  74663537   3746753  74663537  74663537
  74663537  74663537  47112813   1851614   1851614  71366665  71366665
  50569856  71366665  50569856   1851614   1851614  10162524  10162524
  10162524  44415779  10162524  10162524  10162524  10352791  10162524
   1851614  10162524  44415779  10352791   1851614  12595716  12595716
  12595716  12595716  12595716  12595716  12595716  12595716  12595716
  12595716  12595716  12595716  12595716  12595716  12595716  12595716
  12595716  12595716  75377298  10162524  44415779  10162524  10162524
  12595716  12595716   3922986  28030510  28030510  28030510  11363371
   1851614  24874923  24874923  24874923   3922986   1851614  50569856
  50569856   3922986   3922986   3922986   3922986  10112458  10112458
   3922986   1851614   3922986  29322821  29322821  29322821   1851614
   1851614  40306111   3922986   3922986   1851614]","[367 426 426 426 274 367 367 628 367 201 367 367 103 367 367 367 587 367
 367 155 367 367   0 367 472 367 367 449 367 367 367 367 367 367 367 367
 367 367 367 472 472 367 367 246 274 274 367 367 628 628 628 628 628 628
 367 367 367 367 472 367 367 472 472 367 180 367 367 367 367 367 367   0
 562 367 367 367 367 367 472 367 367 367 367 367 151 367   0   0 367 367
 385 367 367 367 367 367 367 367 367   0   0   0   0   0   0   0   0   0
   0   0   0   0 367 367 329 388 155 367 367 367 367 367 367 619 103 472
 472 367 367 367 367 367 367 367 367 367 367 367 367 367 385 472 472 367
 367 246 367 385 367 367 246 619 619 619 246 619 367 246 367 367 246 246
 351 367 367 367 367 367 367 367 472 472 472 472   0 367 472 367 472 472
 367 457 472 472 472 472 367 367 644 644 587 472 472 472 367 367 367 644
 472 472 472 472 246 246 246 246 246 246 246 246 246 246 246 246 644 644
 246 246 710 710 169 351 644 644 351 644 351 169 169 169 169 169 169 169
 619 169 169 169 169 472 472 472 644 385 385 367 555 367 367 367 472 472
 472 367 367 169 169 169 169 169 169 169 169 169 169 169 169 169 472 169
 472 169 169 169 169 169 644 644 169 169 472 169 169 169 169 169 169 169
 169 169 644 367 169 472 472 472 472 367 367 367 472 169 169 169 169 169
 169 169 169 169 169 169 169 169 169 367 367 367 169 169 169 169 472 472
 472 472 367 367 367 472 472 472 619 619 472 472 619 472 619 472 472 472
 472 472 472 472 447 385 385 385 254 254 619 472 472 169 472 246 246 472
 472 472 472 472 385 367 472 472 472 472 472 472 472 472 472 367 472 472
 619 254 644 644 385 385 644 644 246 246 246 367 367 644 472 472 472 472
 472 367 644 367 367 367 367 367 103 367 367 472 169 169 385 472 169 472
 472 385 367 103 103 472 472 472 367 367 472 472 587 472 644 644 644 644
 472 472 472 367 385 385 676 385 619 385 472 367 367 644 472 472 472 367
 367 367 619 385 367 367 367 367 367 367 472 351 351 472 472 472 472 472
 472 472 472 644 644 472 472 472 472 472 472 472 472 472 472 472 385 472
 367 472 472 367 472 472 472 472 472 472 472 472 472 472 367 367 268 268
 268 268 268 367 367 472 472 472 472 472 472 472 619 472 367 472 472 619
 367  90  90  90  90  90  90  90  90  90  90  90  90  90  90  90  90  90
  90 472 472 472 472 472  90  90 385 472 472 472 246 367 169 169 169 385
 367 268 268 385 385 385 385 267 267 385 367 385 472 472 472 367 367 246
 385 385 367]","[   0 1559 1559 1559  394    0    0  133    0    0    0 1092    0    0
    0    0  205    0    0  715    0    0    0    0 2078    0    0    0
    0    0    0    0    0    0    0    0    0    0    0  855  855    0
    0  391  394  394    0    0 2485 2485 2485 2485 2485 2485    0    0
    0    0  831    0    0  831  831    0 2484    0    0    0    0    0
    0    0    0    0    0    0    0    0  831    0    0    0    0    0
 2073    0    0    0    0    0  254    0    0    0    0    0    0    0
    0    0    0    0    0    0    0    0    0    0    0    0    0    0
    0    0 1282 1651  715    0    0    0    0    0    0 1314    0 1677
 1677    0    0    0    0    0    0    0    0    0    0    0    0    0
    0  831  831    0    0    0    0    0    0    0    0 2503 2503 2503
    0 2503    0    0    0    0    0    0 1121    0    0    0    0    0
    0    0  831  831  831  831    0    0 2078 2044  831  831    0 2255
  831  831  831  831    0    0  690  690  205  831  831  831    0    0
    0  690  831  831  831  831 1993 1993 1993 1993 1993 1993 1993 1993
 1993 1993 1993 1993  690  690 1993 1993 2383 2383  594 1121  690  690
 1121  690 1121  594  594  594  594  594  594  594  349  594  594  594
  594 1677  831  831  690  532  532    0 1341    0    0    0  831  831
  831    0    0  594  594  594  594  594  594  594  594  594  594  594
  594  594 1677  594 1677  594  594  594  594  594  690  690  594  594
 2078  594  594  594  594  594  594  594  594  594  690    0  594  831
  831  831  831    0    0    0  831  594  594  594  594  594  594  594
  594  594  594  594  594  594  594    0    0    0  594  594  594  594
  831  831  831  831    0    0    0  831  831  831  349  349  831  831
  349 1677  349 1677 1677 1677 1677 1677 1677 1677 1136    0    0    0
  853  853    0 1677 1677  594 1677    0    0 1677 1677  831  831  831
    0    0 2078 2078 2078 2078 2078 2078 2078 2078 2078    0 2078 2078
    0  871  690  690    0    0  690  690    0    0    0    0    0  690
  831  831  831  831  831    0  690    0    0    0    0    0    0    0
    0 1677  594  594    0 1677  594 1677 1677    0    0    0    0  831
  831  831    0    0  855  855  205  855  690  690  690  690  831 2078
  831    0  254  254    0    0 2019    0  855    0    0  690 1677 1677
 1677    0    0  595 2428    0  595  595  595  595  595  595 1677 1121
 1121  831  831  831  831  831  831  831  831  690  690  831  831  831
  831  831  831  831  831  831  831  831    0  855    0  855  855    0
  855  855  831  855  831  855  855  855  855  831    0    0  821  821
  821  821  821    0    0 1923 1923 1923  831 1923 1923 1923 2428 1923
    0 1923  831 2428    0    0    0    0    0    0    0    0    0    0
    0    0    0    0    0    0    0    0    0 1191 1923  831 1923 1923
    0    0    0  831  831  831  391    0  594  594  594    0    0  821
  821    0    0    0    0 2432 2432    0    0    0 1677 1677 1677    0
    0 1034    0    0    0]","[    0     0     0     0  9932     0     0     0     0     0     0  6110
     0     0     0     0     0     0     0  1708     0     0     0     0
  4914     0     0     0     0     0     0     0     0     0     0     0
     0     0     0  5849  5849     0     0  7643  5675  5675     0     0
     0     0     0     0     0     0     0     0     0     0     0     0
     0  2690  2690     0  6709     0     0     0     0     0     0     0
     0     0     0     0     0     0  2690     0     0     0     0     0
  5526     0     0     0     0     0  1731     0     0     0     0     0
     0     0     0     0     0     0     0     0     0     0     0     0
     0     0     0     0     0     0  3343  6818  2243     0     0     0
     0     0     0  8055     0   766   766     0     0     0     0     0
     0     0     0     0     0     0     0     0     0  2690  2690     0
     0     0     0     0     0     0     0  9225  9225  9225     0  9225
     0     0     0     0     0     0  9735     0     0     0     0     0
     0     0  6864  6864  6864  6864     0     0  4914   400  6864  6864
     0     0  6864  6864  6864  6864     0     0     0     0     0  6864
  6864  6864     0     0     0     0  6864  6864  6864  6864  8609  8609
  8609  8609  8609  8609  8609  8609  8609  8609  8609  8609     0     0
  8609  8609  5345  5345  7109  9735     0     0  9735     0  9735  7109
  7109  7109  7109  7109  7109  7109  2483  7109  7109  7109  7109  8517
  6864  6864     0  2708  2708     0     0     0     0     0  6864  6864
  6864     0     0  7109  7109  7109  7109  7109  7109  7109  7109  7109
  7109  7109  7109  7109  8517  1066  8517  1066  1066  7109  7109  7109
     0     0  7109  7109  4914  7109  7109  7109  7109  7109  7109  7109
  7109  7109     0     0  7109  6864  6864  6864  6864     0     0     0
  6864  7109  7109  7109  7109  7109  7109  7109  7109  7109  7109  7109
  7109  7109  7109     0     0     0  7109  7109  7109  7109  6864  6864
  6864  6864     0     0     0  6864  6864  6864 10125 10125  6864  6864
 10125  8517 10125  8517  8517  8517  8517  8517  8517  8517     0     0
     0     0     0     0     0  8517  8517  1066  8517     0     0  8517
  8517  6864  6864  6864     0     0  4914  4914  4914  4914  4914  4914
  4914  4914  4914     0  4914  4914     0  7013     0     0     0     0
     0     0     0     0     0     0     0     0  6864  6864  6864  6864
  6864     0     0     0     0     0     0     0     0     0     0  8517
  1066  1066     0  8517  1066  8517  8517     0     0     0     0  6864
  6864  6864     0     0  5849  5849     0  5849     0     0     0     0
  6864  4914  6864     0  9308  9308     0     0  5915     0  5849     0
     0     0  8517  8517  8517     0     0     0  9719     0 10118 10118
 10118     0     0     0  8517  9735  9735  6864  6864  6864  6864  6864
  6864  6864  6864     0     0  6864  6864  6864  6864  6864  6864  6864
  6864  6864  6864  6864     0     0     0     0     0     0     0     0
  6719     0     0     0     0     0     0  6864     0     0     0     0
     0     0     0     0     0  1654  1654  1654  6719  1654  1654  1654
  5100  1654     0  1654  6719  5100     0     0     0     0     0     0
     0     0     0     0     0     0     0     0     0     0     0     0
     0  9501  1654  6719  1654  1654     0     0     0  6864  6864  6864
  8151     0  7109  7109  7109     0     0     0     0     0     0     0
     0  8575  8575     0     0     0  8517  8517  8517     0     0  2111
     0     0     0]","[   0    0    0    0 6274    0    0    0    0    0    0    0    0    0
    0    0    0    0    0    0    0    0    0    0    0    0    0    0
    0    0    0    0    0    0    0    0    0    0    0    0    0    0
    0 6637 6680 6680    0    0    0    0    0    0    0    0    0    0
    0    0    0    0    0    0    0    0 4741    0    0    0    0    0
    0    0    0    0    0    0    0    0    0    0    0    0    0    0
 1779    0    0    0    0    0    0    0    0    0    0    0    0    0
    0    0    0    0    0    0    0    0    0    0    0    0    0    0
    0    0    0    0    0    0    0    0    0    0    0    0    0    0
    0    0    0    0    0    0    0    0    0    0    0    0    0    0
    0    0    0    0    0    0    0    0    0    0    0    0    0    0
    0    0    0    0    0    0    0    0    0    0    0    0    0    0
    0    0    0    0    0    0    0    0    0    0    0    0    0    0
    0    0    0    0    0    0    0    0    0    0    0    0    0    0
    0    0    0    0    0    0    0    0    0    0    0    0    0    0
    0    0    0    0    0    0    0    0    0    0    0    0    0    0
    0    0    0    0    0    0    0    0    0    0    0    0    0    0
    0    0    0    0    0    0    0    0    0    0    0    0    0    0
    0    0    0    0    0    0    0    0    0    0    0    0    0    0
    0    0    0 2900    0 2900 2900    0    0    0    0    0    0    0
    0    0    0    0    0    0    0    0    0    0    0    0    0    0
    0    0    0    0    0    0    0    0    0    0    0    0    0    0
    0    0    0    0    0    0    0    0    0    0    0    0    0    0
    0    0    0    0    0    0    0    0    0    0    0    0    0    0
    0    0    0    0    0    0    0    0    0    0    0    0    0    0
    0    0    0    0    0 2900    0    0    0    0    0    0    0    0
    0    0    0    0    0    0    0    0    0    0    0    0    0    0
    0    0    0    0    0    0    0    0    0    0    0    0    0    0
    0    0    0    0    0    0    0    0    0    0    0    0    0    0
    0    0 2900 2900    0    0 2900    0    0    0    0    0    0    0
    0    0    0    0    0    0    0    0    0    0    0    0    0    0
    0    0    0    0    0    0    0    0    0    0    0    0    0    0
    0    0    0    0    0    0    0    0    0    0    0    0    0    0
    0    0    0    0    0    0    0    0    0    0    0    0    0    0
    0    0    0    0    0    0    0    0    0    0    0    0    0    0
    0    0    0    0    0    0    0    0    0    0    0    0    0    0
    0    0    0    0    0    0    0    0    0    0    0    0    0    0
    0    0    0    0    0    0    0    0    0    0    0    0    0    0
    0    0    0    0    0    0    0    0    0    0    0    0    0    0
    0    0    0    0    0    0 2096    0    0    0    0    0    0    0
    0    0    0    0    0    0    0    0    0    0    0    0    0    0
    0 4871    0    0    0]","[     0      0      0      0      0      0      0      0      0      0
      0      0      0      0      0      0      0      0      0      0
      0      0      0      0      0      0      0      0      0      0
      0      0      0      0      0      0      0      0      0      0
      0      0      0      0 310564 310564      0      0      0      0
      0      0      0      0      0      0      0      0      0      0
      0      0      0      0  48888      0      0      0      0      0
      0      0      0      0      0      0      0      0      0      0
      0      0      0      0      0      0      0      0      0      0
      0      0      0      0      0      0      0      0      0      0
      0      0      0      0      0      0      0      0      0      0
      0      0      0      0      0      0      0      0      0      0
      0      0      0      0      0      0      0      0      0      0
      0      0      0      0      0      0      0      0      0      0
      0      0      0      0      0      0      0      0      0      0
      0      0      0      0      0      0      0      0      0      0
      0      0      0      0      0      0      0      0      0      0
      0      0      0      0      0      0      0      0      0      0
      0      0      0      0      0      0      0      0      0      0
      0      0      0      0      0      0      0      0      0      0
      0      0      0      0      0      0      0      0      0      0
      0      0      0      0      0      0      0      0      0      0
      0      0      0      0      0      0      0      0      0      0
      0      0      0      0      0      0      0      0      0      0
      0      0      0      0      0      0      0      0      0      0
      0      0      0      0      0      0      0      0      0      0
      0      0      0      0      0      0      0      0      0      0
      0      0      0      0      0      0      0      0      0      0
      0      0      0      0      0      0      0      0      0      0
      0      0      0      0      0      0      0      0      0      0
      0      0      0      0      0      0      0      0      0      0
      0      0      0      0      0      0      0      0      0      0
      0      0      0      0      0      0      0      0      0      0
      0      0      0      0      0      0      0      0      0      0
      0      0      0      0      0      0      0      0      0      0
      0      0      0      0      0      0      0      0      0      0
      0      0      0      0      0      0      0      0      0      0
      0      0      0      0      0      0      0      0      0      0
      0      0      0      0      0      0      0      0      0      0
      0      0      0      0      0      0      0      0      0      0
      0      0      0      0      0      0      0      0      0      0
      0      0      0      0      0      0      0      0      0      0
      0      0      0      0      0      0      0      0      0      0
      0      0      0      0      0      0      0      0      0      0
      0      0      0      0      0      0      0      0      0      0
      0      0      0      0      0      0      0      0      0      0
      0      0      0      0      0      0      0      0      0      0
      0      0      0      0      0      0      0      0      0      0
      0      0      0      0      0      0      0      0      0      0
      0      0      0      0      0      0      0      0      0      0
      0      0      0      0      0      0      0      0      0      0
      0      0      0      0      0      0      0      0      0      0
      0      0      0      0      0      0      0      0      0      0
      0      0      0      0      0      0      0      0      0      0
      0      0      0      0      0      0      0      0      0      0
      0      0  27591      0      0      0      0      0      0      0
      0      0      0      0      0      0      0      0      0      0
      0      0      0      0      0 303209      0      0      0]","[15 15 15 15  0 15 15 15 15 15 15  0 26 15 15 15 12 15 15  0 15 15  0 15
 26 15 15 11 15 15 15 15 15 15 15 15 15 15 15 26 26 15 15  0  0  0 15 15
 15 15 15 15 15 15 15 15 15 15 26 15 15 26 26 15  0 15 15 15 15 15 15  0
  7 15 15 15 15 15 26 15 15 15 15 15  0 15  0  0 15 15 15 15 15 15 15 15
 15 15 15  0  0  0  0  0  0  0  0  0  0  0  0  0 15 15 26 11  0 15 15 15
 15 15 15 26 26 26 26 15 15 15 15 15 15 15 15 15 15 15 15 15 15 26 26 15
 15 15 15 15 15 15 15 26 26 26 15 26 15 15 15 15 15 15  5 15 15 15 15 15
 15 15 26 26 26 26  0 15 26 15 26 26 15  9 26 26 26 26 15 15 13 13 12 26
 26 26 15 15 15 13 26 26 26 26 15 15 15 15 15 15 15 15 15 15 15 15 13 13
 15 15  0  0 15  5 13 13  5 13  5 15 15 15 15 15 15 15 26 15 15 15 15 26
 26 26 13 15 15 15 15 15 15 15 26 26 26 15 15 15 15 15 15 15 15 15 15 15
 15 15 15 15 26 15 26 15 15 15 15 15 13 13 15 15 26 15 15 15 15 15 15 15
 15 15 13 15 15 26 26 26 26 15 15 15 26 15 15 15 15 15 15 15 15 15 15 15
 15 15 15 15 15 15 15 15 15 15 26 26 26 26 15 15 15 26 26 26 26 26 26 26
 26 26 26 26 26 26 26 26 26 26  1 15 15 15 11 11 26 26 26 15 26 15 15 26
 26 26 26 26 15 15 26 26 26 26 26 26 26 26 26 15 26 26 26 11 13 13 15 15
 13 13 15 15 15 15 15 13 26 26 26 26 26 15 13 15 15 15 15 15 26 15 15 26
 15 15 15 26 15 26 26 15 15 26 26 26 26 26 15 15 26 26 12 26 13 13 13 13
 26 26 26 15 15 15 15 15 26 15 26 15 15 13 26 26 26 15 15 15 26 15 15 15
 15 15 15 15 26  5  5 26 26 26 26 26 26 26 26 13 13 26 26 26 26 26 26 26
 26 26 26 26 15 26 15 26 26 15 26 26 26 26 26 26 26 26 26 26 15 15 11 11
 11 11 11 15 15 26 26 26 26 26 26 26 26 26 15 26 26 26 15 29 29 29 29 29
 29 29 29 29 29 29 29 29 29 29 29 29 29 26 26 26 26 26 29 29 15 26 26 26
 15 15 15 15 15 15 15 11 11 15 15 15 15 15 15 15 15 15 26 26 26 15 15 15
 15 15 15]","[ 48037  32135  32135  32135 137842  48037  48037      0  48037      0
  48037     -1      0  48037  48037  48037      0  48037  48037      0
  48037  48037      0  48037      0  48037  48037      0  48037  48037
  48037  48037  48037  48037  48037  48037  48037  48037  48037      0
      0  48037  48037  11228     -1     -1  48037  48037 114663 114663
 114663 114663 114663 114663  48037  48037  48037  48037      0  48037
  48037      0      0  48037     -1  48037  48037  48037  48037  48037
  48037      0      0  48037  48037  48037  48037  48037      0  48037
  48037  48037  48037  48037      0  48037      0      0  48037  48037
      0  48037  48037  48037  48037  48037  48037  48037  48037      0
      0      0      0      0      0      0      0      0      0      0
      0      0  48037  48037      0      0      0  48037  48037  48037
  48037  48037  48037      0      0      0      0  48037  48037  48037
  48037  48037  48037  48037  48037  48037  48037  48037  48037  48037
      0      0      0  48037  48037 126413  48037      0  48037  48037
 126413      0      0      0 126413      0  48037 126413  48037  48037
 126413 126413      0  48037  48037  48037  48037  48037  48037  48037
      0      0      0      0      0  48037      0      0      0      0
  48037   5528      0      0      0      0  48037  48037      0      0
      0      0      0      0  48037  48037  48037      0      0      0
      0      0  39297  39297  39297  39297  39297  39297  39297  39297
  39297  39297  39297  39297      0      0  39297  39297      0      0
      0      0      0      0      0      0      0      0      0      0
      0      0      0      0      0      0      0      0      0      0
      0      0      0      0      0  48037      0  48037  48037  48037
      0      0      0  48037  48037      0      0      0      0      0
      0      0      0      0      0      0      0      0      0 134386
      0 134386 134386      0      0      0      0      0      0      0
      0      0      0      0      0      0      0      0      0      0
      0  48037      0      0      0      0      0  48037  48037  48037
  45139      0      0      0      0      0      0      0      0      0
      0      0      0      0      0  48037  48037  48037      0      0
      0      0      0      0      0      0  48037  48037  48037      0
      0      0      0      0      0      0      0      0      0      0
      0      0      0      0      0      0      0      0      0      0
      0      0      0      0      0 134386      0 126413 126413      0
      0      0      0      0      0  48037      0      0      0      0
      0      0      0      0      0  48037      0      0      0      0
      0      0      0      0      0      0 126413 126413 126413  48037
  48037      0      0      0      0      0      0  48037      0  48037
  48037  48037  48037  48037      0  48037  48037      0 134386 134386
      0      0 134386      0      0      0  48037      0      0      0
      0      0  48037  48037      0      0      0      0      0      0
      0      0      0      0      0  48037      0      0  70844      0
      0      0      0  48037  48037      0      0      0      0  48037
  48037      0      0      0 106613 106613 106613      0      0      0
      0      0      0      0      0      0      0      0      0      0
      0      0      0      0      0      0      0      0      0      0
      0      0      0      0      0      0  48037      0      0  48037
      0      0 134386      0      0      0      0      0      0      0
  48037  48037      0      0      0      0      0  48037  48037 134386
 134386 134386 134386 134386 134386 134386      0 134386  48037 134386
 134386      0  48037      0      0      0      0      0      0      0
      0      0      0      0      0      0      0      0      0      0
      0  20235 134386 134386 134386 134386      0      0      0      0
      0      0  16550  48037      0      0      0      0  48037      0
      0      0      0      0      0      0      0      0  48037      0
      0      0      0  48037  48037  75989      0      0  48037]","[152  44  44  44   0 152 152 153 152  86 152   0   6 152 152 152 151 152
 152   0 152 152   0 152   6 152 152 126 152 152 152 152 152 152 152 152
 152 152 152 138 138 152 152   0   0   0 152 152 136 136 136 136 136 136
 152 152 152 152  95 152 152 152 152 152   0 152 152 152 152 152 152   0
 162 152 152 152 152 152 152 152 152 152 152 152   0 152 162 162 152 152
   6 152 152 152 152 152 152 152 152   0 103 103 103 103 103 103 103 103
 103   0 152 103 152 152  43 110   0 152 152 152 152 152 152 118   6  50
  50 152 152 152 152 152 152 152 152 152 152 152 152 152 110 152 152 152
 152  47 152 110 152 152  47  15  92  92  47  15 152  47 152 152  47  47
  92 152 152 152 152 152 152 152 138 138 138 138   0 152 110 128 138 138
 152 109 138 138 138 138 152 152 151 151 151 138 138 138 152 152 152 151
 138 138 138 138 109 109 109 109 109 109 109 109 109 109 109 109 151 151
 109 109   0   0  94  92 151 151  92 151  92  94  94  94  94  94  94  94
 110  94  94  94  94 152 138 138 151 110 110 152  57 152 152 152 138 138
 138 152 152  94  94  94  94  94  94  94  94  94  94  94  94  94 152 110
 152 110 110  94  94  94 151 151  94  94 110  94  94  94  94  94  94  94
  94  94 151 152  94 138 138 138 138 152 152 152 138  94  94  94  94  94
  94  94  94  94  94  94  94  94  94 152 152 152  94  94  94  94 138 138
 138 138 152 152 152 138 138 138 110 110 138 138 110 152 110 152 152 152
 152 152 152 152 103 110 110 110  86  86 110 152 152 110 152  47  47 152
 152 138 138 138 110 152 110 110 110 110 110 110 110 110 110 152 110 110
 110  86 151 151 110 110 151 151  47  47  47 152 152 151 138 138 138 138
 138 152 151 152 152 152 152 152   6 152 152 152 110 110 110 152 110 152
 152 110 152   6   6 138 138 138 152 152 138 138 151 138 151 151 151 151
 138 110 138 152 121 121   0 110 156 110 138 152 152 151 152 152 152 152
 152  43 151 110  84  84  84  43  43  43 152  92  92 138 138 138 138 138
 138 138 138 151 151 138 138 138 138 138 138 138 138 138 138 138 110 138
 152 138 138 152 138 138 152 138 152 138 138 138 138  57 152 152 138 138
  57 138  57 152 152 109 109 109 152 109 109 109 139 109 152 109 152 139
 152  97  97  97  97  97  97  97  97  97  97  97  97  97  97  97  97  97
  97  47 109 152 109 109  97  97 110  57  57  57 145 152  94  94  94 110
 152  57  57 110 110 110 110 110 110 110 152 110 152 152 152 152 152 134
 110 110 152]","[2017 2419 2419 2419    0 2017 2017 3653 2017  165 2017    0 4200 2017
 2017 2017  168 2017 2017    0 2017 2017    0 2017 4200 2017 2017 1609
 2017 2017 2017 2017 2017 2017 2017 2017 2017 2017 2017  516  516 2017
 2017    0    0    0 2017 2017  352  352  352  352  352  352 2017 2017
 2017 2017  789 2017 2017  727  727 2017    0 2017 2017 2017 2017 2017
 2017    0 3586 2017 2017 2017 2017 2017  727 2017 2017 2017 2017 2017
    0 2017 3586 3586 2017 2017 4200 2017 2017 2017 2017 2017 2017 2017
 2017    0  669  669  669  669  669  669  669  669  669    0 3974  669
 2017 2017 1665 1975    0 2017 2017 2017 2017 2017 2017 1026 4200 1244
 1244 2017 2017 2017 2017 2017 2017 2017 2017 2017 2017 2017 2017 2017
 1798  727  727 2017 2017    0 2017 1798 2017 2017    0 4202 2668 2668
    0 4202 2017    0 2017 2017    0    0  313 2017 2017 2017 2017 2017
 2017 2017    0    0    0    0    0 2017 1798 2857    0    0 2017 2326
    0    0    0    0 2017 2017   15   15  168    0    0    0 2017 2017
 2017   15    0    0    0    0 2120 2120 2120 2120 2120 2120 2120 2120
 2120 2120 2120 2120   15   15 2120 2120    0    0  190  313   15   15
  313   15  313  190  190  190  190  190  190  190 2095  190  190  190
  190 2017    0    0   15 1798 1798 2017 1353 2017 2017 2017    0    0
    0 2017 2017  190  190  190  190  190  190  190  190  190  190  190
  190  190 2017  530 2017  530  530  190  190  190   15   15  190  190
 1798  190  190  190  190  190  190  190  190  190   15 2017  190    0
    0    0    0 2017 2017 2017 2546  190  190  190  190  190  190  190
  190  190  190  190  190  190  190 2017 2017 2017  190  190  190  190
    0    0    0    0 2017 2017 2017    0    0    0 2095 2095    0    0
 2095 2017 2095 2017 2017 2017 2017 2017 2017 2017  222 1798 1798 1798
 3482 3482  466 2017 2017  530 2017    0    0 2017 2017    0    0    0
 1798 2017 1798 1798 1798 1798 1798 1798 1798 1798 1798 2017 1798 1798
  466 3094   15   15 1798 1798   15   15    0    0    0 2017 2017   15
    0    0    0    0    0 2017   15 2017 2017 2017 2017 2017 4200 2017
 2017 2017  530  530 1798 2017  530 2017 2017 1798 2017 4200 4200    0
    0    0 2017 2017  516  516  168  516   15   15   15   15    0 1798
    0 2017    0    0    0 1798   77 1798  516 2017 2017   15 2017 2017
 2017 2017 2017 1971 3697 1798 2838 2838 2838 1971 1971 1971 2017  313
  313    0    0    0    0    0    0    0    0   15   15    0    0    0
    0    0    0    0    0    0    0    0 1798 2546 2017 2546 2546 2017
 2546 2546 2017 2546 2017 2546 2546 2546 2546  977 2017 2017 1150 1150
 1703 1150 1703 2017 2017 2326 2326 2326 2017 2326 2326 2326  753 2326
 2017 2326 2017  753 2017 3699 3699 3699 3699 3699 3699 3699 3699 3699
 3699 3699 3699 3699 3699 3699 3699 3699 3699 1964 2326 2017 2326 2326
 3699 3699 1798 1353 1353 1353 3026 2017  190  190  190 1798 2017 1703
 1703 1798 1798 1798 1798  914  914 1798 2017 1798 2017 2017 2017 2017
 2017 1213 1798 1798 2017]","[ 3178     0     0     0     0  3178  3178     0  3178  6203  3178     0
  8864  3178  3178  3178  2329  3178  3178     0  3178  3178     0  3178
 10259  3178  3178  1658  3178  3178  3178  3178  3178  3178  3178  3178
  3178  3178  3178     0     0  3178  3178     0     0     0  3178  3178
     0     0     0     0     0     0  3178  3178  3178  3178     0  3178
  3178     0     0  3178     0  3178  3178  3178  3178  3178  3178     0
     0  3178  3178  3178  3178  3178     0  3178  3178  3178  3178  3178
     0  3178     0     0  3178  3178  7631  3178  3178  3178  3178  3178
  3178  3178  3178     0     0     0     0     0     0     0     0     0
     0     0     0     0  3178  3178     0  2018     0  3178  3178  3178
  3178  3178  3178 11367  8864     0     0  3178  3178  3178  3178  3178
  3178  3178  3178  3178  3178  3178  3178  3178  2265     0     0  3178
  3178     0  3178  2265  3178  3178     0  5921 11654 11654     0  5921
  3178     0  3178  3178     0     0  1066  3178  3178  3178  3178  3178
  3178  3178     0     0     0     0     0  3178  1129     0     0     0
  3178  1819     0     0     0     0  3178  3178  4997  4997  2329     0
     0     0  3178  3178  3178  4997     0     0     0     0  1341  1341
  1341  1341  1341  1341  1341  1341  1341  1341  1341  1341  4997  4997
  1341  1341     0     0     0  1066  4997  4997  1066  4997  1066     0
     0     0     0     0     0     0  5646     0     0     0     0 10765
     0     0  4997 10211 10211  3178     0  3178  3178  3178     0     0
     0  3178  3178     0     0     0     0     0     0     0     0     0
     0     0     0     0 10765  8672 10765  8672  8672     0     0     0
  4997  4997     0     0  1129     0     0     0     0     0     0     0
     0     0  4997  3178     0     0     0     0     0  3178  3178  3178
     0     0     0     0     0     0     0     0     0     0     0     0
     0     0     0  3178  3178  3178     0     0     0     0     0     0
     0     0  3178  3178  3178     0     0     0  5646  5646     0     0
  5646 10765  5646 10765 10611 10611 10611 10611 10611 10611     0  2265
  2265  2265     0     0  1316 10765 10765  8672 10765     0     0 10765
 10765     0     0     0  1129  3178  1129  1129  1129  1129  1129  1129
  1129  1129  1129  3178  1129  1129  1316  2944  4997  4997  1129  1129
  4997  4997     0     0     0  3178  3178  4997     0     0     0     0
     0  3178  4997  3178  3178  3178  3178  3178  8864  3178  3178 10765
  8672  8672  2265 10765  8672 10765 10765  2265  3178  8864  8864     0
     0     0  3178  3178     0     0  2329     0  4997  4997  4997  4997
     0  1129     0  3178     0     0     0  2265  9301  2265     0  3178
  3178  4997 10765 10765 10765  3178  3178  6207  7927  2265  8103  8103
  8103  6207  6207  6207 10765  1066  1066     0     0     0     0     0
     0     0     0  4997  4997     0     0     0     0     0     0     0
     0     0     0     0  2265     0  3178     0     0  3178     0     0
     0     0 10611     0     0     0     0     0  3178  3178     0     0
     0     0     0  3178  3178  9614  9614  9614     0  9614  9614  9614
  9391  9614  3178  9614     0  9391  3178  9928  9928  9928  9928  9928
  9928  9928  9928  9928  9928  9928  9928  9928  9928  9928  9928  9928
  9928     0  9614     0  9614  9614  9928  9928  2265     0     0     0
   887  3178     0     0     0  2265  3178     0     0  2265  2265  2265
  2265  3256  3256  2265  3178  2265 10765 10765 10765  3178  3178 11496
  2265  2265  3178]","[ 64004  43457  43457  43457      0  64004  64004  90835  64004 196531
  64004      0  79054  64004  64004  64004 199688  64004  64004      0
  64004  64004      0  64004 117925  64004  64004      0  64004  64004
  64004  64004  64004  64004  64004  64004  64004  64004  64004  92187
  92187  64004  64004      0      0      0  64004  64004 101856 101856
 101856 101856 101856 101856  64004  64004  64004  64004 205312  64004
  64004      0      0  64004      0  64004  64004  64004  64004  64004
  64004 234791      0  64004  64004  64004  64004  64004      0  64004
  64004  64004  64004  64004      0  64004  83704  83704  64004  64004
 231512  64004  64004  64004  64004  64004  64004  64004  64004      0
 191447 191447 191447 191447 191447 191447 191447 191447 191447      0
 209342 191447  64004  64004 213670  32484      0  64004  64004  64004
  64004  64004  64004  86353  79054  54314  54314  64004  64004  64004
  64004  64004  64004  64004  64004  64004  64004  64004  64004  64004
      0      0      0  64004  64004 185207  64004      0  64004  64004
 185207      0      0      0 185207      0  64004 185207  64004  64004
 185207 185207 229104  64004  64004  64004  64004  64004  64004  64004
  22581  22581  22581  22581      0  64004  82399  28086  22581  22581
  64004 166742  22581  22581  22581  22581  64004  64004  19576  19576
 199688  22581  22581  22581  64004  64004  64004  19576  22581  22581
  22581  22581  44066  44066  44066  44066  44066  44066  44066  44066
  44066  44066  44066  44066  19576  19576  44066  44066      0      0
  81856 229104  19576  19576 229104  19576 229104  81856  81856  81856
  81856  81856  81856  81856 143961  81856  81856  81856  81856  30026
  22581  22581  19576 174217 174217  64004 188331  64004  64004  64004
  22581  22581  22581  64004  64004  81856  81856  81856  81856  81856
  81856  81856  81856  81856  81856  81856  81856  81856  30026 147838
  30026 147838 147838  81856  81856  81856  19576  19576  81856  81856
  82399  81856  81856  81856  81856  81856  81856  81856  81856  81856
  19576  64004  81856  22581  22581  22581  22581  64004  64004  64004
  92187  81856  81856  81856  81856  81856  81856  81856  81856  81856
  81856  81856  81856  81856  81856  64004  64004  64004  81856  81856
  81856  81856  22581  22581  22581  22581  64004  64004  64004  22581
  22581  22581 204115 204115  22581  22581 204115  30026 204115  30026
 137776 137776 137776 137776 137776 137776 219178      0      0      0
   3892   3892 114453  30026  30026 147838  30026 185207 185207  30026
  30026  22581  22581  22581      0  64004  82399  82399  82399  82399
  82399  82399  82399  82399  82399  64004  82399  82399 114453  38680
  19576  19576      0      0  19576  19576 185207 185207 185207  64004
  64004  19576  22581  22581  22581  22581  22581  64004  19576  64004
  64004  64004  64004  64004  79054  64004  64004  30026 147838 147838
      0  30026 147838  30026  30026      0  64004  79054  79054  22581
  22581  22581  64004  64004  92187  92187 199688  92187  19576  19576
  19576  19576  22581  82399  22581  64004 218997 218997 189970      0
      0      0  92187  64004  64004  19576  30026  30026  30026  64004
  64004   9427 193769      0  48010  48010  48010   9427   9427   9427
  30026 229104 229104  22581  22581  22581  22581  22581  22581  22581
  22581  19576  19576  22581  22581  22581  22581  22581  22581  22581
  22581  22581  22581  22581      0  70720  64004  70720  70720  64004
  70720  70720 101619  70720 117925  70720  70720  70720  70720  22581
  64004  64004  29072  29072  29072  29072  29072  64004  64004  69529
  69529  69529 101619  69529  69529  69529 199545  69529  64004  69529
 101619 199545  64004  33027  33027  33027  33027  33027  33027  33027
  33027  33027  33027  33027  33027  33027  33027  33027  33027  33027
  33027 170335  69529 101619  69529  69529  33027  33027      0 188242
 188242 188242 141097  64004  81856  81856  81856      0  64004  29072
  29072      0      0      0      0 223457 223457      0  64004      0
  30026  30026  30026  64004  64004 174218      0      0  64004]","[1772268413 1772268089 1771977876 1771777027 1771690596 1771690589
 1771592731 1771517686 1771517684 1771341365 1771293576 1771293574
 1771210204 1770912628 1770912626 1770813651 1770811557 1770595413
 1770525178 1770525168 1770488416 1770488411 1770383354 1770382030
 1770032068 1770032065 1769948974 1769948970 1769877028 1769388893
 1769098025 1768906520 1768557755 1768474807 1768213807 1768127169
 1767867996 1767867957 1767786129 1767607862 1767408411 1767293775
 1767293762 1767155207 1767128902 1767128897 1766941434 1766941432
 1766645106 1766645103 1766645100 1766587469 1766587394 1766562753
 1766433678 1765939915 1765727661 1765170964 1765094910 1764761513
 1764505377 1764207655 1764207645 1763890711 1763890671 1763380000
 1763076948 1761969471 1761903581 1761540608 1761405169 1761236536
 1761230278 1761220421 1760790172 1760790152 1760759720 1760713135
 1760713130 1760713080 1760713073 1760436399 1760261360 1760260213
 1759593634 1759593629 1759485374 1759485370 1759337067 1759304929
 1759304925 1758989771 1758627821 1758441713 1758441713 1758441691
 1758441665 1758276070 1757596130 1757596107 1757594702 1757594675
 1757237486 1757112741 1757112734 1757112690 1756996134 1756725140
 1756725140 1756725038 1756684498 1756006435 1755858518 1755858337
 1755858331 1755772246 1755772231 1755612175 1755594361 1755594186
 1754895598 1754895597 1754669092 1754630517 1754630470 1754380759
 1754380732 1754376999 1754376497 1754376475 1754376467 1754278824
 1754130619 1754058492 1754043285 1754042880 1753416610 1753416584
 1753416578 1753155769 1752958758 1752942171 1752889913 1752877170
 1752877170 1752877170 1752877143 1752741095 1752560520 1752523261
 1752389007 1752261118 1752261104 1752214834 1751908813 1751908569
 1751906642 1751906557 1751090802 1751090794 1751007498 1751007465
 1751005341 1751005330 1750517463 1750332034 1750255031 1749958116
 1749958063 1749956931 1749924541 1749924529 1749305497 1749283691
 1749283673 1749109306 1748872011 1748671014 1748668765 1748668753
 1748668722 1748668684 1748301170 1748253143 1748253142 1748013655
 1748013636 1747697369 1747697364 1747651366 1747445149 1747381860
 1747381805 1747381796 1747288504 1746784792 1746363813 1746265633
 1745930354 1745837249 1745837234 1745080463 1745071286 1745041989
 1744960623 1744960568 1744187232 1743691123 1743691019 1743053253
 1743053247 1742994159 1742994157 1742622922 1742622918 1741955620
 1741955531 1741939632 1741405656 1741340623 1741093167 1740647247
 1739870107 1739870096 1739866031 1739613847 1739531160 1739173375
 1739173334 1739172196 1738313872 1738313794 1738259290 1738258038
 1738253827 1738253820 1738241202 1738240994 1738238475 1738238456
 1738227690 1738227656 1738197986 1738082250 1738075734 1738075655
 1738059534 1737977373 1737959535 1737959495 1737959431 1737959392
 1737957977 1737957975 1737957670 1737948402 1737913154 1737912888
 1737912879 1737912875 1737912856 1737912790 1737912781 1737912773
 1737912754 1737912574 1737912456 1737912358 1737912264 1737912149
 1737912052 1737912039 1737912029 1737911933 1737911921 1737911914
 1737911801 1737908170 1737908143 1737908108 1737908081 1737908059
 1737907991 1737875968 1737875824 1737875657 1737715257 1735084808
 1733570989 1733310187 1733310104 1733310013 1733309893 1729258636
 1727101514 1727101496 1726888967 1726743671 1726743639 1726145685
 1726145521 1724716028 1724691115 1723367989 1723285126 1723285008
 1723285008 1723284734 1723284612 1723279299 1723279179 1723278904
 1723278783 1723278422 1723278422 1723105037 1723103554 1723041347
 1723041070 1721788243 1721788243 1721703506 1721703506 1721541959
 1721473124 1720278442 1720278353]","[31 14 31 40 40 31 14 40 31 33 40 31 31 40 31 14 31 31 10 31 40 31 31 31
 40 31 40 31 31 31 31 31 31 31 15 33 48 31 31 31 31 15 33 31 40 31 40 31
 31 31 31 15 33 31 31 31 31 72 31 31 31 31 31 48 31 31 31 29 31 31 31 33
 15 31 31 31 31 15 33 15 15 31 31 31 15 33 15 33 33 15 33 31 31 31 31 54
 31 31 31 31 48 31 31 72 31 31 31 31 65 31 31 31 31 72 31 15 33 31 10 31
 31 31 31 48 31 48 31 31 48 31 31 33 33 31 72 31 15 33 31 31 72 33 31 31
 31 31 31 15 15 31 33 15 33 33 10 31 31 31 15 33 31 31 15 33 33 31 31 48
 31 31 15 15 31 48 31 15 31 15 31 31 59 31 31 31 15 15 15 31 31 15 31 31
 51 31 31 31 31 33 31 15 33 31 31 15 31 31 31 10 31 15 33 31 33 10 31 10
 31 31 31 31 31 31 31 31 31 31 31 48 31 31 10 31 31 31 31 31 31 31 31 31
 31 31 31 31 10 31 31 31 10 10 31 31 10 31 31 31 31 10 10 10 10 31 31 31
 31 10 31 10 31 10 31 10 10 31 31 10 31 10 10 10 31 31 31 10 31 31 31 31
 31 31 31 31 31 31 72 31 31 31 31 31 31 31 72 31 31 31 31 31 31 31 31 31
 31 31 31 10 31 10 31 31 31 31 31 31 72 10 31]","[1893833 2684646 5173650 2236609 2236609 2236609 5615719 2236609 2236609
 6052639 4057590 4057590  152178 2236609 2236609 5243837 2507687 5652816
 6020345 6020345 4746573 4746573 2186712 2186712 2554856 2554856  375281
  375281 1453909 6232223 3296286 3296286 3711058 5572112 2920110 1066006
  911278  911278 6094926 5989937 5542100  718443  718443 4786924 4276753
 4276753 4276753 4276753 5925327 5925327 5925327 2276370 2276370 3296286
 6049154 6162919 3941346 4223605 4223605 4786924 3965691 4786924 4786924
 5253934 5253934 4786924 5836223 1228776 1696989 4921142 5815544 1208232
 4597900 6204347  821928  821928 5368749 1466295 1466295 2365125 2365125
 3912233  493602 2215156 6072518 6072518 4290007 4290007 5641443 2997007
 2997007 4311408 3255802 5638928 5638928 5638928 5638928 1922682 5989937
 5989937 5419374 5419374 2435425 3135217 3135217 3135217 4496019 1486447
 1486447 1486447 5672262 3768419 2967864 2967864 2967864 2979082 2979082
  583301 1747681 1747681 6205773 6205773  616019    3970    3970 2967425
 2967425 3995288 1864256 1864256 1864256 3407613 1988863 5064139 5535490
 5535490 1181089 1181089 1181089 2215156 5438023 2754819 5763712 5438023
 5438023 5438023 5438023 5825534 3571588 1682269 1012881 2754819 2754819
 5641443 5805206 5805206 2620812 2620812  871917  871917 3334220 3334220
 2754819 2754819 3407613 3834727 6028966 1987074 1987074  973981 4978622
 4978622   45489 5901952 5901952 5571555 2686708 2313994 3081589 3081589
 3081589 3081589 5282784 4892125 4892125 5905659 5905659  139170  139170
 2737436  671872 4442529 4442529 4442529 2823104 1223128 1790146 1012881
 1643492 5571555 5571555  843665 2553512 5043741  152178  152178 1066006
  906128  906128 2591920 2591920 1904231 1904231 4716099 2306338 6006079
 6006079  716331 4954661 1312243 2176995 2759218 4321473 4321473 4251245
 6198161 1716051 2178699 2178699 4953556  767547  767547 3544227 5667818
 1237976 1237976 3771240 5207317 4847365 1723911 1062003 1066006 3761011
 2971863 5013760 5013760 5754582 3727666 5922234  977392 5922234  977392
 2040448 2040448 6181733 4129327 2997007 1781416   31326  593788 3352781
 1781416   31326  593788 3352781 3410256 3410256 5990471 5990471 1213347
 1213347 3601601 1821479 1821479 3601601 4320107 4320107 4755623 1261984
 4512242 4755623 1261984 4512242 1290798 1290798 5267979 1316518  350434
 1777158 4292631 2910771 3013068 1103480 4692331 5506519 5506519 5558355
 1631711 1631711 1946909 1946909  393817  445587 4736471 3634465 3236773
 6120999 3634465  221108 3677040 6120999 2110604 4184194 4580336 2896849
 2432703 2432703 4400096 4400096 3679997 3679997 5682265 5682265 1735600
 3434761 3870097 3870097]","[255 154 439 316 316 316 656 316 316 651 340 340 185 656 656 651 646 545
 123 123  64  64 255 255 253 253 807 807 545 316 203 604 185 545 211  69
 518 518 802 185  81 551 551 814 316 316 316 316 814 814 814 551 551 203
 551 495 154 656 656 814 630 814 814 196 196 814 694 211 684 326  81  81
 316  91  81  81 588 651 651 790 790 326 326 386 242 242 326 326 651 651
 651 196 316 526 526 526 526 508 185 185 185 185 316 323 323 323 196  81
  81  81 729  64 693 693 693 123 123 246 111 111 595 595 196  91  91 518
 518  91  91  91  91 651 123 700  81  81 203 203 203 386 323 651 551 323
 323 323 323 625  91 319 651 651 651 651 123 123 154 677 651 651 185 185
 651 651 651 693 316 326 326 316 123 123  34  91  91 123  69 123 123 123
 123 123 196 386 386 123 123 386 386 123 518  91  91  91 316 814 185 651
 316 123 123 656 185 185 185 185  69 111 111 367 367 367 367  71  71 428
 428 551 316 455 828 316  81  81  68 318 828 196 196 106 625 625 123 625
  69  69 544 544 106 551 348  69 495 367 246 246 544 544 259 625 259 625
  71  71 488 551 651 246 246 813 202 246 246 813 202 824 824 625 625 123
 123 824 259 259 824 246 246 123 246 625 123 246 625 824 824  71 326 316
 323 688 688 211 162 348 185 185 828 828 828 458 458 326 604 518 348 544
 544 348 544 518 544 316 518 828 154 246 246 246 246 196 196 196 196  91
 217  71  71]","[   0 5254    0    0    0    0    0    0    0    0    0    0    0    0
    0 1076    0    0    0    0    0    0    0    0    0    0    0    0
    0    0    0    0    0    0    0    0    0    0    0    0    0 5732
 5732    0    0    0    0    0    0    0    0 5732 5732    0 5732 5663
 1811    0    0    0 6617    0    0 1694 1694    0    0    0    0 1447
    0    0    0    0    0    0    0    0    0    0    0 2398 6404    0
    0    0 1577 1577    0    0    0 4307    0    0    0    0    0    0
    0    0    0    0    0    0    0    0 4307    0    0    0    0    0
    0    0    0    0    0    0    0    0 1273 1273 2203    0    0    0
    0    0    0    0    0    0    0    0 6107 6107    0    0    0    0
    0    0  281    0    0    0    0 5396    0 1984    0    0    0    0
    0    0 5680    0    0    0    0    0    0    0    0    0    0 2672
 2672    0    0    0    0    0    0    0    0    0    0    0    0    0
 1624    0    0    0    0    0    0    0    0    0    0    0    0    0
    0    0    0    0    0    0    0    0    0    0    0 1464 1464 5237
 5237 5237 5237    0    0    0    0  281    0    0 6168    0 5202 5202
    0    0 6168  604  604 5648    0    0    0 5396    0    0    0    0
 3299  281    0    0 2281 4258    0    0    0    0    0    0    0    0
    0    0    0  281    0 3552    0    0 5832 3552    0    0 5832    0
    0 4054 4054    0    0    0    0    0    0    0    0 2097    0 5396
 2097    0 5396    0    0    0 2136    0    0    0    0    0    0    0
    0    0   -1   -1   -1    0    0 2842    0    0    0    0    0    0
    0    0    0    0    0 2327  535    0    0    0    0 6576 6576 6576
 6576    0 6295    0    0]","[2 2 5 2 2 2 2 2 2 2 2 2 2 2 2 2 2 5 2 2 2 2 5 5 2 2 2 2 5 5 5 5 2 5 2 2 2
 2 2 2 2 2 2 2 2 2 2 2 2 2 2 2 2 5 2 2 2 5 5 2 2 2 2 2 2 2 2 2 2 2 2 2 2 2
 2 2 2 2 2 2 2 2 2 2 2 2 2 2 2 2 2 2 2 2 2 2 2 2 2 2 2 2 2 2 2 2 2 2 2 2 2
 2 2 2 2 2 2 2 2 2 2 2 2 2 2 2 2 2 2 2 2 2 2 2 2 2 2 2 2 2 2 2 2 2 2 2 2 2
 2 2 2 2 2 2 2 2 5 5 2 2 2 2 2 2 2 2 2 2 2 2 2 2 2 2 2 2 2 2 2 2 2 2 2 2 2
 2 2 2 2 2 2 2 2 2 2 2 2 2 2 2 2 1 2 2 2 2 2 2 2 2 2 2 2 2 2 2 2 2 2 2 2 2
 2 2 2 2 2 2 2 2 2 2 2 2 2 2 5 5 5 5 2 2 1 1 1 1 5 2 2 2 2 2 2 2 2 1 2 2 2
 2 2 2 2 2 2 2 2 2 2 2 2 2 2 2 2 2 2 2 2 2 2 2 2 2 2 2 1 5 5 1 1 1 1 5 2 2
 5 5 5 2 2 2 5 5 5 5 5 5 5 5 5 5 5 5 5 2 2 2 2 2 2 2 2 5 2 2 2]","[1 3 1 1 1 1 3 1 1 3 1 1 1 1 1 3 1 1 1 1 1 1 1 1 1 1 1 1 1 1 1 1 1 1 3 3 1
 1 1 1 1 3 3 1 1 1 1 1 1 1 1 3 3 1 1 1 1 1 1 1 1 1 1 1 1 1 1 3 1 1 1 3 3 1
 1 1 1 3 3 3 3 1 1 1 3 3 3 3 3 3 3 1 1 1 1 1 1 1 1 1 1 1 1 1 1 1 1 1 1 1 1
 1 1 1 1 3 3 1 1 1 1 1 1 1 1 1 1 1 1 1 1 3 3 1 1 1 3 3 1 1 1 3 1 1 1 1 1 3
 3 1 3 3 3 3 1 1 1 1 3 3 1 1 3 3 3 1 1 1 1 1 3 3 1 1 1 3 1 3 1 1 1 1 1 1 3
 3 3 1 1 3 1 1 1 1 1 1 1 3 1 3 3 1 1 3 1 1 1 1 1 3 3 1 3 1 1 1 1 1 1 1 1 1
 1 1 1 1 1 1 1 1 1 1 1 1 1 1 1 1 1 1 1 1 1 1 1 1 1 1 1 1 1 1 1 1 1 1 1 1 1
 1 1 1 1 1 1 1 1 1 1 1 1 1 1 1 1 1 1 1 1 1 1 1 1 1 1 1 1 1 1 1 1 1 1 1 1 1
 1 1 1 1 1 1 1 1 1 1 1 1 1 1 1 1 1 1 1 1 1 1 1 1 1 1 1 1 1 1 1]","[  47432  789853  450475  789853  789853  789853  789853  789853  789853
  956826  789853  789853  789853  789853  789853  789853  789853  561216
  789853  789853  789853  789853  760639  760639  789853  789853  789853
  789853  884652  450475  561216  884652  789853  450475  956826  956826
  789853  789853  793384  789853  878081  956826  956826  956826  789853
  789853  789853  789853  956826  956826  956826  956826  956826 1026580
 1038241  167269  789853  330895  330895  956826  789853  956826  956826
  789853  789853  956826  789853  789853  789853   16197  956826  956826
  956826  789853  956826  956826  789853  956826  956826  956826  956826
  789853  789853  793384  956826  956826  956826  956826  956826  956826
  956826  789853  789853  789853  789853  789853  789853 1038241  789853
  789853  789853  789853  789853  789853  789853  789853  789853  956826
  956826  956826  789853  789853  789853  789853  789853  956826  956826
  789853  789853  789853  789853  789853  789853  956826  956826  789853
  789853   47432  789853  789853  789853  956826  956826  793384  789853
  789853  956826  956826  956826  793384  789853  956826  956826  789853
  789853  789853  789853  956826  956826  789853  956826  956826  956826
  956826  789853  789853  474675  474675  956826  956826  789853  789853
  956826  956826  956826  789853  789853  789853  789853  789853  956826
  956826  167269  789853  789853  956826  789853  956826  789853  789853
  789853  789853  789853  956826  956826  956826  956826  956826  956826
  956826  789853  789853  789853  789853  789853  789853  789853  956826
  789853  956826  956826  800590  789853  956826  789853  789853  956826
   47432   47432  956826  956826  956826  956826  789853   47432   47432
   47432   47432  789853  167269  789853   47432  789853  789853 1038241
  789853  789853  789853  789853  789853  956826  956826  956826  956826
  956826  956826  760639  760639  760639  760639  956826  956826  303777
  303777  303777  303777 1063836  956826   16797  592187   16797  592187
  592187  592187   16797  303777  956826   16797   16797   16797   16797
   16797   16797   16797   16797  592187  592187   16797   16797  592187
  592187   16797   16797   16797   16797   16797   16797  592187  592187
  592187  592187  592187  592187   16797   16797   16797  303777  534545
  669849  238758  238758  238758  238758 1063836  789853  789853  733035
  733035  733035  789853  789853  878081  583903  482768  684145  197381
  197381  684145  197381  482768  197381  482768  482768  482768  482768
  789853  789853  789853  789853  789853  789853  789853  789853 1063836
  956826  956826  956826]","[1083 1227  716    0    0    0    0    0    0 1352    0    0  715    0
    0 1352 2288    0 2732 2732    0    0 1083 1083 1872 1872 2287 2287
    0 1706 2420 1203  919    0  806 2502 2070 2070  116  715 1597 2630
 2630 1418    0    0    0    0 1418 1418 1418 2630 2630 2420 2630 2699
   46    0    0 1418 2233 2808 2808 1480 1480 1418  745  906 2685 2366
 1597 1597 1706    0 1597 1597 1306 1352 1352 2577 2577 2366 2366 1915
  316  316 2366 2366 1352 1352 1352 1480    0 2688 2688 2688 2688    0
  715  715 2731 2731    0 2504 2504 2504 1480 1597 1597 1597 2759 2370
 2665 2665 2665 2732 2732  723 1868 1868 1449 1449 1480    0    0 2070
 2070    0    0    0    0 1352 2732 1963  681  681  875  875  875 1915
  314 1352 2630  314  314  314  314 1427    0  517 1352 1352 1352 1352
 2732 2732  453 2119 1352 1352  497  497 1352 1352 1352 1655 1706 2630
 2630 1706 2732 2732 1613    0    0 2732 2502 2732 2732 2732 2732 2732
 1504 1915 1915 2732 2732 1321 1321 2732 2070    0    0    0    0 2808
  497 1352    0 2732 2732    0  715  715  715  715 2502 1868 1868 2331
 2331 2331 2331   97   97 2636 2636 2630 1706  924 2110 1706 2801 2801
 1520 1308 2110 1480 1480 1518 1427 1427 2732 1427 2502 2502    0    0
 1154 2630  191 2502 2699 1039  723  723    0    0 2033 2860 2033 2860
   97   97 2457 2630 1352  723  723    9 2756  723  723    9 2756 2752
 2752 1427 1427 2732 2732 2752 2033 2033 2752  723  723 2732  723 1427
 2732  723 1427 1601 1601   97 1540    0 2504 1883 1883  806    0 2402
  715  715 1421 1421 1421 2073 2073  892  185 2070  191    0    0  191
    0 2070    0    0 2070 2110  990  723  723  723  723 1504 1504 1504
 1504    0  126   97   97]","[      0  592315  372240       0       0       0       0       0       0
   14434       0       0       0       0       0  136269       0       0
  541551  541551       0       0       0       0       0       0  127893
  127893       0  767838       0  202747       0       0       0       0
  393775  393775       0       0   72077  287098  287098       0       0
       0       0       0       0       0       0  287098  287098       0
  287098  544520       0  813586  813586       0       0       0       0
       0       0       0  750783       0       0       0       0       0
       0       0  519566  519566  561409  234342  234342  311403  311403
       0       0       0  320823  320823  291921  291921   14434   14434
   14434       0       0  844329  844329  844329  844329       0       0
       0  637455  637455   18377  527397  527397  527397  502244       0
       0       0  584317  426141   96723   96723   96723  256582  256582
  298251  872937  872937  941128  941128  714007       0       0       0
       0       0       0       0       0   14434  809039       0  734140
  734140       0       0       0       0  819085   14434   55684  819085
  819085  819085  819085   25973  157235   38759   14434   14434   14434
   14434  857812  857812  519003  279868   14434   14434       0       0
   14434   14434   14434  672061       0       0       0  767838  203910
  203910       0       0       0  256582       0  140865  561989  561989
  561989  561989  409888 1050311 1050311  256582  256582  395603  395603
  140865  564503       0       0       0  674623  863548  727341   14434
       0  256582  256582  813586  669456  669456  669456  669456       0
  158994  158994 1043208 1043208 1043208 1043208  597411  597411  655205
  655205  704320  767838       0  726223  767838       0       0       0
       0  726223  521365  521365       0       0       0  294223  587455
       0       0  100854  100854  275122  559335       0       0  899579
  275595  658977  658977  100854  100854  539200  609189  539200  609189
  525103  525103  286391  559335   14434  740180   50958  807280  101012
  740180   50958  807280  101012  382313  382313  382287  382287  224272
  224272  176534  851251  851251  176534  368787  368787  989875 1005469
  587455  989875 1005469  587455  553740  553740  250653  190293       0
   38425  889256       0       0       0  318615  669456  669456  574539
  672909  672909  561989  561989  365140       0       0 1023387  647288
  647288 1023387  647288       0  647288  561305       0  380554       0
  652794  652794 1018001 1018001  968443  968443  968443  968443  539443
  136252  901034  901034]","[7371 7557 9191    0    0    0    0    0    0 7724    0    0 5495    0
    0 7541 1159    0 3960 3960    0    0 7371 4417    0    0  582  582
    0 6252    0 7415 6746    0    0    0 4837 4837    0  489 7628 3487
 3487    0    0    0    0    0    0    0    0 3487 3487    0 3487 2772
 4962    0    0    0 3878    0    0 7459 7459    0 1535    0  379 8158
 7628 7628 6252    0 7628 7628 2367 7724 7724 9020 9020 4870 8158    0
 1789 1789 9603 9603 7724 7724 7724 7459    0    0    0    0    0    0
  489  489 6077 6077    0 4502 4502 4502 7459 8158 8158 8158    0 2996
 5936 5936 5936 3960 3960 8844 3094 3094  543  543 7459    0    0 8280
 8280    0    0    0    0 7724  170 7272 6340 6340    0    0    0    0
 3651 7724 3487 3651 3651 3651 3651 9025    0 6467 7724 7724 7724 7724
 3960 3960 8338    0 7724 7724    0    0 7724 7724 7724 7791 6252  827
  827 6252 3960 3960    0    0    0 3960    0 3960 6534 6534 6534 6534
 8050 1609 1609 3960 3960 7372 7372 3960 8280    0    0    0    0    0
    0 7724    0 3960 3960    0 5495 5495 5495 5495    0  652  652 4080
 4080 4080 4080 7260 7260 7158 7158 3487 6252 3560 1838 6252 3649 3649
    0 5733 1838 3676 3676 3501 1263 1263 3960 9025    0    0    0    0
 6380 3487 7435    0 2772 8246 8844 8844    0    0 6913 5368 6913 5368
 7781 7781    0 3487 7724 2815 8844 1819 6667 2815 8844 1819 6667 9354
 9354 1263 1263  170  170 9354 7718 7718 9354 8844 8844  170 8844 9025
  170 8844 9025 1976 1976 9307 5996    0 4273 6328 1481    0    0  583
 5495 5495   -1   -1   -1 6857 6857 3321 8341 8280 6788    0    0 6788
    0 8280    0    0 8280 1838 4379 8844 8844 8844 8844 8504 8504 8504
 8504    0 2632 9307 9307]","[ 17577871  86943785 106950898  86708461   6184931   6184931 100741169
  10778285  10778285 115311592  54030784  54030784  90201850  77175469
  77175469  56758590  92096608  91397994  68701360  68701360   5356963
   5356963  87897065  94941499  34072346  34072346  62062059  62062059
 235752509  77781418  15915521  32317017  11269599 100742939  20800720
   7421823  28584066  28584066  88965009  86542413   1177163  37320917
  37320917 106276716  61483701  61483701  71139721  71139721  19445515
  19445515  19445515  37459743  37459743  57374805  55881514  78952250
  13752333 265373784 265373784  17638138  37206816 105305720 105305720
  70210846  70210846  62926455  85713076 179224651  85634797  48728074
 101005137  21253128  93384676  21423648 105236332 105236332 105735063
   5077040   5077040  46981333  46981333  57316416  40872558  89976042
  90983539  90983539  51334833  51334833 100885584  95326119  95326119
  86476720  31085837  46086979  46086979  46086979  46086979  18901499
  81502833  81502833  39035925  39035925   9304582  74239583  74239583
  74239583  71324311 105026195 105026195 105026195  23053428  49476737
  85939346  85939346  85939346   1415525   1415525 107394071  59860550
  59860550  78624102  78624102  16436203  39931403  39931403  44262102
  44262102  40012184  55106767  55106767  55106767 177495122  76156167
  76540231  51066324  51066324   4662535   4662535   4662535  89976042
  22776086  96328835   7646862  22776086  22776086  22776086  22776086
  80329833  48536226 101957891  65238187  29785800  29785800  95719215
  83734649  83734649  97781925  79030311  70204618  70204618   1786456
   1786456  20867612  20867612  99274942  97379297  97159436  94676384
  94676384   9383597  71722214  71722214  58415307  18268843  18268843
  33693147   1673429  68663149  88360417  88360417  88360417  88360417
  59109056  95024618  95024618  62025237  62025237  82069426  82069426
  86531008  15680591  87565837  87565837  87565837  91298308  82956531
  76955132  96605465  32718146  33693147  33693147 232881988  54293269
  82513937  62768816  62768816   7421823  67437773  67437773  65495173
  65495173  32752398  32752398  79708599  90991826 101652677 101652677
  38786711  85650715  46456882  26049996 118602707  60459346  60459346
  28804399 119399574   8269062 234096640 234096640 101774533  30702950
  30702950 107262762 103919270  99048995  99048995  23450792 255824508
  80315197 100309229  85221597   7421823 126783556 104216547  97638892
  97638892 126660420  35408303  61156406  88422471  61156406  88422471
  30596144  30596144 101019965  11783902 139403187  80716048  83703501
 267252190   2736375  80716048  83703501 267252190   2736375  72893750
  72893750  91983598  91983598 106075818 106075818 108439048  99197552
  99197552 108439048   2849096   2849096  57155291  34327465   8114191
  57155291  34327465   8114191  49482379  49482379  80876141 219013320
 196052326 141431480  37775528   1144642  94344715 100607076  33324256
 101241704 101241704  79167588 108763368 108763368  35331891  35331891
  20120579  93304381 106868975  98436014 245807341  81304637  98436014
  11748924  96225490  81304637 103514950  13976699  64046078 104802222
  81968482  81968482  16341996  16341996  99667279  99667279  24140442
  24140442  17037386  84297179  49163373  49163373]",[3 3 3 ... 3 3 3],[882   0   0 ... 378 368   0],[2565    0    0 ... 1531  706    0],[ 6835     0     0 ...     0 11087     0],[994   0   0 ...   0   0   0],[     0      0      0 ...      0      0 258437],[124872 118817 118817 ...      0 496676 538685],[465 306 566 ...   0 548 102],[13 13 12 ... 10  2 10],[1772724540 1772720100 1772720040 ... 1770448980 1770448140 1770448080]
6605120,118873845,1,1772725110,1772725096,1,1216.0,600.0,[209 153],66.0,1.0,1.0,56.0,156.0,502.0,,19.0,257.0,120.0,2.0,10.0,[2],[4 9],[15 27],[42 40],[ 89 163],[891 155 761],[11],2.0,,[0 9 9 2 2 8 2 3 3 8],[0 9 2 5 4 3 3 2 4 9],[0 4 9 3 5 4 6 9 5 2],,10.0,,,,,,,,,,,,,,,,,"[ 0.10403807  0.0208376   0.09579998  0.04883918 -0.0387419   0.00329563
 -0.00742723  0.09913771 -0.05528866  0.09963448 -0.01327805  0.03965587
 -0.05838297 -0.06032915  0.12114934 -0.0311691  -0.00262015  0.01616755
  0.00961712 -0.07580633  0.02130605 -0.06044502  0.01938942  0.09995286
 -0.11877279 -0.04015579 -0.10774572  0.00730714  0.07753392 -0.04524308
 -0.09732344  0.140609    0.05344301  0.04226053  0.11912391  0.1136296
 -0.11040364  0.00335808 -0.03787884  0.07359313 -0.01265132 -0.08552743
  0.03705053  0.02601764 -0.00089252 -0.04080438 -0.06337582  0.03636597
 -0.12096533  0.09301414  0.02286632  0.00250798  0.05203683 -0.01757385
  0.01437762  0.03096556  0.07855159  0.06737436 -0.03721157  0.10172036
  0.02900446  0.00825053 -0.13558786 -0.08257338 -0.00375361 -0.05196135
  0.09962967  0.03998596 -0.1207155   0.10923314 -0.03079375  0.01750374
 -0.09854209  0.09619012 -0.0767423   0.11589323  0.08581038  0.06513078
  0.02701086 -0.07075644 -0.07912575 -0.01281149  0.05775291 -0.00715209
  0.0500365  -0.09568602  0.0283745  -0.10457128  0.05009729  0.1233988
  0.03336358  0.04336872  0.01159076 -0.04935474 -0.01306888 -0.03753373
  0.00281598 -0.02969023 -0.03030513 -0.00629321 -0.12311112 -0.08350904
 -0.04590163 -0.00553795  0.03147153 -0.06294653 -0.03590954 -0.00151663
  0.03586372 -0.08397172  0.06211624 -0.03011636  0.07725031  0.12763304
 -0.09183136  0.0361573  -0.02166968  0.00524031 -0.00828812  0.0880447
 -0.0090868  -0.02895006 -0.02171504  0.09171267 -0.07337929 -0.08926748
 -0.03553168  0.00093524  0.03116611  0.01052056  0.05311889  0.0483879
 -0.03956734 -0.08015985 -0.07345694 -0.07274275  0.02267983 -0.00881326
 -0.04498584 -0.01922143 -0.06510372 -0.01980358 -0.05248463  0.06846585
 -0.00253849 -0.02566081  0.0052557  -0.00233112  0.02957275  0.01188486
  0.09626881 -0.02843742  0.03778755 -0.0583216  -0.03394311 -0.0142334
  0.03148598 -0.00014643 -0.06944469 -0.01417889  0.0548066   0.03789712
 -0.11259726 -0.03767097 -0.01738502 -0.03193149 -0.12656832 -0.07705801
  0.0781908  -0.12148196  0.06808723  0.00496725 -0.01103679 -0.01197417
  0.02698149  0.02716071  0.03797406 -0.12439632 -0.09065837 -0.03920266
 -0.02770121  0.03648374  0.08860508  0.09445572 -0.14573565 -0.02021246
 -0.0091315  -0.00539184  0.05384009  0.00075969 -0.10717563  0.08313596
  0.00140309  0.0500073   0.10582583 -0.12150718 -0.03319692  0.04457455
  0.02142423 -0.08638755  0.01720655 -0.07992893 -0.01878546  0.08016488
 -0.0062668   0.02135737  0.11724494  0.0036915  -0.05748276 -0.09094319
  0.03151697 -0.09806383  0.00251232 -0.10872294  0.02933297  0.0653865
  0.04060853 -0.07508268  0.05909666  0.00995001 -0.0407258  -0.04799456
  0.03453333  0.03821252 -0.05005229 -0.06226487  0.08616567 -0.01661961
 -0.01070363  0.1276608  -0.03449265  0.01134978  0.08757677 -0.0293225
  0.01668713 -0.01312357 -0.00116326 -0.04729201 -0.00053527 -0.03548858
 -0.06216416  0.02063574 -0.03779764  0.04981636  0.05403459 -0.04203609
 -0.02879631 -0.01069054 -0.02366856  0.04389606 -0.00371843 -0.10132128
 -0.03672871 -0.1085296  -0.0259955  -0.01026775]",[412669.  115721.5],[412669.  115721.5],[3.67352e+05 4.20000e+01],[3.67352e+05 4.20000e+01],[4.12669e+05 2.31401e+05 4.20000e+01],"[ 0.0285  0.1    -0.1286  0.0177  0.3543  0.0988  0.1722  0.1176 -0.0162
 -0.0711 -0.0824 -0.0939 -0.1977 -0.0294 -0.226  -0.0878  0.3728  0.2336
 -0.2399 -0.1179  0.2016 -0.0724 -0.1537 -0.3773  0.0824  0.1617 -0.3564
 -0.0712 -0.1039  0.005   0.053   0.1353  0.      0.      0.      0.
  0.      0.      0.      0.      0.      0.      0.      0.      0.
  0.      0.      0.      0.      0.      0.      0.      0.      0.
  0.      0.      0.      0.      0.      0.      0.      0.      0.
  0.      0.      0.      0.      0.      0.      0.      0.      0.
  0.      0.      0.      0.      0.      0.      0.      0.      0.
  0.      0.      0.      0.      0.      0.      0.      0.      0.
  0.      0.      0.      0.      0.      0.      0.      0.      0.
  0.      0.      0.      0.      0.      0.      0.      0.      0.
  0.      0.      0.      0.      0.      0.      0.      0.      0.
  0.      0.      0.      0.      0.      0.      0.      0.      0.
  0.      0.      0.      0.      0.      0.      0.      0.      0.
  0.      0.      0.      0.      0.      0.      0.      0.      0.
  0.      0.      0.      0.      0.      0.      0.      0.      0.
  0.      0.      0.      0.      0.      0.      0.      0.      0.
  0.      0.      0.      0.      0.      0.      0.      0.      0.
  0.      0.      0.      0.      0.      0.      0.      0.      0.
  0.      0.      0.      0.      0.      0.      0.      0.      0.
  0.      0.      0.      0.      0.      0.      0.      0.      0.
  0.      0.      0.      0.      0.      0.      0.      0.      0.
  0.      0.      0.      0.      0.      0.      0.      0.      0.
  0.      0.      0.      0.      0.      0.      0.      0.      0.
  0.      0.      0.      0.      0.      0.      0.      0.      0.
  0.      0.      0.      0.      0.      0.      0.      0.      0.
  0.      0.      0.      0.      0.      0.      0.      0.      0.
  0.      0.      0.      0.      0.      0.      0.      0.      0.
  0.      0.      0.      0.      0.      0.      0.      0.      0.
  0.      0.      0.      0.      0.      0.      0.      0.      0.
  0.      0.      0.      0.      0.      0.      0.      0.      0.
  0.      0.      0.      0.      0.      0.      0.      0.      0.
  0.      0.      0.      0.      0.      0.      0.      0.      0.
  0.      0.      0.      0.      0.      0.      0.      0.      0.
  0.      0.      0.      0.      0.    ]","[-0.011  -0.3455 -0.3951  0.3824  0.7286 -0.1449 -0.1539 -0.0487 -0.0107
 -0.002 ]","[-0.0111 -0.344  -0.4032  0.3516  0.7441 -0.1375 -0.1434 -0.0449 -0.0103
 -0.0021]","[-0.0052 -0.2355 -0.0635  0.8733  0.1053 -0.2402 -0.3117 -0.1078 -0.0138
 -0.0009]",81.0,300.0,0.0,0.0,37.0,114.0,,0.0,6.0,15564.0,0.0,,,,"[     0      0      0      0      0      0      0      0      0      0
 572544 439445      0      0      0      0      0      0 582266      0
      0      0      0      0      0      0      0      0      0      0
      0      0      0      0      0      0      0      0      0      0
      0      0      0      0      0      0      0      0      0      0
      0      0      0      0      0      0      0      0      0      0
      0      0      0      0      0      0      0      0      0      0
      0      0      0      0      0      0      0      0]","[1772214878 1771959060 1771958340 1771958040 1771957980 1771957740
 1771957500 1771957440 1771957200 1771301082 1771135097 1770819344
 1769766540 1769766480 1769766300 1769766180 1769766120 1769765640
 1769765435 1769765425 1769765395 1769764914 1769764613 1769581920
 1769581800 1769581740 1769445000 1769096340 1768267380 1768267200
 1768266960 1768266840 1767453120 1767256691 1767254430 1767251354
 1767237471 1767232271 1767018960 1767018720 1767018660 1766824920
 1766743180 1766457180 1766072220 1766070660 1766070600 1766070540
 1765200540 1765023543 1764930180 1764841380 1764749954 1764745380
 1764745320 1764701698 1764620401 1764504421 1764380750 1764343080
 1764289560 1763861460 1763598900 1763598840 1763441990 1763122060
 1762165200 1762164900 1762159260 1762103834 1761553077 1761472030
 1761221965 1761043458 1760850180 1760151050 1759640259 1759633505]","[ 7  2  2  2  2  2  2  2  2  7  7  7  2  2  2  2  2  2  7  7  7  7  7  2
  2  2  2  2  2  2  2  2  2  0  0  0  0  0  2  2  2  2  7  2  2  2  2  2
  2  7  2  2  1  2  2  1  1  1  7  2  2  2  2  2  1  1  2  2  2  0  1 10
  1  1  2  1  1  1]","[11  6  6  6  6  6  6  6  6 11 11 11  6  6  6  6  6  6 11 11 11 11 11  6
  6  6  6  6  6  6  6  6  6  4  4  4  4  4  6  6  6  6 11  6  6  6  6  6
  6 11  6  6  4  6  6  4  4  4 11  6  6  6  6  6  4  4  6  6  6  4  4  4
  4  4  6  4  4  4]","[  24   24   24   24   24   24   24   24   24  560    0   38  149  149
  149  149  149  149  533  533  533  533  533   24   24   24  149  149
  559  559  840  840   24  336   24  499 1008  257  149  149  149  149
  800  149  149  840  149  149  840  705  149  149    0  149  149    0
    0    0  762  149  187  840  149  149    0    0  149  149  149  187
    0  187    0    0  149    0    0    0]","[2009 2009 1332 1332 1332 1332 1332 1332 1332 1549    0    0    0    0
    0    0    0    0 2556 2556 2556 2556 2556 1332 1332 1332    0    0
    0    0  555  555 1332 1398    0    0    0    0    0    0    0    0
 2017    0    0 2046    0    0 2415   17    0    0    0    0    0    0
    0    0  717    0 2476  555    0    0    0    0    0    0    0   99
    0   99    0    0    0    0    0    0]","[    0  4029     0     0     0     0     0     0     0 13196     0     0
     0     0     0     0     0     0     0     0     0     0     0     0
     0     0     0     0     0     0  8829  8829     0     0     0     0
     0     0     0     0     0     0  3767     0     0  9579     0     0
   938 12608     0     0     0     0     0     0     0     0  9586     0
  2034  5395     0     0     0     0     0     0     0  6020     0  6020
     0     0     0     0     0     0]","[   0    0    0    0    0    0    0    0    0    0    0    0    0    0
    0    0    0    0    0    0    0    0    0    0    0    0    0    0
    0    0    0    0    0    0    0    0    0    0    0    0    0    0
    0    0    0    0    0    0    0 3123    0    0    0    0    0    0
    0    0    0    0    0    0    0    0    0    0    0    0    0    0
    0    0    0    0    0    0    0    0]","[ 0  1  2 16  2  2 12  2  2  0  0  0  1 14  1 14 14  1  0  0  0  0  0  1
 14  1 16 12  1 14  1  1  1  0  0  0  0  0  1 16 16 14  0  1 12  1 14  1
  1  0 16 12  0  1 16  0  0  0  0  1 14 12 14  1  0  0  1  1  1  0  0  0
  0  0  1  0  0  0]","[1772610405 1772517407 1772517326 1772459400 1771958849 1771639307
 1771293830 1769096257 1768963446 1768963314 1768963244 1767017326
 1766958907 1764400960 1764400943 1764400924 1764400865 1764354732
 1764354650 1764354502 1764292331 1762416802 1762269199 1762165200
 1762164900 1762159320 1762159260 1762159209 1762159147 1761992645
 1761842580 1761302628]","[ 6  6  6  3  6  6  6 24  6  6  6 24  6  6  6  6  6  6  6  6  6  6  6 19
 19 19 19 24 24  6 19  6]","[ 60465597  48883186  51145904 142487660  24096816  55063428  26343593
  55720269  24837831  45743147   6839497  12533351  61284627  83961032
  83961032  41294239  28746242  44722385  20661568  18176107  27987280
  75006092  74761057   3922986   3922986   3922986   3922986  16416152
  12330924  42472236   3922986   3408542]","[  0   0 555   0   0   0   0 246 449 249   0 246 249 653 653 653 653 472
 249 726 249 367 249 385 385 385 385 246 107 555 385 619]","[   0    0 1341    0    0    0    0  581 2206 1381    0  391  760 1848
 1848 1848 1848 1677    0  726 1381  652 1624    0    0    0    0  581
 1785 1996    0 1754]","[   0    0    0    0    0    0    0 9182    0  762    0 8092 8560 3386
 3386 3386 3386 5273    0    0  762    0    0    0    0    0    0 9752
 6538    0    0 7679]","[   0    0    0    0    0    0    0 2513    0    0    0 3259    0    0
    0    0    0    0    0    0    0    0    0    0    0    0    0 4400
    0    0    0    0]","[     0      0      0      0      0      0      0 277460      0      0
      0      0      0      0      0      0      0      0      0      0
      0      0      0      0      0      0      0 250537      0      0
      0      0]","[ 0  0 15  0  0  0  0  0 11 15  0  0 15 29 29 29 29 26 15 15 15 15 15 15
 15 15 15  0  0 15 15 26]","[   0    0    0    0    0    0    0 8037    0    0    0   -1    0    0
    0    0    0    0    0    0    0    0    0    0    0    0    0   -1
   -1    0    0    0]","[  0  26   0   0   0  51  51   0  65  41  87   0  26  92  92  92  92  97
  86 156  41  50  87 110 110 110 110   0   0 152 110 161]","[   0 1858    0    0    0 1186 1186    0 2384 2818  269    0 1858 1005
 1005 1005 1005 3699 3124 3049 3446 1049 2669 1798 1798 1798 1798    0
    0 2447 1798 3510]","[    0  8557     0     0     0 10005 10005     0     0     0     0     0
 11546 11269 11269  3301  3301  3630  9956  3893     0  8870     0  2265
  2265  2265  2265     0     0 11559  2265  4037]","[158202 139509 114613      0      0      0      0      0 236696 240232
      0      0      0 175598 175598 226988   6569 117668      0 215857
      0 109679 179284      0      0      0      0      0      0      0
      0 119943]","[1772260759 1772210329 1772210293 1771959406 1771958907 1771957653
 1771957459 1771956925 1771698098 1771696374 1771381976 1771381954
 1771381947 1771381940 1771334916 1771307772 1771208302 1770734513
 1769581586 1767453029 1767161637 1765789506 1765789482 1764745210
 1764442270 1762988224 1762504050 1762504043 1762503465 1761574225
 1760239087 1760185586 1760185586 1759819425 1759805327 1759563995
 1759563828 1759563824 1759563816 1759458291 1759323263 1759323262
 1759323256 1759045134 1758998513 1758960640 1758959618 1758959592
 1758370019 1757931428 1757931412 1757853389 1757815924 1757793047
 1757777646 1757765152 1757764790 1757764494 1757764263 1756728269
 1756280691 1756215139 1756102705 1755430499 1754481651 1754143465
 1754143465 1754143465 1754143453 1754143443 1753802912 1753715995
 1753275020 1752115339 1751626761 1750598448 1750598448 1747362880
 1738206035 1738116603 1734308688 1723471073 1720362165]","[31 31 31 31 31 31 31 31 31 31 36 36 36 31 31 31 31 31 31 31 31 62 31 31
 31 31 31 31 31 29 31 31 31 31 31 31 31 31 31 31 31 31 31 31 31 31 31 31
 31 31 31 31 31 31 31 31 31 31 31 31 31 31 29 31 36 31 31 31 10 31 31 31
 31 31 31 31 31 36 31 31 31 31 31]","[1991762  263470  263470  289133 1046392 5698950 5698950 5698950 2486889
 3975216 5716330 1902690 2611641 2611641 1902690 6199111  526670 5023660
 5821891 1610388 3975216  719435  719435 1696376 5571705 3082609 1110730
 1110730 3799442 1996081 2975722 1829873 1829873 6106034  853779  299102
  299102  299102  299102 5100895 5642850 5642850 5642850 5954160 2555518
 5954160 5954160 5954160 1193801 4411620 4411620  299102 3102562  299102
 3162449  299102  299102  299102  299102 5729545 2279645 5307677   99336
  923552 6008570 2353151 2353151 2353151 2353151 2353151 3427039 2416885
 1555245  679811 5605371  906564  906564 1320927  453370 4788323 4452718
  404222 3421517]","[ 69  42  42 386  42  42  42  42  42  42  42  56  81  81  56  42 154 724
  42  42  42 226 226 386 316 517  42  42  42 604 627  42  42  42  42  42
  42  42  42 386  42  42  42  42  42  42  42  42 598  42  42  42  42  42
  42  42  42  42  42 439 462 323 810 842  69 323 323 323 323 323 773 323
  42  91   4 323 323 211 773 773 773 517 439]","[   0    0    0 1768    0    0    0    0    0    0    0    0    0    0
    0    0    0    0    0    0    0    0    0 1768    0    0    0    0
    0    0    0    0    0    0    0    0    0    0    0 1111    0    0
    0    0    0    0    0    0    0    0    0    0    0    0    0    0
    0    0    0    0    0    0    0    0    0    0    0    0    0    0
    0    0    0    0    0    0    0    0    0    0    0 2726    0]","[2 2 2 2 2 2 2 2 2 2 2 2 2 2 2 2 2 2 2 2 2 2 2 2 2 2 2 2 2 2 2 2 2 2 2 2 2
 2 2 2 2 2 2 2 2 2 2 2 2 2 2 2 2 2 2 2 2 2 2 2 2 2 2 2 2 2 2 2 2 2 2 2 2 2
 2 2 2 2 2 2 2 1 2]","[1 1 1 1 1 1 1 1 1 1 3 3 3 1 1 1 1 1 1 1 1 1 1 1 1 1 1 1 1 3 1 1 1 1 1 1 1
 1 1 1 1 1 1 1 1 1 1 1 1 1 1 1 1 1 1 1 1 1 1 1 1 1 3 1 3 1 1 1 1 1 1 1 1 1
 1 1 1 3 1 1 1 1 1]","[  47432  789853  789853  789853  619551  956826  956826  956826  789853
  789853  956826  956826  956826  956826  956826  789853   47432  789853
  789853  789853  789853  789853  789853  789853   47432   47432  789853
  789853  789853   47432  789853  956826  956826  789853  789853  789853
  789853  789853  789853  789853  789853  789853  789853  956826  789853
  789853  789853  789853  789853  789853  789853  789853  789853  789853
  789853  789853  789853  789853  789853  789853  789853  789853   47432
   47432  956826  789853  789853  789853  789853  789853  789853  445449
  956826 1038241  789853  789853  789853  956826  789853  789853  789853
 1139226  789853]","[2502  818  818 1325  668  668  668  668  668  668  668  464 1597 1597
  464  668 1123    0  293  668  668    0    0 1325  395 1024  668  668
  821  185 2614  668  668  293  818  668  668  668  668 1670  293  293
  293  293  293  293  293  293 2362  293  293  668  818  668  668  668
  668  668  668  716 1142  314 2697 2231 2502 1593 1593 1593 1593 1593
 1409  314  668    0 2629  541  541 2396 1409 1409 1409  999 1737]","[      0       0       0       0       0       0       0       0       0
       0       0  510941  519566  519566 1013489       0 1025713       0
       0       0       0       0       0  515369  606473       0       0
       0       0       0       0       0       0       0       0       0
       0       0       0       0       0       0       0       0       0
       0       0       0       0       0       0       0       0       0
       0       0       0       0       0  784992       0  989166       0
       0       0  991693  991693  991693  991693  991693       0  845005
       0       0       0  149553  149553       0       0       0       0
  470722  243593]","[   0 9517 9517 1351 1967 1967 1967 1967 2819 7302 7302 4795 7628 7628
 4795 7302 3619    0    0 1967 7302    0    0 1351 1656 1902 1967 1967
 8384 3822 8865 1967 1967    0 5577 8047 8047 8047 8047 7242    0    0
    0    0    0    0    0    0 7444    0    0 8047 1473 8047 4969 8047
 8047 8047 8047 3459 9246 3651    0 8175    0 5775 5775 5775 5775 5775
 7858 2579 7302    0 4826 7061 7061    0 7858 7858 7858 2773 8082]","[ 35768999  16394952  16394952  99518126  41495723  80244275  80244275
  80244275 101092515    279192 101234873  35591038  94773161  94773161
  76106604   5091045  41293112  27142248  49539830  81061975  41799171
 108948898 108948898 101239968  83704246  15501259   1519855   1519855
   3229518  18585425  44274621  43453314  43453314  42002123  59759906
  36592545  36592545  36592545  36592545 107836129  98442062  98442062
  98442062 126600532 214337375  38886039  38886039  38886039  73588433
  67379824  67379824   6000335  99472484 116405771  18099297  11647338
  24577078  24577078  24577078  21013586  56144821 108384663  91817095
  57344313  30413578  27825712  27825712  27825712  27825712  27825712
  31407713   2952728    899332  73337423   8518702  51331450  51331450
  26866989  22466773 102715181  52237863  86815479  76864626]",[3 3 3 ... 3 3 3],[678 882 506 ... 422 378 368],[1291 2131 2277 ... 2184 3070 3413],[    0     0  3074 ... 10835  1437  1866],[0 0 0 ... 0 0 0],[0 0 0 ... 0 0 0],[195403 508690 234342 ... 298810 429828 569629],[548 548 231 ... 465 548 465],[11 14 14 ... 13  2 10],[1772724780 1772724780 1772724780 ... 1769820960 1769820900 1769820900]
